TransactionID,TransactionDate,TransactionAmt,ProductCD,card4,card6,P_emaildomain,DeviceType,Currency
9000707,2025-01-01 00:54:38,384.63,S,mastercard,debit,gmail.com,,MAD
9002316,2025-01-01 02:29:27,753.48,W,visa,credit,outlook.com,mobile,MAD
9002442,2025-01-01 06:48:09,179.11,C,visa,debit,gmail.com,,MAD
9002259,2025-01-01 06:49:41,327.91,W,visa,credit,gmail.com,,MAD
9000303,2025-01-01 06:50:32,694.33,C,discover,debit,protonmail.com,desktop,MAD
9004393,2025-01-01 06:50:54,635.84,W,mastercard,debit,gmail.com,,MAD
9000901,2025-01-01 06:58:08,615.45,W,mastercard,debit,hotmail.com,mobile,MAD
9001682,2025-01-01 08:09:49,830.03,W,mastercard,debit,hotmail.com,mobile,MAD
9001294,2025-01-01 08:15:20,229.57,C,visa,credit,gmail.com,mobile,MAD
9004885,2025-01-01 08:35:19,326.96,H,visa,debit,gmail.com,,MAD
9004788,2025-01-01 08:53:51,167.82,R,visa,debit,yahoo.fr,mobile,MAD
9004055,2025-01-01 09:02:13,285.58,W,visa,credit,outlook.com,mobile,MAD
9000381,2025-01-01 09:02:41,567.49,C,american express,credit,gmail.com,desktop,MAD
9004104,2025-01-01 09:06:54,202.92,S,mastercard,credit,gmail.com,desktop,MAD
9004689,2025-01-01 09:31:07,64.74,H,visa,debit,gmail.com,,MAD
9000465,2025-01-01 10:08:59,1067.97,W,mastercard,debit,menara.ma,mobile,MAD
9001237,2025-01-01 10:14:16,226.53,W,mastercard,credit,hotmail.com,mobile,MAD
9004361,2025-01-01 10:32:31,619.39,W,mastercard,debit,gmail.com,,MAD
9002628,2025-01-01 10:57:45,631.65,W,visa,debit,hotmail.com,,MAD
9001070,2025-01-01 11:00:03,807.41,W,mastercard,credit,hotmail.com,desktop,MAD
9004598,2025-01-01 11:03:29,75.24,W,visa,debit,outlook.com,mobile,MAD
9001763,2025-01-01 11:07:36,122.25,W,mastercard,credit,hotmail.com,mobile,MAD
9002789,2025-01-01 11:11:54,533.36,H,visa,debit,gmail.com,mobile,MAD
9000839,2025-01-01 11:18:44,368.88,W,visa,debit,hotmail.com,mobile,MAD
9004627,2025-01-01 11:39:03,417.75,H,visa,credit,gmail.com,desktop,MAD
9003799,2025-01-01 11:57:20,943.54,W,visa,credit,yahoo.fr,mobile,MAD
9001190,2025-01-01 12:02:40,519.16,W,visa,credit,outlook.com,mobile,MAD
9001624,2025-01-01 12:18:58,280.13,C,mastercard,debit,hotmail.com,desktop,MAD
9003822,2025-01-01 12:20:32,505.5,R,mastercard,debit,gmail.com,mobile,MAD
9001996,2025-01-01 12:54:51,269.89,H,visa,debit,outlook.com,mobile,MAD
9001532,2025-01-01 12:57:52,320.68,W,visa,debit,outlook.com,,MAD
9001482,2025-01-01 13:03:32,138.54,C,visa,debit,gmail.com,mobile,MAD
9001488,2025-01-01 13:21:52,316.47,R,mastercard,debit,gmail.com,mobile,MAD
9000790,2025-01-01 13:23:00,139.95,W,mastercard,credit,gmail.com,desktop,MAD
9003674,2025-01-01 13:25:14,1453.66,W,visa,credit,gmail.com,mobile,MAD
9000889,2025-01-01 13:30:25,388.14,W,visa,debit,outlook.com,mobile,MAD
9002202,2025-01-01 13:32:10,90.92,H,visa,debit,gmail.com,mobile,MAD
9003725,2025-01-01 14:01:37,456.16,R,visa,debit,hotmail.com,,MAD
9003904,2025-01-01 14:15:02,900.73,W,visa,debit,hotmail.com,,MAD
9002401,2025-01-01 14:25:28,126.35,C,visa,debit,outlook.com,mobile,MAD
9000845,2025-01-01 14:51:15,600.17,W,mastercard,credit,yahoo.fr,mobile,MAD
9004230,2025-01-01 15:03:06,299.01,W,visa,debit,gmail.com,mobile,MAD
9001949,2025-01-01 15:09:17,237.52,W,visa,debit,gmail.com,,MAD
9001739,2025-01-01 15:18:40,449.68,W,visa,credit,hotmail.com,mobile,MAD
9000410,2025-01-01 15:25:38,391.24,W,american express,debit,gmail.com,desktop,MAD
9001807,2025-01-01 15:31:12,354.88,C,visa,debit,hotmail.com,mobile,MAD
9004691,2025-01-01 15:34:08,198.64,R,mastercard,debit,gmail.com,mobile,MAD
9003399,2025-01-01 15:44:20,443.46,C,visa,credit,hotmail.com,,MAD
9003191,2025-01-01 15:49:22,697.77,W,visa,debit,gmail.com,mobile,MAD
9001409,2025-01-01 15:54:23,192.99,W,mastercard,debit,gmail.com,mobile,MAD
9001121,2025-01-01 16:05:52,557.61,R,visa,debit,menara.ma,mobile,MAD
9002443,2025-01-01 16:17:26,754.07,W,visa,debit,outlook.com,mobile,MAD
9001038,2025-01-01 16:19:51,468.32,W,mastercard,credit,gmail.com,,MAD
9004768,2025-01-01 16:20:45,443.19,W,mastercard,debit,outlook.com,mobile,MAD
9003136,2025-01-01 17:35:46,249.07,S,mastercard,credit,menara.ma,mobile,MAD
9000773,2025-01-01 17:47:31,612.73,W,visa,credit,gmail.com,mobile,MAD
9000846,2025-01-01 17:48:49,340.65,R,visa,credit,hotmail.com,mobile,MAD
9004131,2025-01-01 17:59:40,155.48,R,visa,debit,gmail.com,desktop,MAD
9004111,2025-01-01 18:04:07,2224.04,S,visa,debit,gmail.com,,MAD
9001550,2025-01-01 18:16:00,270.96,C,visa,debit,outlook.com,mobile,MAD
9001279,2025-01-01 18:18:53,415.32,W,mastercard,credit,yahoo.fr,mobile,MAD
9001913,2025-01-01 18:18:56,277.88,S,mastercard,debit,gmail.com,mobile,MAD
9000104,2025-01-01 18:40:16,372.62,H,mastercard,debit,hotmail.com,mobile,MAD
9001175,2025-01-01 19:12:43,179.94,C,mastercard,credit,hotmail.com,mobile,MAD
9003217,2025-01-01 19:18:46,552.06,S,mastercard,debit,menara.ma,desktop,MAD
9004931,2025-01-01 19:33:54,117.24,W,visa,debit,gmail.com,mobile,MAD
9002646,2025-01-01 19:38:24,970.8,R,mastercard,debit,yahoo.fr,desktop,MAD
9001622,2025-01-01 19:53:40,345.11,W,mastercard,credit,menara.ma,mobile,MAD
9004046,2025-01-01 20:01:54,629.7,W,visa,debit,gmail.com,desktop,MAD
9003234,2025-01-01 20:09:18,331.23,C,visa,credit,hotmail.com,,MAD
9003103,2025-01-01 20:23:11,432.43,W,visa,debit,gmail.com,mobile,MAD
9000575,2025-01-01 20:55:02,273.3,H,mastercard,debit,gmail.com,mobile,MAD
9000801,2025-01-01 21:21:28,639.53,W,visa,debit,gmail.com,,MAD
9004531,2025-01-02 00:03:31,50.35,W,american express,debit,menara.ma,desktop,MAD
9002951,2025-01-02 00:45:40,610.56,W,mastercard,credit,gmail.com,mobile,MAD
9004244,2025-01-02 01:43:57,659.97,W,visa,credit,hotmail.com,mobile,MAD
9000821,2025-01-02 01:56:38,81.01,S,mastercard,debit,hotmail.com,desktop,MAD
9002469,2025-01-02 04:57:35,182.98,W,visa,debit,gmail.com,,MAD
9001180,2025-01-02 06:06:07,490.51,C,visa,debit,gmail.com,desktop,MAD
9003505,2025-01-02 06:34:57,513.6,W,visa,debit,gmail.com,mobile,MAD
9003309,2025-01-02 06:43:48,192.66,W,visa,credit,hotmail.com,desktop,MAD
9004913,2025-01-02 07:11:33,288.11,C,mastercard,credit,hotmail.com,desktop,MAD
9001493,2025-01-02 07:29:00,255.77,W,visa,debit,gmail.com,mobile,MAD
9003458,2025-01-02 07:46:54,525.14,H,visa,debit,gmail.com,mobile,MAD
9003898,2025-01-02 08:14:50,976.47,W,visa,credit,gmail.com,mobile,MAD
9001869,2025-01-02 08:51:20,1290.09,W,visa,credit,hotmail.com,,MAD
9001399,2025-01-02 08:56:23,651.88,W,visa,credit,gmail.com,mobile,MAD
9004036,2025-01-02 09:21:38,1947.03,C,visa,debit,outlook.com,mobile,MAD
9002171,2025-01-02 09:35:05,721.33,W,visa,debit,gmail.com,,MAD
9001167,2025-01-02 09:38:53,715.6,W,mastercard,debit,gmail.com,mobile,MAD
9003804,2025-01-02 09:39:43,481.28,C,visa,debit,hotmail.com,mobile,MAD
9001594,2025-01-02 09:40:25,428.78,C,visa,credit,gmail.com,desktop,MAD
9001590,2025-01-02 09:41:17,283.71,W,mastercard,credit,gmail.com,,MAD
9000138,2025-01-02 09:54:22,581.49,C,visa,debit,gmail.com,mobile,MAD
9004535,2025-01-02 09:57:38,28.88,R,mastercard,credit,gmail.com,mobile,MAD
9001300,2025-01-02 10:05:33,1795.52,C,mastercard,debit,gmail.com,,MAD
9002712,2025-01-02 10:11:03,259.11,W,mastercard,debit,menara.ma,,MAD
9002223,2025-01-02 10:11:10,698.52,H,visa,debit,gmail.com,,MAD
9002410,2025-01-02 10:28:40,552.76,C,visa,credit,gmail.com,,MAD
9004260,2025-01-02 10:39:40,119.11,R,visa,debit,gmail.com,mobile,MAD
9004563,2025-01-02 10:45:22,134.45,S,visa,debit,gmail.com,desktop,MAD
9000830,2025-01-02 10:54:01,145.86,W,visa,debit,gmail.com,mobile,MAD
9001366,2025-01-02 11:30:34,256.1,S,mastercard,debit,yahoo.fr,,MAD
9003486,2025-01-02 12:01:44,632.78,R,visa,debit,gmail.com,mobile,MAD
9001536,2025-01-02 12:11:40,438.49,W,visa,debit,gmail.com,mobile,MAD
9000429,2025-01-02 12:12:40,289.6,W,mastercard,debit,yahoo.fr,mobile,MAD
9004062,2025-01-02 12:32:29,466.09,W,visa,credit,gmail.com,desktop,MAD
9002499,2025-01-02 12:47:32,997.43,W,visa,debit,yahoo.fr,desktop,MAD
9004160,2025-01-02 13:04:24,293.45,S,visa,debit,hotmail.com,desktop,MAD
9004117,2025-01-02 13:10:13,136.55,R,visa,debit,yahoo.fr,mobile,MAD
9000170,2025-01-02 13:33:16,5587.42,W,visa,credit,gmail.com,mobile,MAD
9000415,2025-01-02 13:39:48,401.2,W,visa,debit,outlook.com,mobile,MAD
9003997,2025-01-02 13:46:04,106.14,W,visa,debit,gmail.com,mobile,MAD
9002261,2025-01-02 14:14:06,603.84,W,visa,debit,gmail.com,desktop,MAD
9001744,2025-01-02 14:32:55,252.19,W,visa,debit,gmail.com,mobile,MAD
9004275,2025-01-02 14:40:12,414.76,W,visa,credit,outlook.com,mobile,MAD
9002636,2025-01-02 14:47:32,235.78,C,visa,debit,outlook.com,desktop,MAD
9001529,2025-01-02 14:55:39,418.55,H,visa,debit,hotmail.com,,MAD
9003682,2025-01-02 15:03:13,272.73,W,visa,debit,gmail.com,mobile,MAD
9001652,2025-01-02 15:12:51,269.4,W,visa,debit,gmail.com,mobile,MAD
9000233,2025-01-02 15:20:25,625.32,W,visa,credit,hotmail.com,mobile,MAD
9000385,2025-01-02 15:30:37,240.72,H,mastercard,debit,gmail.com,mobile,MAD
9002559,2025-01-02 16:00:53,604.33,C,visa,debit,gmail.com,mobile,MAD
9001783,2025-01-02 16:06:51,275.67,C,mastercard,debit,yahoo.fr,,MAD
9004076,2025-01-02 16:14:08,364.32,W,mastercard,credit,menara.ma,mobile,MAD
9003119,2025-01-02 16:26:23,313.38,W,mastercard,credit,menara.ma,mobile,MAD
9000540,2025-01-02 16:41:29,39.63,S,mastercard,credit,gmail.com,mobile,MAD
9000787,2025-01-02 16:41:49,164.57,H,mastercard,debit,gmail.com,mobile,MAD
9004527,2025-01-02 16:55:51,247.9,S,visa,debit,gmail.com,desktop,MAD
9003442,2025-01-02 16:58:39,253.41,W,mastercard,debit,gmail.com,desktop,MAD
9004700,2025-01-02 17:02:10,380.03,W,american express,credit,gmail.com,desktop,MAD
9002138,2025-01-02 17:41:39,358.61,H,visa,debit,hotmail.com,mobile,MAD
9003947,2025-01-02 17:47:25,407.79,H,visa,debit,gmail.com,mobile,MAD
9002975,2025-01-02 17:54:21,116.08,W,visa,debit,gmail.com,,MAD
9000478,2025-01-02 18:05:30,457.05,W,visa,credit,gmail.com,,MAD
9003805,2025-01-02 18:25:43,380.69,C,visa,debit,gmail.com,,MAD
9000300,2025-01-02 18:42:00,112.75,S,mastercard,debit,gmail.com,,MAD
9004642,2025-01-02 18:49:11,173.82,H,mastercard,debit,hotmail.com,mobile,MAD
9000272,2025-01-02 19:00:09,447.99,R,mastercard,debit,hotmail.com,mobile,MAD
9004715,2025-01-02 19:14:43,902.75,C,visa,credit,outlook.com,,MAD
9002329,2025-01-02 19:51:12,130.4,W,visa,debit,hotmail.com,,MAD
9002090,2025-01-02 20:20:30,592.5,C,mastercard,debit,gmail.com,mobile,MAD
9004505,2025-01-02 20:23:03,1311.96,C,visa,debit,gmail.com,,MAD
9004645,2025-01-02 20:42:02,342.09,W,visa,debit,gmail.com,mobile,MAD
9000454,2025-01-02 21:07:04,214.13,W,mastercard,credit,gmail.com,mobile,MAD
9002263,2025-01-02 21:19:59,333.69,W,visa,debit,gmail.com,mobile,MAD
9003537,2025-01-02 21:29:22,113.04,H,mastercard,credit,gmail.com,,MAD
9003858,2025-01-02 21:41:19,226.62,W,visa,debit,hotmail.com,mobile,MAD
9000369,2025-01-02 21:47:32,488.18,W,visa,debit,gmail.com,mobile,MAD
9001944,2025-01-02 21:48:06,180.67,W,visa,credit,gmail.com,mobile,MAD
9003788,2025-01-02 22:12:40,203.78,W,mastercard,credit,gmail.com,desktop,MAD
9002728,2025-01-03 00:35:45,117.0,C,mastercard,credit,gmail.com,mobile,MAD
9001781,2025-01-03 01:04:48,255.87,W,visa,debit,gmail.com,desktop,MAD
9003363,2025-01-03 02:40:00,3431.46,W,american express,debit,gmail.com,mobile,MAD
9000250,2025-01-03 04:25:02,108.84,S,visa,credit,hotmail.com,,MAD
9004945,2025-01-03 05:52:40,515.73,H,mastercard,debit,yahoo.fr,desktop,MAD
9000844,2025-01-03 07:23:39,1102.33,H,visa,debit,hotmail.com,desktop,MAD
9002339,2025-01-03 08:14:36,274.13,H,visa,debit,gmail.com,mobile,MAD
9000663,2025-01-03 08:26:50,335.69,S,american express,debit,gmail.com,desktop,MAD
9001806,2025-01-03 08:35:17,286.0,C,visa,debit,gmail.com,mobile,MAD
9002884,2025-01-03 09:07:01,510.66,R,visa,debit,gmail.com,,MAD
9000117,2025-01-03 09:37:06,86.95,S,visa,credit,menara.ma,mobile,MAD
9004552,2025-01-03 10:06:27,1412.61,W,mastercard,debit,yahoo.fr,,MAD
9002322,2025-01-03 10:16:21,195.95,W,mastercard,debit,yahoo.fr,mobile,MAD
9004596,2025-01-03 10:17:12,189.09,C,visa,debit,gmail.com,,MAD
9004347,2025-01-03 10:33:16,223.66,W,visa,debit,gmail.com,mobile,MAD
9002881,2025-01-03 10:39:44,246.04,W,mastercard,debit,gmail.com,mobile,MAD
9000328,2025-01-03 10:56:06,126.02,W,visa,debit,menara.ma,desktop,MAD
9001110,2025-01-03 10:56:09,511.89,W,visa,credit,outlook.com,mobile,MAD
9001871,2025-01-03 11:39:02,285.92,W,visa,debit,outlook.com,desktop,MAD
9004770,2025-01-03 12:13:31,679.35,W,visa,credit,hotmail.com,mobile,MAD
9002203,2025-01-03 12:45:43,978.54,C,mastercard,credit,hotmail.com,mobile,MAD
9004304,2025-01-03 12:48:03,619.96,W,mastercard,credit,yahoo.fr,desktop,MAD
9003240,2025-01-03 12:51:04,444.66,W,visa,credit,gmail.com,mobile,MAD
9003880,2025-01-03 13:10:39,258.22,W,visa,credit,gmail.com,mobile,MAD
9003320,2025-01-03 13:24:27,410.66,W,visa,debit,outlook.com,mobile,MAD
9002412,2025-01-03 13:25:12,202.28,H,mastercard,debit,gmail.com,mobile,MAD
9000352,2025-01-03 13:31:42,727.39,W,mastercard,debit,menara.ma,desktop,MAD
9004022,2025-01-03 13:35:28,811.37,W,american express,credit,gmail.com,mobile,MAD
9000870,2025-01-03 13:37:22,110.93,S,visa,debit,yahoo.fr,mobile,MAD
9001240,2025-01-03 13:43:31,1191.99,W,visa,credit,gmail.com,mobile,MAD
9002371,2025-01-03 13:44:07,498.66,R,mastercard,credit,outlook.com,desktop,MAD
9001518,2025-01-03 13:45:34,134.42,W,mastercard,credit,menara.ma,,MAD
9000562,2025-01-03 13:45:47,166.93,W,mastercard,debit,gmail.com,mobile,MAD
9003013,2025-01-03 14:48:54,151.33,S,mastercard,credit,gmail.com,desktop,MAD
9004299,2025-01-03 15:03:21,282.41,W,visa,debit,gmail.com,desktop,MAD
9001019,2025-01-03 15:08:53,154.35,W,visa,debit,gmail.com,desktop,MAD
9004751,2025-01-03 15:21:18,1829.44,W,visa,debit,outlook.com,mobile,MAD
9004458,2025-01-03 15:36:25,123.42,W,visa,credit,gmail.com,mobile,MAD
9004592,2025-01-03 15:36:29,219.34,S,mastercard,credit,menara.ma,desktop,MAD
9004003,2025-01-03 15:43:38,337.78,C,visa,credit,gmail.com,mobile,MAD
9003545,2025-01-03 15:55:34,630.51,W,visa,credit,gmail.com,mobile,MAD
9004189,2025-01-03 15:56:43,60.35,H,mastercard,debit,outlook.com,mobile,MAD
9001270,2025-01-03 16:15:30,751.69,W,visa,credit,hotmail.com,mobile,MAD
9004329,2025-01-03 16:31:43,264.78,S,mastercard,debit,hotmail.com,desktop,MAD
9001683,2025-01-03 17:12:47,461.84,R,mastercard,debit,outlook.com,mobile,MAD
9004092,2025-01-03 17:16:30,862.93,C,mastercard,credit,gmail.com,mobile,MAD
9004127,2025-01-03 17:27:15,1029.78,W,visa,credit,gmail.com,mobile,MAD
9001463,2025-01-03 17:32:29,1030.99,C,american express,debit,gmail.com,mobile,MAD
9000056,2025-01-03 17:46:16,1218.41,W,mastercard,debit,gmail.com,mobile,MAD
9000817,2025-01-03 18:01:06,517.78,H,visa,debit,gmail.com,desktop,MAD
9002780,2025-01-03 18:02:09,86.19,H,visa,debit,gmail.com,mobile,MAD
9000147,2025-01-03 18:12:53,690.45,W,visa,credit,gmail.com,mobile,MAD
9003633,2025-01-03 18:25:12,260.78,S,mastercard,debit,yahoo.fr,desktop,MAD
9000574,2025-01-03 18:41:35,226.15,W,mastercard,credit,gmail.com,mobile,MAD
9004776,2025-01-03 18:46:25,522.45,W,mastercard,debit,yahoo.fr,desktop,MAD
9004894,2025-01-03 18:49:08,763.53,R,visa,debit,hotmail.com,mobile,MAD
9004194,2025-01-03 19:10:52,319.53,R,visa,debit,gmail.com,mobile,MAD
9004269,2025-01-03 19:19:51,453.1,C,visa,debit,yahoo.fr,mobile,MAD
9002522,2025-01-03 19:35:43,626.78,C,visa,credit,outlook.com,mobile,MAD
9000902,2025-01-03 19:39:19,206.04,W,american express,debit,hotmail.com,desktop,MAD
9001266,2025-01-03 19:48:01,323.68,W,visa,credit,yahoo.fr,desktop,MAD
9004969,2025-01-03 19:59:17,336.98,H,visa,debit,hotmail.com,mobile,MAD
9002772,2025-01-03 20:09:10,309.15,W,visa,debit,outlook.com,mobile,MAD
9003871,2025-01-03 20:11:31,1083.98,W,discover,debit,tutanota.com,desktop,MAD
9001446,2025-01-03 20:19:40,620.65,W,visa,debit,menara.ma,mobile,MAD
9001909,2025-01-03 20:30:13,188.03,W,mastercard,debit,gmail.com,desktop,MAD
9002038,2025-01-03 20:33:01,302.07,W,visa,debit,gmail.com,mobile,MAD
9002764,2025-01-03 20:56:14,218.24,H,visa,debit,gmail.com,mobile,MAD
9003755,2025-01-03 21:01:19,249.55,W,visa,debit,gmail.com,desktop,MAD
9002866,2025-01-03 21:08:28,99.98,R,mastercard,credit,gmail.com,mobile,MAD
9001286,2025-01-03 21:17:00,318.58,W,visa,credit,gmail.com,mobile,MAD
9000811,2025-01-03 21:21:14,142.22,W,mastercard,debit,gmail.com,desktop,MAD
9001099,2025-01-03 21:29:37,307.17,W,mastercard,credit,outlook.com,mobile,MAD
9003852,2025-01-03 21:46:53,229.09,W,visa,credit,gmail.com,,MAD
9001526,2025-01-03 21:49:39,401.02,H,visa,credit,gmail.com,mobile,MAD
9004236,2025-01-03 22:04:15,1556.78,W,visa,debit,gmail.com,desktop,MAD
9001452,2025-01-03 22:08:15,427.14,S,visa,debit,gmail.com,mobile,MAD
9004551,2025-01-03 22:11:15,373.95,W,mastercard,debit,gmail.com,mobile,MAD
9000397,2025-01-03 22:12:45,152.57,W,visa,credit,yahoo.fr,mobile,MAD
9004320,2025-01-03 22:23:45,280.56,W,visa,debit,gmail.com,mobile,MAD
9000970,2025-01-03 22:46:05,251.98,W,visa,debit,gmail.com,mobile,MAD
9002630,2025-01-03 22:56:55,134.61,H,visa,credit,outlook.com,desktop,MAD
9002982,2025-01-04 00:52:55,308.22,W,mastercard,credit,outlook.com,mobile,MAD
9004518,2025-01-04 03:04:35,322.76,W,visa,debit,gmail.com,mobile,MAD
9004185,2025-01-04 03:53:00,1326.37,S,visa,debit,yahoo.fr,mobile,MAD
9002505,2025-01-04 05:48:12,938.42,C,visa,debit,menara.ma,mobile,MAD
9001136,2025-01-04 06:24:46,114.9,S,visa,debit,gmail.com,mobile,MAD
9002972,2025-01-04 06:44:54,676.63,W,visa,debit,gmail.com,mobile,MAD
9000518,2025-01-04 07:20:52,585.91,C,visa,debit,gmail.com,mobile,MAD
9002278,2025-01-04 07:32:13,167.73,C,mastercard,debit,gmail.com,desktop,MAD
9000699,2025-01-04 08:02:38,301.1,R,mastercard,debit,gmail.com,desktop,MAD
9003533,2025-01-04 08:12:57,279.61,W,mastercard,debit,gmail.com,mobile,MAD
9000898,2025-01-04 08:17:13,274.9,H,mastercard,debit,gmail.com,mobile,MAD
9004724,2025-01-04 08:30:02,498.13,C,visa,credit,gmail.com,,MAD
9001470,2025-01-04 08:53:37,1358.06,H,visa,credit,gmail.com,desktop,MAD
9002440,2025-01-04 09:02:22,714.94,W,american express,debit,hotmail.com,mobile,MAD
9002129,2025-01-04 09:33:07,544.49,W,mastercard,debit,yahoo.fr,mobile,MAD
9002488,2025-01-04 09:43:28,313.89,W,mastercard,debit,menara.ma,desktop,MAD
9002888,2025-01-04 09:45:54,192.64,W,visa,debit,gmail.com,,MAD
9004388,2025-01-04 10:03:28,431.81,W,visa,debit,gmail.com,mobile,MAD
9001464,2025-01-04 10:12:31,400.21,W,visa,debit,hotmail.com,mobile,MAD
9000279,2025-01-04 10:29:14,427.18,W,visa,debit,gmail.com,mobile,MAD
9004692,2025-01-04 10:33:11,1217.36,W,visa,debit,hotmail.com,desktop,MAD
9004120,2025-01-04 10:40:28,148.81,W,visa,debit,gmail.com,,MAD
9004893,2025-01-04 10:44:59,534.37,W,mastercard,credit,gmail.com,desktop,MAD
9000619,2025-01-04 10:58:18,493.39,S,mastercard,credit,gmail.com,,MAD
9004952,2025-01-04 11:06:38,384.71,H,visa,debit,menara.ma,mobile,MAD
9002657,2025-01-04 11:30:13,179.0,W,mastercard,credit,yahoo.fr,mobile,MAD
9003113,2025-01-04 11:31:19,804.14,W,mastercard,debit,menara.ma,desktop,MAD
9003464,2025-01-04 11:47:33,999.81,W,visa,debit,gmail.com,desktop,MAD
9002804,2025-01-04 11:54:05,8816.86,W,mastercard,credit,yahoo.fr,mobile,MAD
9004702,2025-01-04 12:15:14,254.44,C,visa,debit,yahoo.fr,mobile,MAD
9004737,2025-01-04 12:19:50,1135.2,H,mastercard,credit,gmail.com,desktop,MAD
9003617,2025-01-04 12:33:34,1274.74,W,mastercard,debit,gmail.com,mobile,MAD
9002002,2025-01-04 13:01:05,301.48,W,mastercard,credit,gmail.com,desktop,MAD
9003501,2025-01-04 13:13:47,170.94,R,visa,credit,gmail.com,mobile,MAD
9002711,2025-01-04 13:36:15,423.64,C,mastercard,credit,hotmail.com,mobile,MAD
9001026,2025-01-04 13:40:36,338.86,H,visa,debit,gmail.com,mobile,MAD
9003452,2025-01-04 13:49:32,413.75,C,mastercard,debit,yahoo.fr,desktop,MAD
9001653,2025-01-04 13:51:15,820.91,C,visa,debit,hotmail.com,desktop,MAD
9001351,2025-01-04 13:58:02,1202.12,W,visa,debit,gmail.com,mobile,MAD
9000858,2025-01-04 14:00:17,571.01,C,visa,debit,gmail.com,mobile,MAD
9003338,2025-01-04 14:09:45,155.88,R,mastercard,debit,gmail.com,desktop,MAD
9001267,2025-01-04 14:11:20,346.36,C,mastercard,credit,yahoo.fr,mobile,MAD
9001021,2025-01-04 14:18:36,300.33,W,visa,debit,gmail.com,mobile,MAD
9001801,2025-01-04 14:25:51,232.03,H,visa,debit,hotmail.com,mobile,MAD
9004855,2025-01-04 14:41:55,159.65,R,visa,debit,gmail.com,,MAD
9004861,2025-01-04 14:45:00,621.59,W,visa,debit,gmail.com,desktop,MAD
9001411,2025-01-04 14:59:39,167.99,W,american express,credit,hotmail.com,mobile,MAD
9001642,2025-01-04 15:02:11,318.11,W,mastercard,credit,gmail.com,mobile,MAD
9004873,2025-01-04 15:07:54,466.13,R,visa,debit,gmail.com,mobile,MAD
9000887,2025-01-04 15:12:35,711.87,W,visa,credit,outlook.com,,MAD
9002788,2025-01-04 15:14:41,653.87,H,visa,debit,hotmail.com,mobile,MAD
9003357,2025-01-04 15:34:36,330.06,W,visa,credit,gmail.com,mobile,MAD
9001456,2025-01-04 16:09:46,349.09,W,visa,credit,outlook.com,mobile,MAD
9002331,2025-01-04 16:29:27,130.59,W,visa,credit,gmail.com,mobile,MAD
9003184,2025-01-04 16:32:29,190.98,W,visa,debit,menara.ma,mobile,MAD
9000848,2025-01-04 16:34:33,901.63,W,visa,debit,gmail.com,mobile,MAD
9000036,2025-01-04 16:40:20,199.73,S,mastercard,debit,hotmail.com,desktop,MAD
9002525,2025-01-04 16:48:50,87.28,C,visa,credit,gmail.com,,MAD
9001976,2025-01-04 17:03:48,91.07,W,visa,credit,gmail.com,mobile,MAD
9002373,2025-01-04 17:24:19,506.5,W,mastercard,debit,yahoo.fr,mobile,MAD
9004341,2025-01-04 17:32:49,543.98,C,mastercard,credit,hotmail.com,mobile,MAD
9003798,2025-01-04 17:47:03,285.75,W,visa,debit,yahoo.fr,mobile,MAD
9003189,2025-01-04 18:05:00,282.29,W,mastercard,debit,menara.ma,mobile,MAD
9001035,2025-01-04 18:10:41,934.57,R,visa,debit,gmail.com,mobile,MAD
9003781,2025-01-04 18:21:11,594.04,W,visa,credit,gmail.com,desktop,MAD
9002460,2025-01-04 18:21:47,650.67,W,mastercard,credit,hotmail.com,mobile,MAD
9004484,2025-01-04 18:23:01,1591.96,W,visa,debit,gmail.com,mobile,MAD
9001615,2025-01-04 18:25:08,449.15,R,mastercard,credit,gmail.com,desktop,MAD
9002618,2025-01-04 18:54:34,333.37,W,visa,debit,gmail.com,desktop,MAD
9001889,2025-01-04 18:55:19,704.83,H,visa,debit,gmail.com,desktop,MAD
9001979,2025-01-04 19:06:57,255.23,W,mastercard,credit,gmail.com,mobile,MAD
9003509,2025-01-04 19:19:15,278.76,W,visa,debit,gmail.com,mobile,MAD
9004986,2025-01-04 19:22:10,628.31,R,mastercard,debit,gmail.com,mobile,MAD
9000584,2025-01-04 19:30:02,296.02,W,visa,debit,gmail.com,mobile,MAD
9001983,2025-01-04 19:32:23,923.67,W,mastercard,credit,gmail.com,desktop,MAD
9000150,2025-01-04 20:00:31,35169.33,C,visa,debit,hotmail.com,mobile,MAD
9003919,2025-01-04 20:22:54,556.36,W,mastercard,debit,gmail.com,mobile,MAD
9000542,2025-01-04 21:03:07,679.75,W,visa,credit,gmail.com,,MAD
9002314,2025-01-04 21:11:12,485.43,W,mastercard,credit,gmail.com,mobile,MAD
9001453,2025-01-04 21:48:21,94.35,W,mastercard,debit,hotmail.com,desktop,MAD
9000546,2025-01-04 22:05:17,79.36,R,mastercard,debit,yahoo.fr,desktop,MAD
9003800,2025-01-04 22:40:04,646.16,C,visa,debit,gmail.com,mobile,MAD
9001362,2025-01-05 03:15:16,138.68,W,mastercard,debit,gmail.com,mobile,MAD
9000387,2025-01-05 03:57:18,467.98,C,visa,debit,gmail.com,mobile,MAD
9002752,2025-01-05 06:18:15,271.4,W,visa,debit,gmail.com,desktop,MAD
9003134,2025-01-05 07:21:31,220.34,W,visa,debit,gmail.com,mobile,MAD
9004537,2025-01-05 07:23:45,349.12,W,mastercard,credit,gmail.com,desktop,MAD
9004644,2025-01-05 07:54:43,44.78,H,mastercard,debit,gmail.com,,MAD
9001027,2025-01-05 08:06:03,606.46,W,visa,debit,yahoo.fr,desktop,MAD
9000280,2025-01-05 08:22:22,83.83,S,visa,debit,hotmail.com,mobile,MAD
9004697,2025-01-05 08:23:13,704.82,W,visa,credit,gmail.com,mobile,MAD
9002669,2025-01-05 08:50:57,482.4,W,mastercard,debit,yahoo.fr,desktop,MAD
9003639,2025-01-05 09:07:39,197.12,R,visa,debit,gmail.com,desktop,MAD
9003916,2025-01-05 09:10:44,279.26,C,visa,debit,menara.ma,mobile,MAD
9002705,2025-01-05 09:15:19,590.61,W,visa,credit,gmail.com,desktop,MAD
9001851,2025-01-05 09:18:30,178.29,W,visa,credit,yahoo.fr,mobile,MAD
9004394,2025-01-05 09:27:53,399.97,R,mastercard,credit,menara.ma,mobile,MAD
9004577,2025-01-05 10:23:18,230.09,C,american express,debit,yahoo.fr,mobile,MAD
9003887,2025-01-05 10:23:48,1153.06,S,visa,credit,gmail.com,desktop,MAD
9000439,2025-01-05 10:27:25,1120.5,R,mastercard,debit,gmail.com,mobile,MAD
9003155,2025-01-05 11:25:57,121.83,R,visa,debit,gmail.com,,MAD
9001055,2025-01-05 11:53:48,1411.31,W,visa,credit,yahoo.fr,desktop,MAD
9004680,2025-01-05 11:57:54,635.39,C,visa,debit,gmail.com,mobile,MAD
9004684,2025-01-05 12:12:43,735.13,H,visa,debit,outlook.com,mobile,MAD
9001911,2025-01-05 12:30:07,496.88,R,mastercard,credit,gmail.com,mobile,MAD
9004277,2025-01-05 12:38:04,350.83,C,visa,credit,yahoo.fr,desktop,MAD
9001571,2025-01-05 12:38:05,282.25,R,visa,debit,gmail.com,mobile,MAD
9004291,2025-01-05 12:46:03,541.91,R,mastercard,debit,gmail.com,mobile,MAD
9003932,2025-01-05 13:14:08,648.43,C,american express,debit,yahoo.fr,mobile,MAD
9002591,2025-01-05 13:22:35,988.72,C,visa,credit,gmail.com,,MAD
9001253,2025-01-05 13:24:47,270.04,W,mastercard,credit,hotmail.com,desktop,MAD
9003532,2025-01-05 13:42:52,987.51,W,visa,debit,menara.ma,desktop,MAD
9003917,2025-01-05 13:46:22,125.1,W,visa,credit,hotmail.com,desktop,MAD
9004838,2025-01-05 14:06:28,263.3,W,visa,credit,gmail.com,desktop,MAD
9003816,2025-01-05 14:07:35,115.6,S,visa,debit,gmail.com,,MAD
9003759,2025-01-05 14:07:47,574.75,W,mastercard,credit,gmail.com,mobile,MAD
9004456,2025-01-05 14:15:02,239.79,W,visa,credit,hotmail.com,mobile,MAD
9000217,2025-01-05 14:23:49,576.1,C,visa,debit,outlook.com,desktop,MAD
9001361,2025-01-05 14:50:27,98.81,R,mastercard,debit,yahoo.fr,desktop,MAD
9001834,2025-01-05 14:56:35,295.24,W,visa,debit,gmail.com,mobile,MAD
9000045,2025-01-05 15:02:08,489.3,W,visa,credit,gmail.com,desktop,MAD
9000127,2025-01-05 15:03:11,191.54,W,visa,credit,gmail.com,mobile,MAD
9003335,2025-01-05 15:25:51,404.29,W,visa,debit,gmail.com,mobile,MAD
9004854,2025-01-05 15:39:52,476.49,W,visa,credit,hotmail.com,mobile,MAD
9001588,2025-01-05 16:00:30,366.66,W,mastercard,debit,gmail.com,mobile,MAD
9004399,2025-01-05 16:18:52,144.6,W,mastercard,debit,yahoo.fr,mobile,MAD
9003561,2025-01-05 16:33:29,341.3,W,mastercard,credit,outlook.com,mobile,MAD
9002312,2025-01-05 17:12:28,289.4,W,mastercard,debit,gmail.com,mobile,MAD
9000069,2025-01-05 17:15:26,405.07,W,mastercard,credit,hotmail.com,mobile,MAD
9000899,2025-01-05 17:26:51,181.37,W,visa,debit,hotmail.com,mobile,MAD
9001953,2025-01-05 17:30:43,343.22,W,mastercard,credit,menara.ma,mobile,MAD
9003988,2025-01-05 17:35:25,309.8,S,visa,debit,gmail.com,mobile,MAD
9004105,2025-01-05 18:09:54,568.16,R,mastercard,debit,menara.ma,mobile,MAD
9004648,2025-01-05 18:26:55,474.49,R,american express,credit,menara.ma,mobile,MAD
9003652,2025-01-05 18:31:48,893.9,W,visa,credit,menara.ma,,MAD
9002795,2025-01-05 18:33:43,1170.82,W,mastercard,debit,yahoo.fr,mobile,MAD
9002964,2025-01-05 18:34:10,375.84,H,visa,debit,gmail.com,,MAD
9003277,2025-01-05 18:45:01,1106.08,W,visa,debit,outlook.com,desktop,MAD
9002025,2025-01-05 18:46:44,1550.68,C,mastercard,credit,yahoo.fr,desktop,MAD
9004780,2025-01-05 18:54:54,1412.22,W,mastercard,credit,gmail.com,desktop,MAD
9004231,2025-01-05 19:09:07,129.34,S,mastercard,debit,hotmail.com,mobile,MAD
9001769,2025-01-05 19:35:42,190.93,W,visa,debit,yahoo.fr,desktop,MAD
9002479,2025-01-05 19:47:06,123.16,S,visa,debit,gmail.com,mobile,MAD
9004593,2025-01-05 19:48:13,608.64,H,visa,credit,gmail.com,mobile,MAD
9003580,2025-01-05 20:04:46,301.5,W,visa,debit,hotmail.com,mobile,MAD
9004624,2025-01-05 20:22:53,252.16,H,visa,credit,hotmail.com,mobile,MAD
9003070,2025-01-05 20:27:44,284.41,C,mastercard,credit,gmail.com,,MAD
9002635,2025-01-05 20:32:56,204.75,W,visa,credit,gmail.com,mobile,MAD
9003536,2025-01-05 20:51:10,113.33,W,visa,debit,gmail.com,mobile,MAD
9001215,2025-01-05 20:57:08,398.31,W,mastercard,credit,yahoo.fr,desktop,MAD
9001022,2025-01-05 20:57:57,394.9,S,mastercard,debit,gmail.com,,MAD
9000659,2025-01-05 21:34:37,283.34,W,visa,credit,hotmail.com,mobile,MAD
9002232,2025-01-05 21:38:01,98.21,S,visa,debit,gmail.com,,MAD
9003614,2025-01-05 21:50:37,1013.25,C,visa,debit,gmail.com,desktop,MAD
9002856,2025-01-05 21:57:46,621.86,C,mastercard,debit,gmail.com,,MAD
9003411,2025-01-05 22:46:34,156.61,H,mastercard,credit,gmail.com,mobile,MAD
9001096,2025-01-05 23:58:40,517.36,H,mastercard,debit,outlook.com,mobile,MAD
9003620,2025-01-06 00:38:32,173.23,H,visa,debit,gmail.com,desktop,MAD
9004101,2025-01-06 02:57:26,340.81,W,visa,debit,menara.ma,,MAD
9004727,2025-01-06 03:25:24,202.52,W,mastercard,debit,outlook.com,,MAD
9000001,2025-01-06 04:04:30,761.04,H,mastercard,debit,menara.ma,mobile,MAD
9002472,2025-01-06 06:16:26,319.52,W,visa,debit,gmail.com,mobile,MAD
9004314,2025-01-06 07:25:32,219.3,W,visa,debit,outlook.com,mobile,MAD
9000910,2025-01-06 07:50:15,67.82,S,mastercard,debit,gmail.com,mobile,MAD
9003975,2025-01-06 08:04:57,340.2,W,visa,credit,hotmail.com,mobile,MAD
9000891,2025-01-06 08:08:05,307.88,W,visa,credit,menara.ma,desktop,MAD
9001842,2025-01-06 08:16:48,314.47,R,mastercard,debit,yahoo.fr,mobile,MAD
9001543,2025-01-06 08:23:12,321.8,W,visa,debit,gmail.com,mobile,MAD
9002366,2025-01-06 08:46:36,334.41,R,visa,credit,hotmail.com,mobile,MAD
9003528,2025-01-06 08:51:00,157.0,W,american express,debit,gmail.com,mobile,MAD
9002340,2025-01-06 08:53:21,1124.06,C,american express,debit,gmail.com,mobile,MAD
9004926,2025-01-06 09:08:35,194.2,C,american express,credit,menara.ma,mobile,MAD
9000243,2025-01-06 09:19:24,268.51,W,mastercard,debit,gmail.com,mobile,MAD
9004300,2025-01-06 09:27:27,653.8,C,mastercard,credit,hotmail.com,,MAD
9000728,2025-01-06 09:29:59,307.01,C,visa,credit,gmail.com,mobile,MAD
9000196,2025-01-06 09:42:13,639.07,S,visa,debit,menara.ma,mobile,MAD
9002957,2025-01-06 09:43:16,704.59,W,mastercard,debit,outlook.com,mobile,MAD
9001721,2025-01-06 09:48:14,407.64,W,mastercard,debit,outlook.com,mobile,MAD
9002266,2025-01-06 10:00:18,131.91,W,visa,debit,gmail.com,mobile,MAD
9000753,2025-01-06 10:02:11,999.98,C,visa,debit,hotmail.com,mobile,MAD
9002317,2025-01-06 10:02:15,206.27,R,visa,debit,gmail.com,mobile,MAD
9004528,2025-01-06 10:17:30,539.04,R,mastercard,credit,gmail.com,,MAD
9000581,2025-01-06 10:21:45,971.32,H,mastercard,debit,gmail.com,mobile,MAD
9003343,2025-01-06 10:22:30,120.86,W,visa,debit,gmail.com,,MAD
9003414,2025-01-06 10:37:33,501.84,W,mastercard,credit,yahoo.fr,mobile,MAD
9004572,2025-01-06 10:38:18,161.48,W,visa,debit,outlook.com,mobile,MAD
9000376,2025-01-06 10:40:23,837.28,H,mastercard,debit,gmail.com,mobile,MAD
9001788,2025-01-06 10:42:05,376.68,W,visa,debit,menara.ma,mobile,MAD
9002453,2025-01-06 10:52:27,312.65,C,visa,debit,outlook.com,mobile,MAD
9001328,2025-01-06 11:13:20,292.2,W,visa,debit,gmail.com,desktop,MAD
9000087,2025-01-06 11:15:11,365.92,C,mastercard,debit,hotmail.com,mobile,MAD
9002742,2025-01-06 11:32:58,134.67,W,mastercard,debit,gmail.com,desktop,MAD
9001931,2025-01-06 11:34:40,199.03,H,mastercard,debit,menara.ma,mobile,MAD
9001122,2025-01-06 11:38:46,3018.14,C,discover,credit,protonmail.com,desktop,MAD
9000881,2025-01-06 11:58:22,224.08,W,visa,debit,outlook.com,desktop,MAD
9004553,2025-01-06 12:24:39,459.95,W,mastercard,credit,gmail.com,mobile,MAD
9002594,2025-01-06 12:28:38,84.74,W,visa,credit,gmail.com,mobile,MAD
9001256,2025-01-06 12:41:54,179.43,W,mastercard,debit,outlook.com,mobile,MAD
9000678,2025-01-06 12:44:28,338.67,H,visa,credit,menara.ma,,MAD
9000791,2025-01-06 12:47:04,599.41,S,visa,credit,gmail.com,mobile,MAD
9002816,2025-01-06 12:48:48,214.05,W,visa,debit,menara.ma,desktop,MAD
9001633,2025-01-06 13:21:35,431.58,W,mastercard,debit,gmail.com,desktop,MAD
9000172,2025-01-06 13:22:38,497.33,W,mastercard,credit,gmail.com,desktop,MAD
9003982,2025-01-06 13:23:48,671.46,W,visa,debit,gmail.com,,MAD
9000588,2025-01-06 13:24:44,114.67,S,visa,debit,yahoo.fr,mobile,MAD
9003672,2025-01-06 13:49:41,194.47,S,visa,credit,hotmail.com,desktop,MAD
9004848,2025-01-06 14:02:26,1474.92,W,mastercard,debit,hotmail.com,mobile,MAD
9004671,2025-01-06 14:24:50,375.74,W,mastercard,debit,gmail.com,mobile,MAD
9001531,2025-01-06 14:34:51,574.58,C,mastercard,debit,gmail.com,mobile,MAD
9001690,2025-01-06 14:49:55,497.6,C,visa,debit,menara.ma,,MAD
9003959,2025-01-06 14:59:09,180.3,H,visa,debit,gmail.com,desktop,MAD
9004763,2025-01-06 15:41:35,553.14,C,mastercard,debit,hotmail.com,desktop,MAD
9004466,2025-01-06 15:59:35,944.55,C,american express,debit,hotmail.com,desktop,MAD
9004294,2025-01-06 16:25:43,605.95,R,mastercard,debit,outlook.com,,MAD
9004128,2025-01-06 16:37:31,451.06,C,mastercard,debit,gmail.com,mobile,MAD
9000431,2025-01-06 16:45:38,1184.58,W,visa,debit,gmail.com,mobile,MAD
9002529,2025-01-06 16:50:16,741.19,C,visa,credit,gmail.com,mobile,MAD
9003321,2025-01-06 17:02:47,430.23,W,visa,credit,gmail.com,mobile,MAD
9000033,2025-01-06 17:02:51,139.92,H,mastercard,debit,gmail.com,,MAD
9000010,2025-01-06 17:31:57,597.61,W,visa,credit,yahoo.fr,desktop,MAD
9002033,2025-01-06 17:37:15,217.74,H,visa,debit,hotmail.com,,MAD
9000951,2025-01-06 17:40:55,342.81,W,mastercard,credit,menara.ma,mobile,MAD
9002502,2025-01-06 17:43:21,557.67,W,visa,debit,gmail.com,desktop,MAD
9002854,2025-01-06 17:44:55,161.59,W,visa,debit,gmail.com,mobile,MAD
9004071,2025-01-06 17:50:01,183.33,H,mastercard,debit,gmail.com,desktop,MAD
9000695,2025-01-06 17:55:10,105.98,H,visa,debit,menara.ma,desktop,MAD
9002321,2025-01-06 18:19:06,1280.7,W,visa,debit,outlook.com,mobile,MAD
9004432,2025-01-06 18:29:16,651.06,C,visa,debit,hotmail.com,desktop,MAD
9000359,2025-01-06 18:31:09,209.06,C,visa,debit,yahoo.fr,desktop,MAD
9002306,2025-01-06 18:58:46,213.78,W,mastercard,debit,gmail.com,mobile,MAD
9003035,2025-01-06 19:05:25,204.27,W,mastercard,debit,gmail.com,desktop,MAD
9000246,2025-01-06 19:06:23,77.49,H,mastercard,debit,gmail.com,mobile,MAD
9002082,2025-01-06 19:10:57,413.01,R,mastercard,credit,outlook.com,mobile,MAD
9002912,2025-01-06 19:22:19,637.59,W,mastercard,debit,gmail.com,desktop,MAD
9003543,2025-01-06 19:43:31,410.38,W,mastercard,debit,hotmail.com,mobile,MAD
9000977,2025-01-06 19:50:45,316.44,W,mastercard,credit,gmail.com,mobile,MAD
9002865,2025-01-06 20:00:53,697.34,C,mastercard,debit,gmail.com,mobile,MAD
9003419,2025-01-06 20:14:11,780.29,W,mastercard,debit,menara.ma,desktop,MAD
9001738,2025-01-06 20:20:03,467.43,H,visa,debit,gmail.com,desktop,MAD
9004698,2025-01-06 20:22:42,454.86,R,visa,debit,hotmail.com,mobile,MAD
9000826,2025-01-06 20:24:39,126.96,C,visa,debit,gmail.com,mobile,MAD
9004843,2025-01-06 20:38:35,146.53,W,mastercard,debit,outlook.com,mobile,MAD
9000133,2025-01-06 20:56:13,242.72,W,visa,credit,gmail.com,desktop,MAD
9003284,2025-01-06 20:56:38,652.53,W,mastercard,debit,yahoo.fr,mobile,MAD
9004258,2025-01-06 20:56:57,812.76,W,mastercard,debit,gmail.com,,MAD
9003248,2025-01-06 21:20:55,827.31,W,visa,credit,menara.ma,,MAD
9000007,2025-01-06 21:22:00,443.42,W,visa,debit,gmail.com,mobile,MAD
9001809,2025-01-06 21:41:13,556.42,W,visa,credit,gmail.com,mobile,MAD
9000700,2025-01-06 21:42:11,69.41,R,mastercard,debit,outlook.com,mobile,MAD
9004611,2025-01-06 22:11:47,333.06,W,mastercard,debit,gmail.com,,MAD
9000674,2025-01-06 22:15:38,646.63,H,discover,debit,tutanota.com,desktop,MAD
9000218,2025-01-06 23:19:21,295.6,W,visa,credit,yahoo.fr,mobile,MAD
9003281,2025-01-06 23:36:19,224.68,W,visa,debit,gmail.com,mobile,MAD
9003535,2025-01-06 23:44:02,304.44,C,mastercard,credit,gmail.com,desktop,MAD
9000538,2025-01-07 00:58:39,186.48,H,visa,debit,gmail.com,mobile,MAD
9004966,2025-01-07 00:59:09,213.91,H,mastercard,debit,yahoo.fr,mobile,MAD
9002911,2025-01-07 01:15:00,1736.14,W,mastercard,debit,gmail.com,,MAD
9003353,2025-01-07 03:06:45,134.27,H,american express,credit,gmail.com,mobile,MAD
9001880,2025-01-07 03:10:19,245.73,C,visa,credit,gmail.com,mobile,MAD
9000808,2025-01-07 03:39:45,161.21,W,visa,debit,hotmail.com,desktop,MAD
9003591,2025-01-07 06:31:54,449.79,W,mastercard,debit,gmail.com,mobile,MAD
9003872,2025-01-07 06:33:20,660.7,W,mastercard,debit,gmail.com,mobile,MAD
9001827,2025-01-07 06:38:09,304.76,W,american express,debit,gmail.com,mobile,MAD
9000818,2025-01-07 07:30:32,377.13,H,american express,credit,gmail.com,desktop,MAD
9002723,2025-01-07 07:47:26,602.58,W,mastercard,debit,yahoo.fr,desktop,MAD
9001466,2025-01-07 07:55:25,291.29,H,visa,credit,gmail.com,mobile,MAD
9002615,2025-01-07 08:01:31,544.87,W,mastercard,credit,gmail.com,mobile,MAD
9003491,2025-01-07 08:11:19,385.1,W,mastercard,debit,yahoo.fr,desktop,MAD
9002177,2025-01-07 08:35:32,188.95,W,mastercard,debit,gmail.com,mobile,MAD
9004917,2025-01-07 09:04:01,278.38,H,visa,debit,gmail.com,mobile,MAD
9000310,2025-01-07 09:12:51,237.41,W,visa,debit,gmail.com,,MAD
9002504,2025-01-07 09:24:50,152.32,R,visa,debit,gmail.com,mobile,MAD
9002515,2025-01-07 09:29:29,464.49,W,visa,debit,gmail.com,mobile,MAD
9004729,2025-01-07 09:42:29,147.34,S,mastercard,debit,gmail.com,mobile,MAD
9001579,2025-01-07 09:44:04,1234.07,C,visa,debit,gmail.com,,MAD
9003150,2025-01-07 09:44:28,305.42,W,mastercard,credit,gmail.com,mobile,MAD
9000580,2025-01-07 10:14:20,239.56,W,mastercard,credit,gmail.com,mobile,MAD
9004978,2025-01-07 10:20:22,240.87,C,visa,debit,yahoo.fr,mobile,MAD
9002423,2025-01-07 10:28:08,1103.87,W,visa,debit,gmail.com,mobile,MAD
9001730,2025-01-07 10:33:13,9589.61,W,visa,debit,yahoo.fr,mobile,MAD
9001436,2025-01-07 10:34:26,427.45,W,mastercard,debit,outlook.com,mobile,MAD
9002556,2025-01-07 10:47:53,499.89,W,visa,debit,gmail.com,desktop,MAD
9002946,2025-01-07 10:49:38,521.74,W,visa,credit,gmail.com,,MAD
9001484,2025-01-07 10:57:28,677.17,C,visa,debit,gmail.com,mobile,MAD
9003027,2025-01-07 11:03:46,550.67,W,visa,debit,gmail.com,desktop,MAD
9001450,2025-01-07 11:16:04,834.97,W,mastercard,debit,menara.ma,desktop,MAD
9002244,2025-01-07 11:36:03,276.64,R,mastercard,credit,menara.ma,mobile,MAD
9004635,2025-01-07 11:46:50,754.64,W,visa,debit,outlook.com,desktop,MAD
9002682,2025-01-07 12:10:44,315.34,W,mastercard,debit,gmail.com,mobile,MAD
9003783,2025-01-07 12:24:48,182.97,H,visa,debit,hotmail.com,mobile,MAD
9004221,2025-01-07 12:38:50,857.92,W,mastercard,debit,gmail.com,mobile,MAD
9003034,2025-01-07 12:39:02,132.53,W,mastercard,debit,yahoo.fr,desktop,MAD
9004461,2025-01-07 12:42:10,291.83,C,mastercard,debit,gmail.com,mobile,MAD
9004459,2025-01-07 12:44:22,116.15,C,visa,debit,gmail.com,mobile,MAD
9001289,2025-01-07 12:45:17,442.39,W,visa,debit,yahoo.fr,,MAD
9001166,2025-01-07 13:04:36,238.39,C,visa,debit,yahoo.fr,mobile,MAD
9002265,2025-01-07 13:22:44,243.88,H,mastercard,credit,menara.ma,mobile,MAD
9002623,2025-01-07 13:23:00,363.44,H,mastercard,debit,gmail.com,mobile,MAD
9000365,2025-01-07 13:33:47,476.28,W,mastercard,debit,gmail.com,desktop,MAD
9002506,2025-01-07 13:47:20,259.67,W,visa,credit,gmail.com,mobile,MAD
9001867,2025-01-07 14:26:48,144.98,W,visa,debit,gmail.com,mobile,MAD
9003727,2025-01-07 14:33:54,1285.18,W,visa,debit,gmail.com,,MAD
9004044,2025-01-07 14:37:39,689.79,R,visa,debit,gmail.com,,MAD
9002215,2025-01-07 15:02:04,331.81,W,visa,credit,yahoo.fr,mobile,MAD
9003497,2025-01-07 15:23:51,222.38,W,visa,debit,gmail.com,,MAD
9004010,2025-01-07 15:34:45,102.31,C,visa,debit,hotmail.com,mobile,MAD
9004779,2025-01-07 16:01:16,210.44,R,visa,debit,gmail.com,mobile,MAD
9004183,2025-01-07 16:27:23,332.97,C,visa,debit,menara.ma,desktop,MAD
9004238,2025-01-07 16:35:43,674.53,C,visa,debit,menara.ma,,MAD
9004420,2025-01-07 16:36:45,254.47,W,mastercard,debit,gmail.com,desktop,MAD
9001816,2025-01-07 16:42:45,215.31,H,mastercard,debit,hotmail.com,mobile,MAD
9002475,2025-01-07 16:45:11,391.96,C,visa,credit,menara.ma,mobile,MAD
9000171,2025-01-07 16:57:50,420.41,W,mastercard,debit,gmail.com,desktop,MAD
9000583,2025-01-07 17:01:15,450.13,W,visa,credit,gmail.com,mobile,MAD
9000258,2025-01-07 17:02:56,435.7,W,mastercard,credit,outlook.com,mobile,MAD
9002853,2025-01-07 17:15:05,169.16,W,mastercard,credit,gmail.com,mobile,MAD
9004434,2025-01-07 17:15:52,218.58,R,visa,debit,gmail.com,desktop,MAD
9000322,2025-01-07 17:25:21,148.37,W,mastercard,debit,gmail.com,mobile,MAD
9004382,2025-01-07 17:26:52,227.82,W,visa,debit,menara.ma,mobile,MAD
9003807,2025-01-07 17:39:06,314.38,W,mastercard,debit,gmail.com,desktop,MAD
9000516,2025-01-07 18:01:40,194.61,W,mastercard,credit,gmail.com,desktop,MAD
9003791,2025-01-07 18:12:09,184.25,W,american express,debit,gmail.com,mobile,MAD
9001359,2025-01-07 18:16:54,576.62,W,american express,credit,outlook.com,mobile,MAD
9003687,2025-01-07 18:21:07,10081.14,W,mastercard,debit,gmail.com,mobile,MAD
9003853,2025-01-07 18:32:50,386.41,W,visa,debit,gmail.com,desktop,MAD
9001020,2025-01-07 18:35:16,605.19,C,mastercard,credit,hotmail.com,mobile,MAD
9001321,2025-01-07 18:40:54,261.88,W,visa,debit,gmail.com,desktop,MAD
9004916,2025-01-07 19:08:03,341.77,W,mastercard,credit,gmail.com,mobile,MAD
9000501,2025-01-07 19:26:41,175.73,W,visa,debit,gmail.com,mobile,MAD
9001216,2025-01-07 19:50:23,605.37,W,mastercard,debit,gmail.com,mobile,MAD
9004107,2025-01-07 20:01:45,1124.86,H,visa,debit,yahoo.fr,mobile,MAD
9000873,2025-01-07 20:08:19,400.53,H,visa,debit,gmail.com,mobile,MAD
9002214,2025-01-07 20:13:20,615.22,R,visa,credit,gmail.com,mobile,MAD
9004832,2025-01-07 20:18:19,272.93,C,mastercard,debit,outlook.com,,MAD
9000480,2025-01-07 20:26:25,520.32,R,visa,credit,menara.ma,desktop,MAD
9001855,2025-01-07 20:33:38,112.79,W,mastercard,debit,gmail.com,desktop,MAD
9001538,2025-01-07 20:43:52,500.63,W,visa,credit,outlook.com,desktop,MAD
9000120,2025-01-07 20:53:36,790.38,W,visa,credit,gmail.com,desktop,MAD
9004070,2025-01-07 20:55:02,296.0,H,visa,debit,hotmail.com,mobile,MAD
9000460,2025-01-07 21:09:07,358.99,C,visa,credit,gmail.com,,MAD
9004769,2025-01-07 21:21:16,944.8,W,visa,credit,menara.ma,,MAD
9004853,2025-01-07 21:43:48,471.2,C,mastercard,debit,gmail.com,mobile,MAD
9001227,2025-01-07 22:09:57,1117.63,W,visa,debit,hotmail.com,mobile,MAD
9001272,2025-01-07 22:25:09,862.04,W,mastercard,credit,yahoo.fr,desktop,MAD
9003077,2025-01-07 22:52:32,614.1,W,visa,debit,gmail.com,desktop,MAD
9001489,2025-01-07 23:01:40,836.68,W,visa,debit,gmail.com,,MAD
9004513,2025-01-08 00:58:45,539.78,C,visa,debit,outlook.com,desktop,MAD
9003513,2025-01-08 01:21:29,328.12,H,american express,debit,hotmail.com,mobile,MAD
9001805,2025-01-08 01:40:39,297.8,C,visa,debit,hotmail.com,mobile,MAD
9001610,2025-01-08 03:45:00,491.11,W,visa,debit,gmail.com,desktop,MAD
9003774,2025-01-08 03:53:12,483.57,W,visa,debit,menara.ma,desktop,MAD
9000198,2025-01-08 04:24:16,367.32,C,visa,debit,gmail.com,mobile,MAD
9001776,2025-01-08 05:34:57,349.6,W,mastercard,debit,gmail.com,mobile,MAD
9003102,2025-01-08 06:05:21,574.55,W,mastercard,debit,menara.ma,desktop,MAD
9002080,2025-01-08 07:15:25,973.37,W,mastercard,debit,gmail.com,,MAD
9003349,2025-01-08 07:24:06,303.57,C,mastercard,debit,outlook.com,desktop,MAD
9004798,2025-01-08 07:41:34,53.7,W,visa,debit,gmail.com,desktop,MAD
9000784,2025-01-08 07:54:38,208.67,W,mastercard,debit,yahoo.fr,desktop,MAD
9004204,2025-01-08 08:11:42,501.23,H,visa,debit,hotmail.com,,MAD
9003527,2025-01-08 08:13:08,488.66,H,visa,debit,gmail.com,desktop,MAD
9004198,2025-01-08 08:43:37,457.09,W,visa,debit,gmail.com,mobile,MAD
9002786,2025-01-08 08:45:07,1246.71,W,visa,debit,hotmail.com,mobile,MAD
9001928,2025-01-08 08:50:37,298.5,H,visa,credit,gmail.com,mobile,MAD
9003530,2025-01-08 09:09:02,200.23,C,visa,debit,yahoo.fr,,MAD
9000874,2025-01-08 09:12:52,214.38,W,mastercard,credit,gmail.com,mobile,MAD
9001157,2025-01-08 09:31:06,793.06,R,visa,debit,hotmail.com,mobile,MAD
9003370,2025-01-08 09:45:13,222.91,C,visa,credit,hotmail.com,desktop,MAD
9001876,2025-01-08 09:47:55,354.91,W,visa,credit,hotmail.com,mobile,MAD
9003165,2025-01-08 09:51:11,221.08,W,visa,debit,outlook.com,,MAD
9003064,2025-01-08 09:55:03,104.12,S,mastercard,credit,hotmail.com,mobile,MAD
9003945,2025-01-08 10:09:24,191.42,W,mastercard,debit,gmail.com,desktop,MAD
9003348,2025-01-08 10:09:36,101.26,H,mastercard,credit,gmail.com,,MAD
9000386,2025-01-08 10:24:30,554.65,W,mastercard,debit,gmail.com,mobile,MAD
9003022,2025-01-08 10:26:55,773.69,W,visa,debit,yahoo.fr,mobile,MAD
9000783,2025-01-08 10:27:31,174.65,W,visa,credit,outlook.com,mobile,MAD
9002269,2025-01-08 10:27:42,261.98,W,visa,credit,gmail.com,mobile,MAD
9004532,2025-01-08 10:31:51,192.21,W,mastercard,credit,gmail.com,mobile,MAD
9000018,2025-01-08 10:37:17,1018.21,H,visa,credit,gmail.com,mobile,MAD
9003821,2025-01-08 10:39:49,235.46,S,visa,debit,gmail.com,,MAD
9002909,2025-01-08 10:40:42,233.21,W,mastercard,debit,menara.ma,desktop,MAD
9001619,2025-01-08 11:06:00,296.15,W,visa,credit,menara.ma,,MAD
9004842,2025-01-08 11:12:16,191.71,W,visa,debit,menara.ma,mobile,MAD
9000946,2025-01-08 11:31:29,160.02,S,mastercard,debit,gmail.com,mobile,MAD
9003538,2025-01-08 11:54:26,615.81,R,visa,debit,gmail.com,mobile,MAD
9002510,2025-01-08 12:08:14,432.47,C,visa,debit,outlook.com,mobile,MAD
9002006,2025-01-08 12:09:42,564.05,W,visa,debit,menara.ma,,MAD
9002830,2025-01-08 12:25:52,1186.78,W,mastercard,debit,outlook.com,,MAD
9001926,2025-01-08 12:39:30,298.35,W,visa,debit,hotmail.com,mobile,MAD
9000157,2025-01-08 12:42:52,225.61,W,visa,credit,hotmail.com,mobile,MAD
9001946,2025-01-08 13:24:59,3266.25,C,visa,debit,gmail.com,,MAD
9002819,2025-01-08 13:42:14,274.71,W,mastercard,debit,hotmail.com,desktop,MAD
9002697,2025-01-08 13:46:03,374.48,C,visa,debit,gmail.com,mobile,MAD
9003161,2025-01-08 13:47:36,520.85,W,visa,debit,gmail.com,desktop,MAD
9000221,2025-01-08 14:25:38,250.67,H,visa,credit,outlook.com,desktop,MAD
9003305,2025-01-08 14:41:23,754.67,C,mastercard,debit,gmail.com,mobile,MAD
9000436,2025-01-08 14:49:51,602.61,S,mastercard,debit,hotmail.com,mobile,MAD
9001645,2025-01-08 14:55:53,239.72,C,mastercard,debit,outlook.com,mobile,MAD
9004402,2025-01-08 15:03:53,2299.98,W,visa,credit,menara.ma,mobile,MAD
9000759,2025-01-08 15:31:57,180.72,S,mastercard,debit,gmail.com,,MAD
9000778,2025-01-08 15:42:22,974.44,W,visa,credit,gmail.com,,MAD
9002700,2025-01-08 15:58:35,378.61,W,visa,debit,gmail.com,mobile,MAD
9000863,2025-01-08 16:04:23,703.06,W,mastercard,credit,hotmail.com,,MAD
9004145,2025-01-08 16:23:51,127.43,C,american express,debit,gmail.com,mobile,MAD
9000670,2025-01-08 16:36:13,326.09,W,visa,debit,hotmail.com,mobile,MAD
9000497,2025-01-08 17:00:18,976.7,W,visa,debit,menara.ma,desktop,MAD
9002681,2025-01-08 17:01:06,517.25,S,visa,debit,yahoo.fr,,MAD
9000724,2025-01-08 17:02:20,318.64,W,mastercard,debit,gmail.com,mobile,MAD
9000414,2025-01-08 17:10:51,425.7,W,visa,credit,hotmail.com,mobile,MAD
9000313,2025-01-08 17:12:06,245.12,C,mastercard,debit,hotmail.com,mobile,MAD
9002085,2025-01-08 17:17:14,293.44,R,visa,credit,hotmail.com,mobile,MAD
9002104,2025-01-08 17:38:58,1367.52,C,visa,debit,menara.ma,mobile,MAD
9001343,2025-01-08 17:42:09,410.28,W,visa,debit,hotmail.com,mobile,MAD
9004285,2025-01-08 17:52:46,545.79,W,visa,credit,yahoo.fr,mobile,MAD
9002699,2025-01-08 18:10:32,448.44,H,mastercard,debit,gmail.com,mobile,MAD
9004411,2025-01-08 18:19:13,384.26,W,visa,credit,hotmail.com,desktop,MAD
9001238,2025-01-08 18:23:49,180.38,H,mastercard,debit,gmail.com,mobile,MAD
9002431,2025-01-08 18:41:40,675.69,W,mastercard,debit,gmail.com,mobile,MAD
9001005,2025-01-08 18:57:01,516.46,H,mastercard,credit,hotmail.com,,MAD
9000726,2025-01-08 19:07:38,121.89,S,mastercard,debit,gmail.com,desktop,MAD
9004655,2025-01-08 19:25:11,694.13,W,mastercard,debit,outlook.com,,MAD
9000074,2025-01-08 19:30:27,280.53,H,visa,credit,outlook.com,mobile,MAD
9000443,2025-01-08 19:34:02,45.18,S,visa,debit,hotmail.com,desktop,MAD
9002364,2025-01-08 19:36:29,529.39,C,mastercard,debit,gmail.com,mobile,MAD
9003651,2025-01-08 19:44:48,219.43,H,visa,debit,gmail.com,mobile,MAD
9002923,2025-01-08 19:58:44,573.58,W,visa,debit,gmail.com,mobile,MAD
9003287,2025-01-08 20:03:08,209.43,R,mastercard,credit,outlook.com,mobile,MAD
9003499,2025-01-08 20:10:13,283.09,W,visa,credit,hotmail.com,mobile,MAD
9001050,2025-01-08 20:14:41,76.8,W,visa,credit,gmail.com,mobile,MAD
9002823,2025-01-08 20:16:02,424.91,W,visa,debit,gmail.com,mobile,MAD
9000418,2025-01-08 20:22:22,718.68,W,visa,debit,gmail.com,mobile,MAD
9000945,2025-01-08 20:29:27,128.13,S,visa,debit,gmail.com,mobile,MAD
9004118,2025-01-08 20:31:17,540.84,W,mastercard,credit,gmail.com,mobile,MAD
9000434,2025-01-08 20:32:23,708.51,W,visa,debit,gmail.com,mobile,MAD
9004657,2025-01-08 20:50:27,233.68,S,visa,credit,hotmail.com,,MAD
9001605,2025-01-08 20:56:22,160.79,W,visa,debit,gmail.com,,MAD
9000705,2025-01-08 21:11:08,356.25,W,visa,debit,gmail.com,mobile,MAD
9001630,2025-01-08 21:12:16,148.62,C,visa,debit,gmail.com,mobile,MAD
9004021,2025-01-08 22:09:36,497.72,H,mastercard,credit,gmail.com,desktop,MAD
9002550,2025-01-08 22:40:32,651.31,W,visa,debit,gmail.com,desktop,MAD
9003973,2025-01-08 23:58:32,114.26,W,mastercard,debit,hotmail.com,mobile,MAD
9001575,2025-01-09 04:23:20,194.42,H,visa,credit,menara.ma,mobile,MAD
9004368,2025-01-09 05:17:23,775.85,R,visa,credit,gmail.com,desktop,MAD
9000408,2025-01-09 06:38:32,329.07,C,visa,debit,outlook.com,mobile,MAD
9001836,2025-01-09 06:51:24,708.45,R,visa,debit,gmail.com,desktop,MAD
9002207,2025-01-09 07:21:33,1063.41,W,mastercard,debit,gmail.com,mobile,MAD
9000241,2025-01-09 07:32:53,182.16,W,visa,credit,gmail.com,mobile,MAD
9002727,2025-01-09 08:24:04,565.22,R,mastercard,debit,gmail.com,,MAD
9002663,2025-01-09 08:39:40,1082.62,C,american express,debit,yahoo.fr,,MAD
9003069,2025-01-09 09:18:52,1420.54,W,visa,credit,gmail.com,mobile,MAD
9002302,2025-01-09 09:19:20,362.43,W,visa,debit,gmail.com,desktop,MAD
9001445,2025-01-09 09:20:19,216.46,W,mastercard,debit,hotmail.com,mobile,MAD
9004668,2025-01-09 09:42:38,715.45,R,visa,credit,gmail.com,mobile,MAD
9000457,2025-01-09 09:55:23,237.48,W,visa,credit,gmail.com,mobile,MAD
9000620,2025-01-09 10:01:50,164.9,H,visa,debit,gmail.com,desktop,MAD
9002063,2025-01-09 10:25:31,620.68,H,mastercard,credit,hotmail.com,mobile,MAD
9004098,2025-01-09 10:31:30,1578.4,W,visa,debit,gmail.com,desktop,MAD
9000306,2025-01-09 10:31:41,230.11,C,mastercard,debit,gmail.com,desktop,MAD
9002234,2025-01-09 10:34:16,87.38,W,mastercard,debit,outlook.com,desktop,MAD
9002108,2025-01-09 10:42:36,365.77,W,mastercard,debit,hotmail.com,mobile,MAD
9000721,2025-01-09 10:45:08,154.74,W,visa,debit,yahoo.fr,mobile,MAD
9000682,2025-01-09 10:52:34,296.4,R,american express,debit,yahoo.fr,mobile,MAD
9000834,2025-01-09 10:53:05,571.11,C,visa,debit,outlook.com,desktop,MAD
9003058,2025-01-09 11:01:23,1021.23,C,visa,debit,gmail.com,mobile,MAD
9000938,2025-01-09 11:05:14,157.32,C,visa,debit,outlook.com,mobile,MAD
9001963,2025-01-09 11:49:51,126.71,H,mastercard,debit,gmail.com,,MAD
9001090,2025-01-09 11:55:52,407.36,C,visa,credit,gmail.com,desktop,MAD
9003269,2025-01-09 12:02:03,72.41,W,visa,debit,hotmail.com,mobile,MAD
9000924,2025-01-09 12:15:33,1149.09,W,discover,credit,protonmail.com,desktop,MAD
9001895,2025-01-09 12:37:18,530.32,W,visa,credit,gmail.com,mobile,MAD
9002210,2025-01-09 12:39:43,109.55,W,visa,debit,gmail.com,mobile,MAD
9001187,2025-01-09 12:52:25,237.79,S,mastercard,debit,hotmail.com,desktop,MAD
9004631,2025-01-09 13:20:30,140.68,W,visa,credit,menara.ma,,MAD
9004061,2025-01-09 13:23:28,571.76,W,american express,debit,gmail.com,mobile,MAD
9001358,2025-01-09 13:32:22,581.1,S,visa,credit,yahoo.fr,mobile,MAD
9002889,2025-01-09 13:52:25,203.04,R,mastercard,debit,gmail.com,mobile,MAD
9004016,2025-01-09 14:11:10,221.15,W,visa,debit,hotmail.com,desktop,MAD
9004752,2025-01-09 14:21:27,77.19,W,mastercard,credit,hotmail.com,mobile,MAD
9004303,2025-01-09 14:53:22,158.79,C,visa,debit,gmail.com,,MAD
9001935,2025-01-09 15:02:51,241.03,R,mastercard,debit,gmail.com,mobile,MAD
9000752,2025-01-09 15:07:25,707.02,W,visa,debit,gmail.com,desktop,MAD
9002891,2025-01-09 15:29:45,276.39,H,visa,debit,outlook.com,,MAD
9000975,2025-01-09 15:39:40,2152.17,C,visa,credit,outlook.com,mobile,MAD
9001677,2025-01-09 16:05:43,467.13,W,mastercard,debit,gmail.com,desktop,MAD
9002519,2025-01-09 16:13:04,742.49,W,visa,debit,gmail.com,desktop,MAD
9002736,2025-01-09 16:24:22,361.16,S,visa,debit,outlook.com,,MAD
9003514,2025-01-09 16:32:21,604.8,W,visa,debit,gmail.com,mobile,MAD
9004954,2025-01-09 16:42:34,80.71,W,visa,debit,gmail.com,mobile,MAD
9002378,2025-01-09 17:01:54,67.25,R,mastercard,debit,gmail.com,mobile,MAD
9002761,2025-01-09 17:08:46,140.09,H,visa,credit,gmail.com,mobile,MAD
9004837,2025-01-09 17:21:09,891.9,C,visa,debit,gmail.com,mobile,MAD
9001528,2025-01-09 17:56:22,120.85,H,visa,credit,yahoo.fr,mobile,MAD
9001342,2025-01-09 17:57:52,450.72,W,mastercard,debit,gmail.com,mobile,MAD
9000948,2025-01-09 18:00:50,144.34,H,visa,credit,outlook.com,mobile,MAD
9000823,2025-01-09 18:09:13,953.33,W,mastercard,debit,gmail.com,,MAD
9000522,2025-01-09 18:21:05,597.07,H,american express,debit,gmail.com,,MAD
9003835,2025-01-09 18:26:33,143.94,H,visa,debit,gmail.com,mobile,MAD
9003204,2025-01-09 18:31:12,103.87,W,visa,credit,gmail.com,mobile,MAD
9001607,2025-01-09 18:34:31,342.27,C,mastercard,debit,gmail.com,desktop,MAD
9000604,2025-01-09 18:48:15,235.64,H,visa,debit,yahoo.fr,,MAD
9001612,2025-01-09 19:07:09,1714.83,W,mastercard,credit,outlook.com,desktop,MAD
9000329,2025-01-09 19:28:29,201.72,W,mastercard,debit,gmail.com,mobile,MAD
9000256,2025-01-09 19:54:06,125.16,W,visa,debit,gmail.com,mobile,MAD
9003308,2025-01-09 19:58:20,313.71,W,visa,credit,yahoo.fr,desktop,MAD
9001698,2025-01-09 20:01:23,287.46,W,mastercard,debit,gmail.com,,MAD
9000528,2025-01-09 20:16:52,243.09,C,mastercard,debit,hotmail.com,mobile,MAD
9001819,2025-01-09 20:41:02,384.71,W,visa,debit,menara.ma,mobile,MAD
9001063,2025-01-09 20:41:27,133.48,W,mastercard,debit,yahoo.fr,mobile,MAD
9003993,2025-01-09 20:46:43,238.42,C,mastercard,credit,gmail.com,desktop,MAD
9000118,2025-01-09 20:51:15,256.78,W,american express,debit,menara.ma,desktop,MAD
9000100,2025-01-09 21:00:25,298.48,W,mastercard,debit,gmail.com,mobile,MAD
9004474,2025-01-09 21:01:27,259.57,W,mastercard,credit,yahoo.fr,desktop,MAD
9002330,2025-01-09 21:04:33,720.82,C,mastercard,debit,gmail.com,desktop,MAD
9000769,2025-01-09 21:05:12,320.8,H,visa,debit,outlook.com,mobile,MAD
9004758,2025-01-09 21:10:31,324.3,R,visa,debit,hotmail.com,mobile,MAD
9002480,2025-01-09 21:38:22,234.73,W,mastercard,credit,menara.ma,mobile,MAD
9003249,2025-01-09 22:08:37,900.59,R,mastercard,debit,gmail.com,mobile,MAD
9003671,2025-01-09 22:09:44,639.91,R,mastercard,credit,gmail.com,mobile,MAD
9003606,2025-01-09 22:14:41,355.55,C,visa,debit,gmail.com,desktop,MAD
9003889,2025-01-09 22:29:11,241.21,C,visa,debit,gmail.com,mobile,MAD
9000462,2025-01-09 22:39:17,722.39,C,visa,debit,gmail.com,,MAD
9004026,2025-01-09 23:15:01,367.84,W,mastercard,debit,gmail.com,mobile,MAD
9001941,2025-01-10 05:18:22,1139.4,W,visa,credit,hotmail.com,,MAD
9000532,2025-01-10 06:00:13,112.8,W,visa,credit,yahoo.fr,mobile,MAD
9004884,2025-01-10 06:13:45,285.56,W,visa,debit,yahoo.fr,mobile,MAD
9004766,2025-01-10 06:38:47,155.45,H,visa,credit,yahoo.fr,desktop,MAD
9001854,2025-01-10 06:47:24,4706.63,R,visa,debit,gmail.com,,MAD
9000083,2025-01-10 07:39:01,640.65,W,mastercard,credit,menara.ma,,MAD
9001481,2025-01-10 07:53:23,164.9,C,visa,debit,gmail.com,mobile,MAD
9002720,2025-01-10 08:12:24,284.98,W,visa,debit,yahoo.fr,mobile,MAD
9000390,2025-01-10 08:14:50,266.04,W,visa,debit,hotmail.com,mobile,MAD
9003403,2025-01-10 08:32:40,1083.58,W,visa,debit,gmail.com,mobile,MAD
9004211,2025-01-10 08:34:10,418.37,H,visa,debit,outlook.com,mobile,MAD
9004143,2025-01-10 09:01:21,520.89,C,mastercard,credit,hotmail.com,,MAD
9004720,2025-01-10 09:30:01,173.6,W,visa,debit,menara.ma,mobile,MAD
9003885,2025-01-10 09:31:25,349.97,W,visa,credit,gmail.com,desktop,MAD
9002008,2025-01-10 09:35:55,127.76,R,visa,debit,gmail.com,,MAD
9002095,2025-01-10 09:54:23,461.6,W,visa,credit,hotmail.com,mobile,MAD
9000187,2025-01-10 10:01:17,322.78,C,visa,credit,outlook.com,mobile,MAD
9001078,2025-01-10 10:05:00,620.26,W,mastercard,debit,gmail.com,,MAD
9002427,2025-01-10 10:05:25,646.98,C,visa,debit,gmail.com,,MAD
9004849,2025-01-10 10:05:57,898.38,W,mastercard,debit,gmail.com,,MAD
9003568,2025-01-10 10:10:38,1424.56,W,visa,credit,yahoo.fr,mobile,MAD
9001487,2025-01-10 10:17:09,388.97,S,visa,debit,gmail.com,mobile,MAD
9000058,2025-01-10 10:22:58,854.46,W,mastercard,debit,gmail.com,desktop,MAD
9002639,2025-01-10 10:43:56,311.45,W,visa,debit,hotmail.com,mobile,MAD
9001104,2025-01-10 10:45:04,775.44,C,mastercard,debit,gmail.com,,MAD
9001970,2025-01-10 10:46:25,669.33,W,mastercard,debit,gmail.com,desktop,MAD
9000533,2025-01-10 10:50:13,179.94,W,mastercard,debit,hotmail.com,mobile,MAD
9003830,2025-01-10 10:51:36,103.72,W,visa,credit,outlook.com,mobile,MAD
9001596,2025-01-10 11:16:39,288.36,W,visa,debit,gmail.com,mobile,MAD
9000467,2025-01-10 11:37:12,114.12,W,visa,debit,gmail.com,mobile,MAD
9001537,2025-01-10 11:39:38,448.64,W,visa,credit,gmail.com,mobile,MAD
9001695,2025-01-10 11:44:35,3288.23,W,visa,credit,hotmail.com,mobile,MAD
9000937,2025-01-10 11:48:49,1039.15,H,mastercard,credit,gmail.com,mobile,MAD
9000623,2025-01-10 11:51:40,259.12,R,visa,debit,yahoo.fr,desktop,MAD
9002660,2025-01-10 11:57:01,532.95,W,mastercard,credit,menara.ma,mobile,MAD
9003928,2025-01-10 12:09:26,576.11,W,visa,credit,hotmail.com,mobile,MAD
9000350,2025-01-10 12:28:04,236.95,R,visa,credit,gmail.com,mobile,MAD
9001076,2025-01-10 12:29:31,362.56,W,visa,debit,yahoo.fr,mobile,MAD
9003707,2025-01-10 12:40:54,441.98,W,mastercard,debit,hotmail.com,mobile,MAD
9001947,2025-01-10 12:47:33,178.34,W,mastercard,credit,yahoo.fr,desktop,MAD
9003980,2025-01-10 12:54:16,226.62,R,mastercard,debit,gmail.com,desktop,MAD
9001908,2025-01-10 12:58:26,1040.88,H,visa,debit,gmail.com,desktop,MAD
9002792,2025-01-10 13:07:11,284.18,W,visa,debit,hotmail.com,desktop,MAD
9004220,2025-01-10 13:21:59,838.05,W,visa,debit,gmail.com,,MAD
9002369,2025-01-10 13:26:56,427.98,W,mastercard,debit,gmail.com,,MAD
9004348,2025-01-10 13:32:03,204.56,R,mastercard,debit,menara.ma,mobile,MAD
9000961,2025-01-10 13:41:08,276.71,W,visa,debit,yahoo.fr,desktop,MAD
9003701,2025-01-10 14:03:50,525.12,R,visa,debit,hotmail.com,desktop,MAD
9000750,2025-01-10 14:32:31,352.09,W,american express,debit,hotmail.com,mobile,MAD
9004113,2025-01-10 14:42:20,423.33,W,visa,debit,yahoo.fr,mobile,MAD
9001637,2025-01-10 14:44:37,47.1,H,mastercard,debit,gmail.com,mobile,MAD
9000041,2025-01-10 14:53:06,171.34,W,visa,credit,gmail.com,mobile,MAD
9004367,2025-01-10 14:54:14,232.71,R,mastercard,debit,gmail.com,mobile,MAD
9001046,2025-01-10 14:56:50,160.9,H,visa,credit,outlook.com,mobile,MAD
9001655,2025-01-10 15:00:45,250.61,W,visa,debit,gmail.com,mobile,MAD
9002222,2025-01-10 15:09:16,229.97,W,mastercard,credit,gmail.com,,MAD
9004663,2025-01-10 15:11:33,383.63,H,visa,credit,outlook.com,,MAD
9000884,2025-01-10 15:21:45,249.36,R,mastercard,credit,hotmail.com,mobile,MAD
9001936,2025-01-10 15:30:11,941.62,C,visa,debit,gmail.com,mobile,MAD
9003163,2025-01-10 15:34:37,442.73,R,mastercard,debit,gmail.com,desktop,MAD
9002596,2025-01-10 15:36:00,716.38,H,visa,credit,gmail.com,mobile,MAD
9002308,2025-01-10 16:07:10,319.94,R,mastercard,debit,gmail.com,,MAD
9003038,2025-01-10 16:42:39,2390.11,C,visa,credit,gmail.com,mobile,MAD
9004379,2025-01-10 17:00:28,200.27,R,visa,debit,gmail.com,mobile,MAD
9000357,2025-01-10 17:12:21,469.39,W,mastercard,debit,gmail.com,mobile,MAD
9001406,2025-01-10 17:15:32,346.69,W,mastercard,debit,hotmail.com,mobile,MAD
9000287,2025-01-10 17:36:29,1144.97,R,visa,credit,gmail.com,desktop,MAD
9003365,2025-01-10 17:36:47,238.92,W,visa,debit,gmail.com,mobile,MAD
9004018,2025-01-10 17:43:23,220.1,W,mastercard,credit,gmail.com,mobile,MAD
9004418,2025-01-10 17:47:23,426.34,H,visa,debit,menara.ma,mobile,MAD
9002933,2025-01-10 17:56:22,200.91,W,mastercard,debit,gmail.com,desktop,MAD
9003327,2025-01-10 17:59:27,496.6,R,visa,debit,hotmail.com,mobile,MAD
9004957,2025-01-10 18:03:53,91.0,W,visa,debit,gmail.com,mobile,MAD
9000536,2025-01-10 18:22:38,627.68,W,visa,credit,outlook.com,,MAD
9003253,2025-01-10 18:41:40,915.21,W,visa,debit,outlook.com,desktop,MAD
9003686,2025-01-10 18:50:10,177.01,W,visa,credit,gmail.com,,MAD
9001229,2025-01-10 18:55:45,1168.25,C,visa,debit,outlook.com,,MAD
9002886,2025-01-10 19:04:08,491.03,R,mastercard,credit,gmail.com,desktop,MAD
9001850,2025-01-10 19:20:33,761.81,W,visa,debit,gmail.com,mobile,MAD
9002433,2025-01-10 19:22:10,434.16,W,visa,debit,gmail.com,desktop,MAD
9003271,2025-01-10 19:24:39,1187.94,W,visa,credit,gmail.com,desktop,MAD
9000178,2025-01-10 19:37:04,372.85,H,mastercard,debit,gmail.com,mobile,MAD
9004583,2025-01-10 19:50:00,345.4,W,visa,debit,gmail.com,mobile,MAD
9000847,2025-01-10 19:56:32,469.4,H,visa,credit,gmail.com,desktop,MAD
9002868,2025-01-10 19:57:41,341.76,C,visa,debit,hotmail.com,mobile,MAD
9001524,2025-01-10 20:05:00,336.36,W,visa,debit,gmail.com,desktop,MAD
9002013,2025-01-10 20:17:17,813.09,R,visa,credit,gmail.com,mobile,MAD
9003322,2025-01-10 20:19:31,350.02,W,visa,debit,menara.ma,mobile,MAD
9000182,2025-01-10 20:22:16,172.82,C,mastercard,debit,yahoo.fr,desktop,MAD
9001778,2025-01-10 20:25:45,245.64,W,mastercard,debit,gmail.com,desktop,MAD
9003808,2025-01-10 20:27:50,148.5,W,mastercard,debit,gmail.com,mobile,MAD
9002249,2025-01-10 20:41:13,373.66,W,visa,debit,yahoo.fr,mobile,MAD
9000273,2025-01-10 20:41:53,281.61,C,visa,debit,gmail.com,desktop,MAD
9001556,2025-01-10 20:44:51,242.19,W,mastercard,debit,hotmail.com,desktop,MAD
9004557,2025-01-10 20:49:07,265.08,W,visa,debit,menara.ma,mobile,MAD
9003603,2025-01-10 20:52:08,388.81,W,visa,debit,menara.ma,mobile,MAD
9003351,2025-01-10 23:57:45,539.0,H,visa,debit,gmail.com,mobile,MAD
9002275,2025-01-11 00:44:39,282.66,H,mastercard,debit,outlook.com,mobile,MAD
9001106,2025-01-11 00:54:31,1033.44,W,visa,debit,gmail.com,mobile,MAD
9002805,2025-01-11 01:10:34,456.46,C,visa,debit,outlook.com,mobile,MAD
9003787,2025-01-11 01:42:00,3642.38,C,mastercard,debit,yahoo.fr,mobile,MAD
9001032,2025-01-11 02:14:27,341.22,W,american express,debit,gmail.com,desktop,MAD
9004773,2025-01-11 02:14:28,488.21,W,mastercard,debit,gmail.com,mobile,MAD
9000635,2025-01-11 04:04:00,1082.42,C,visa,debit,gmail.com,desktop,MAD
9002051,2025-01-11 06:03:09,407.45,W,mastercard,credit,gmail.com,desktop,MAD
9003052,2025-01-11 06:31:26,650.91,R,visa,debit,gmail.com,mobile,MAD
9000685,2025-01-11 06:42:56,1164.45,C,visa,debit,gmail.com,mobile,MAD
9000168,2025-01-11 06:47:26,167.35,R,mastercard,credit,gmail.com,,MAD
9000761,2025-01-11 07:07:35,86.99,W,visa,credit,gmail.com,mobile,MAD
9001193,2025-01-11 07:26:41,570.53,C,mastercard,debit,gmail.com,,MAD
9003888,2025-01-11 08:17:55,629.67,R,mastercard,credit,gmail.com,mobile,MAD
9003824,2025-01-11 08:21:22,155.13,R,visa,debit,gmail.com,desktop,MAD
9003257,2025-01-11 08:23:39,247.85,W,mastercard,debit,gmail.com,desktop,MAD
9002940,2025-01-11 08:32:03,263.71,W,mastercard,debit,menara.ma,mobile,MAD
9002381,2025-01-11 08:47:00,275.8,H,visa,debit,yahoo.fr,mobile,MAD
9003517,2025-01-11 09:16:12,229.79,W,visa,credit,gmail.com,desktop,MAD
9002297,2025-01-11 09:24:56,278.25,S,mastercard,debit,gmail.com,mobile,MAD
9002478,2025-01-11 09:47:05,611.2,C,mastercard,credit,gmail.com,desktop,MAD
9000908,2025-01-11 10:03:30,323.28,W,visa,debit,gmail.com,mobile,MAD
9001929,2025-01-11 10:13:27,234.72,H,mastercard,credit,gmail.com,mobile,MAD
9000251,2025-01-11 10:20:31,363.07,H,mastercard,credit,hotmail.com,mobile,MAD
9001616,2025-01-11 10:40:02,704.93,W,visa,credit,hotmail.com,mobile,MAD
9001883,2025-01-11 10:40:44,1908.82,C,visa,debit,gmail.com,,MAD
9002368,2025-01-11 10:51:55,454.93,W,visa,debit,menara.ma,,MAD
9003196,2025-01-11 11:23:15,359.05,W,visa,debit,gmail.com,mobile,MAD
9003879,2025-01-11 11:33:10,244.21,H,visa,debit,outlook.com,mobile,MAD
9002032,2025-01-11 11:33:44,215.29,C,mastercard,credit,hotmail.com,mobile,MAD
9003088,2025-01-11 11:36:26,483.44,W,mastercard,credit,gmail.com,mobile,MAD
9002483,2025-01-11 11:43:40,194.55,W,visa,debit,yahoo.fr,mobile,MAD
9002931,2025-01-11 12:09:08,332.87,C,visa,debit,gmail.com,mobile,MAD
9003180,2025-01-11 12:25:28,131.27,S,mastercard,debit,gmail.com,mobile,MAD
9004226,2025-01-11 12:37:59,992.06,S,visa,credit,hotmail.com,mobile,MAD
9000023,2025-01-11 12:42:05,319.33,W,visa,credit,gmail.com,,MAD
9001405,2025-01-11 12:50:51,817.11,C,mastercard,debit,outlook.com,desktop,MAD
9001174,2025-01-11 12:56:22,766.13,S,visa,debit,gmail.com,mobile,MAD
9003562,2025-01-11 12:56:59,118.79,W,visa,debit,gmail.com,desktop,MAD
9004634,2025-01-11 13:01:36,233.73,H,mastercard,credit,gmail.com,mobile,MAD
9004628,2025-01-11 13:03:19,482.71,C,visa,debit,gmail.com,,MAD
9000544,2025-01-11 13:05:33,749.27,H,visa,credit,hotmail.com,desktop,MAD
9004682,2025-01-11 13:35:41,92.42,H,visa,debit,gmail.com,,MAD
9003668,2025-01-11 13:36:46,332.13,S,mastercard,debit,gmail.com,mobile,MAD
9002328,2025-01-11 13:55:25,439.33,W,mastercard,debit,gmail.com,mobile,MAD
9001433,2025-01-11 14:43:43,622.99,H,mastercard,credit,outlook.com,mobile,MAD
9002534,2025-01-11 14:47:52,99.29,W,visa,debit,hotmail.com,desktop,MAD
9004168,2025-01-11 14:49:29,107.24,H,mastercard,debit,gmail.com,desktop,MAD
9004372,2025-01-11 15:00:19,347.77,W,visa,debit,gmail.com,desktop,MAD
9000469,2025-01-11 15:04:14,638.14,W,visa,debit,gmail.com,,MAD
9003087,2025-01-11 15:42:17,684.67,W,visa,credit,gmail.com,mobile,MAD
9004283,2025-01-11 16:10:55,240.34,H,visa,debit,gmail.com,mobile,MAD
9002370,2025-01-11 16:14:46,1082.71,W,mastercard,credit,gmail.com,mobile,MAD
9004391,2025-01-11 16:20:55,398.42,C,mastercard,debit,menara.ma,,MAD
9004929,2025-01-11 16:37:11,1023.19,W,mastercard,debit,menara.ma,mobile,MAD
9003690,2025-01-11 16:37:48,517.87,W,mastercard,debit,gmail.com,,MAD
9002248,2025-01-11 16:40:46,1066.8,C,visa,credit,gmail.com,mobile,MAD
9000259,2025-01-11 17:22:50,167.96,W,visa,debit,gmail.com,mobile,MAD
9002450,2025-01-11 17:30:24,217.58,W,visa,debit,hotmail.com,mobile,MAD
9002926,2025-01-11 17:42:22,874.17,W,mastercard,debit,yahoo.fr,desktop,MAD
9003049,2025-01-11 17:49:32,521.16,S,visa,debit,gmail.com,mobile,MAD
9000704,2025-01-11 17:50:23,180.36,C,visa,credit,yahoo.fr,mobile,MAD
9000349,2025-01-11 18:20:54,1269.62,W,mastercard,debit,gmail.com,mobile,MAD
9003950,2025-01-11 18:21:53,655.49,W,mastercard,debit,outlook.com,mobile,MAD
9001639,2025-01-11 18:46:03,296.65,R,visa,credit,hotmail.com,mobile,MAD
9000411,2025-01-11 18:46:12,319.24,W,visa,debit,menara.ma,,MAD
9002613,2025-01-11 18:47:07,287.89,W,visa,debit,gmail.com,mobile,MAD
9002200,2025-01-11 19:24:37,1059.95,H,mastercard,debit,gmail.com,,MAD
9003289,2025-01-11 19:32:42,257.88,C,visa,credit,outlook.com,,MAD
9001702,2025-01-11 19:54:14,607.46,H,visa,debit,gmail.com,mobile,MAD
9003559,2025-01-11 19:58:58,224.04,R,visa,debit,outlook.com,mobile,MAD
9003524,2025-01-11 20:06:46,121.3,W,visa,credit,gmail.com,desktop,MAD
9000564,2025-01-11 20:17:40,110.96,W,mastercard,debit,hotmail.com,mobile,MAD
9000230,2025-01-11 20:24:11,229.38,W,visa,credit,gmail.com,mobile,MAD
9003761,2025-01-11 20:51:09,177.96,W,visa,debit,gmail.com,mobile,MAD
9001886,2025-01-11 21:19:17,6118.04,W,visa,debit,gmail.com,mobile,MAD
9003097,2025-01-11 21:27:06,332.0,W,visa,credit,gmail.com,mobile,MAD
9002147,2025-01-11 21:30:21,188.98,W,mastercard,debit,hotmail.com,mobile,MAD
9000262,2025-01-11 21:30:31,403.23,S,mastercard,debit,outlook.com,mobile,MAD
9003792,2025-01-11 21:40:10,482.06,R,mastercard,debit,gmail.com,mobile,MAD
9000703,2025-01-11 21:40:59,268.25,W,mastercard,debit,yahoo.fr,desktop,MAD
9000661,2025-01-11 22:09:30,795.12,W,mastercard,credit,gmail.com,desktop,MAD
9000392,2025-01-11 22:35:02,53.28,S,visa,debit,gmail.com,mobile,MAD
9002103,2025-01-11 23:21:23,918.99,W,visa,debit,gmail.com,desktop,MAD
9003040,2025-01-12 00:48:58,225.39,S,visa,debit,gmail.com,mobile,MAD
9002466,2025-01-12 01:22:42,781.65,H,visa,debit,gmail.com,desktop,MAD
9002674,2025-01-12 05:38:53,600.67,C,visa,debit,gmail.com,mobile,MAD
9004564,2025-01-12 06:31:00,96.92,H,mastercard,debit,gmail.com,desktop,MAD
9004844,2025-01-12 06:32:02,766.62,C,visa,debit,gmail.com,mobile,MAD
9004491,2025-01-12 08:02:17,404.2,H,visa,debit,yahoo.fr,,MAD
9002220,2025-01-12 08:09:44,1297.75,C,visa,debit,gmail.com,mobile,MAD
9002738,2025-01-12 08:24:12,380.3,S,mastercard,debit,outlook.com,mobile,MAD
9002554,2025-01-12 08:26:54,247.88,W,mastercard,credit,gmail.com,desktop,MAD
9000912,2025-01-12 08:40:40,315.76,C,mastercard,debit,outlook.com,mobile,MAD
9002741,2025-01-12 08:45:50,536.89,R,mastercard,credit,outlook.com,desktop,MAD
9003693,2025-01-12 09:00:01,172.84,W,visa,debit,menara.ma,mobile,MAD
9004019,2025-01-12 09:05:13,448.92,W,discover,debit,protonmail.com,desktop,MAD
9000398,2025-01-12 09:06:40,572.58,W,mastercard,credit,yahoo.fr,mobile,MAD
9002094,2025-01-12 09:44:45,39.03,W,mastercard,credit,gmail.com,mobile,MAD
9001891,2025-01-12 09:46:30,284.55,W,visa,debit,hotmail.com,mobile,MAD
9002993,2025-01-12 10:07:16,620.47,W,mastercard,debit,hotmail.com,mobile,MAD
9004103,2025-01-12 10:14:24,251.05,R,mastercard,debit,gmail.com,mobile,MAD
9001651,2025-01-12 10:45:24,169.03,W,american express,debit,gmail.com,mobile,MAD
9004492,2025-01-12 10:47:33,26.33,H,mastercard,debit,gmail.com,mobile,MAD
9002511,2025-01-12 10:52:42,1628.83,W,visa,debit,yahoo.fr,,MAD
9001523,2025-01-12 11:02:39,452.14,R,visa,debit,outlook.com,mobile,MAD
9004871,2025-01-12 11:06:45,725.36,C,american express,debit,hotmail.com,,MAD
9002392,2025-01-12 11:29:22,561.57,W,mastercard,debit,menara.ma,mobile,MAD
9004985,2025-01-12 11:37:33,692.86,R,visa,credit,gmail.com,mobile,MAD
9002071,2025-01-12 11:38:02,464.21,H,mastercard,debit,outlook.com,,MAD
9002810,2025-01-12 11:56:51,355.93,W,visa,debit,gmail.com,,MAD
9002815,2025-01-12 12:04:46,117.72,W,visa,credit,yahoo.fr,mobile,MAD
9003182,2025-01-12 12:39:43,154.5,S,mastercard,debit,gmail.com,mobile,MAD
9004156,2025-01-12 12:40:56,576.85,H,mastercard,debit,gmail.com,mobile,MAD
9002813,2025-01-12 12:54:42,246.22,W,mastercard,debit,gmail.com,mobile,MAD
9004791,2025-01-12 12:56:01,91.58,H,visa,debit,gmail.com,mobile,MAD
9003290,2025-01-12 13:02:59,271.48,S,mastercard,credit,outlook.com,desktop,MAD
9002745,2025-01-12 13:17:04,337.74,R,visa,debit,hotmail.com,desktop,MAD
9003913,2025-01-12 13:35:31,553.11,R,mastercard,credit,gmail.com,mobile,MAD
9003837,2025-01-12 13:38:19,333.2,H,visa,credit,gmail.com,mobile,MAD
9000052,2025-01-12 14:13:48,148.78,W,mastercard,debit,outlook.com,mobile,MAD
9003258,2025-01-12 14:16:54,566.28,C,visa,debit,hotmail.com,mobile,MAD
9000523,2025-01-12 14:44:07,168.28,W,mastercard,debit,menara.ma,,MAD
9004331,2025-01-12 14:51:25,277.21,W,mastercard,credit,gmail.com,,MAD
9004875,2025-01-12 15:00:38,459.31,W,visa,credit,gmail.com,mobile,MAD
9001326,2025-01-12 15:13:57,161.99,W,mastercard,debit,gmail.com,mobile,MAD
9004905,2025-01-12 15:20:03,331.93,W,mastercard,debit,gmail.com,mobile,MAD
9003359,2025-01-12 15:20:11,392.37,W,visa,credit,gmail.com,,MAD
9001178,2025-01-12 15:27:45,115.26,H,visa,debit,yahoo.fr,mobile,MAD
9004983,2025-01-12 15:29:27,397.26,S,visa,debit,hotmail.com,mobile,MAD
9003045,2025-01-12 15:36:29,116.19,S,visa,debit,gmail.com,desktop,MAD
9003099,2025-01-12 15:39:41,309.22,H,american express,debit,hotmail.com,mobile,MAD
9004248,2025-01-12 15:44:35,459.82,W,mastercard,debit,gmail.com,mobile,MAD
9004956,2025-01-12 15:50:25,451.18,W,visa,credit,hotmail.com,desktop,MAD
9001534,2025-01-12 15:56:02,326.65,H,mastercard,debit,gmail.com,mobile,MAD
9003965,2025-01-12 15:56:49,640.79,R,visa,debit,gmail.com,mobile,MAD
9000072,2025-01-12 15:57:41,428.97,R,mastercard,debit,gmail.com,mobile,MAD
9001113,2025-01-12 16:02:02,221.11,W,visa,debit,hotmail.com,,MAD
9001432,2025-01-12 16:03:46,374.72,W,mastercard,debit,gmail.com,,MAD
9003153,2025-01-12 16:21:00,647.92,W,mastercard,debit,gmail.com,mobile,MAD
9001115,2025-01-12 16:23:40,1426.29,C,visa,debit,gmail.com,mobile,MAD
9000426,2025-01-12 16:25:33,605.63,W,visa,debit,hotmail.com,mobile,MAD
9003256,2025-01-12 16:36:36,459.18,W,visa,debit,yahoo.fr,desktop,MAD
9003935,2025-01-12 16:49:48,500.89,H,american express,credit,gmail.com,desktop,MAD
9001704,2025-01-12 16:52:57,324.01,W,visa,credit,gmail.com,mobile,MAD
9004009,2025-01-12 16:55:51,293.91,S,visa,credit,gmail.com,mobile,MAD
9001798,2025-01-12 16:58:57,320.54,W,visa,debit,menara.ma,mobile,MAD
9003909,2025-01-12 17:05:42,152.14,W,visa,debit,menara.ma,,MAD
9003024,2025-01-12 17:41:02,912.3,W,visa,debit,hotmail.com,desktop,MAD
9002861,2025-01-12 17:52:22,2653.3,C,mastercard,debit,gmail.com,mobile,MAD
9000102,2025-01-12 17:53:03,351.85,H,mastercard,debit,yahoo.fr,desktop,MAD
9001770,2025-01-12 18:10:18,184.18,W,mastercard,credit,outlook.com,desktop,MAD
9000543,2025-01-12 18:14:48,806.14,W,visa,debit,menara.ma,desktop,MAD
9003295,2025-01-12 18:16:15,163.22,W,mastercard,debit,menara.ma,mobile,MAD
9004448,2025-01-12 18:22:16,1025.18,C,mastercard,credit,gmail.com,desktop,MAD
9002944,2025-01-12 18:23:24,598.75,R,mastercard,debit,hotmail.com,mobile,MAD
9004656,2025-01-12 18:29:46,501.99,W,visa,debit,menara.ma,mobile,MAD
9003776,2025-01-12 18:49:03,337.68,W,visa,debit,yahoo.fr,,MAD
9000253,2025-01-12 19:10:03,420.84,R,visa,debit,gmail.com,desktop,MAD
9004408,2025-01-12 19:16:47,188.79,C,visa,debit,menara.ma,desktop,MAD
9004159,2025-01-12 19:36:34,354.16,H,american express,debit,gmail.com,mobile,MAD
9004581,2025-01-12 19:37:07,192.4,H,visa,credit,menara.ma,desktop,MAD
9001960,2025-01-12 19:48:38,313.44,W,mastercard,debit,outlook.com,mobile,MAD
9001663,2025-01-12 20:05:20,699.75,W,visa,debit,gmail.com,mobile,MAD
9002385,2025-01-12 20:11:31,960.99,C,visa,debit,hotmail.com,mobile,MAD
9000993,2025-01-12 20:20:33,212.97,C,visa,credit,menara.ma,mobile,MAD
9003194,2025-01-12 20:27:41,198.27,W,visa,credit,gmail.com,mobile,MAD
9003394,2025-01-12 20:33:55,163.92,W,visa,debit,gmail.com,mobile,MAD
9000838,2025-01-12 20:55:47,86.42,H,visa,debit,gmail.com,desktop,MAD
9001787,2025-01-12 21:04:18,274.56,C,visa,credit,gmail.com,desktop,MAD
9003529,2025-01-12 21:23:30,428.41,C,visa,debit,yahoo.fr,mobile,MAD
9000888,2025-01-12 21:30:49,1077.89,R,mastercard,debit,yahoo.fr,mobile,MAD
9002851,2025-01-12 21:37:06,747.46,H,visa,debit,outlook.com,,MAD
9002929,2025-01-12 21:38:53,674.33,W,mastercard,debit,gmail.com,mobile,MAD
9002890,2025-01-12 21:47:09,339.71,W,mastercard,debit,gmail.com,mobile,MAD
9004827,2025-01-12 22:13:44,214.55,R,visa,credit,hotmail.com,desktop,MAD
9001345,2025-01-12 22:14:01,611.72,C,visa,debit,hotmail.com,mobile,MAD
9004796,2025-01-12 22:47:48,383.01,C,visa,debit,gmail.com,mobile,MAD
9004578,2025-01-12 23:12:58,363.33,W,mastercard,credit,yahoo.fr,,MAD
9004556,2025-01-13 00:35:00,4514.24,C,visa,debit,yahoo.fr,mobile,MAD
9002900,2025-01-13 05:09:28,370.23,W,visa,debit,hotmail.com,desktop,MAD
9000872,2025-01-13 05:18:20,277.46,W,mastercard,debit,gmail.com,mobile,MAD
9003736,2025-01-13 07:48:59,180.38,H,visa,debit,gmail.com,desktop,MAD
9002349,2025-01-13 08:22:05,764.87,S,visa,debit,gmail.com,mobile,MAD
9003894,2025-01-13 08:32:33,71.38,W,visa,credit,gmail.com,mobile,MAD
9001872,2025-01-13 08:47:02,471.39,C,visa,debit,gmail.com,desktop,MAD
9001072,2025-01-13 08:51:57,218.16,W,mastercard,credit,gmail.com,mobile,MAD
9001988,2025-01-13 08:53:15,127.13,W,visa,debit,hotmail.com,mobile,MAD
9002462,2025-01-13 09:13:24,398.26,W,mastercard,debit,gmail.com,mobile,MAD
9003504,2025-01-13 09:20:34,165.01,W,visa,debit,gmail.com,mobile,MAD
9001710,2025-01-13 09:31:31,587.45,C,visa,debit,hotmail.com,mobile,MAD
9003018,2025-01-13 09:41:45,366.86,W,visa,debit,gmail.com,,MAD
9000735,2025-01-13 09:54:28,251.59,W,mastercard,debit,gmail.com,mobile,MAD
9001474,2025-01-13 09:55:31,583.55,W,visa,credit,outlook.com,mobile,MAD
9004605,2025-01-13 10:10:37,500.82,R,visa,debit,outlook.com,desktop,MAD
9004119,2025-01-13 10:29:01,1121.89,C,mastercard,debit,hotmail.com,mobile,MAD
9003328,2025-01-13 10:34:41,215.5,W,visa,debit,hotmail.com,,MAD
9003476,2025-01-13 10:40:59,271.68,C,visa,debit,yahoo.fr,mobile,MAD
9001582,2025-01-13 10:44:34,114.17,H,mastercard,debit,hotmail.com,mobile,MAD
9002496,2025-01-13 10:51:23,272.41,R,mastercard,debit,gmail.com,mobile,MAD
9004027,2025-01-13 11:01:03,411.13,W,visa,debit,yahoo.fr,mobile,MAD
9002643,2025-01-13 11:05:19,180.84,W,mastercard,credit,gmail.com,mobile,MAD
9002602,2025-01-13 11:10:39,448.59,R,mastercard,debit,gmail.com,desktop,MAD
9001940,2025-01-13 11:21:38,165.36,H,mastercard,debit,gmail.com,desktop,MAD
9002360,2025-01-13 11:41:37,176.7,S,visa,debit,gmail.com,desktop,MAD
9002116,2025-01-13 11:44:13,741.26,W,visa,credit,hotmail.com,mobile,MAD
9002870,2025-01-13 11:48:34,166.31,W,visa,credit,gmail.com,desktop,MAD
9003433,2025-01-13 11:53:34,387.87,W,visa,credit,yahoo.fr,mobile,MAD
9001989,2025-01-13 11:53:50,203.86,S,mastercard,credit,hotmail.com,desktop,MAD
9004811,2025-01-13 12:00:12,693.72,S,american express,debit,gmail.com,mobile,MAD
9000339,2025-01-13 12:38:13,202.42,W,mastercard,debit,gmail.com,mobile,MAD
9001364,2025-01-13 12:45:19,274.28,W,visa,debit,gmail.com,mobile,MAD
9001796,2025-01-13 12:45:24,165.32,H,visa,debit,gmail.com,mobile,MAD
9002765,2025-01-13 12:48:06,285.83,W,visa,credit,gmail.com,desktop,MAD
9000653,2025-01-13 12:55:17,213.37,H,mastercard,debit,gmail.com,mobile,MAD
9002277,2025-01-13 13:00:39,568.45,S,mastercard,credit,yahoo.fr,mobile,MAD
9002734,2025-01-13 13:05:25,389.46,R,visa,debit,gmail.com,desktop,MAD
9000224,2025-01-13 13:44:32,286.03,H,visa,debit,gmail.com,,MAD
9003297,2025-01-13 14:03:25,203.44,W,visa,debit,yahoo.fr,mobile,MAD
9003583,2025-01-13 15:06:18,493.01,C,visa,debit,gmail.com,desktop,MAD
9004755,2025-01-13 15:40:25,596.96,S,american express,credit,gmail.com,mobile,MAD
9004654,2025-01-13 15:54:34,97.02,C,visa,debit,yahoo.fr,mobile,MAD
9000009,2025-01-13 15:59:02,258.91,W,visa,debit,gmail.com,mobile,MAD
9002470,2025-01-13 16:45:47,1029.18,W,visa,debit,gmail.com,mobile,MAD
9004262,2025-01-13 16:47:20,3804.26,C,visa,credit,outlook.com,mobile,MAD
9001740,2025-01-13 17:07:01,157.68,H,mastercard,credit,menara.ma,desktop,MAD
9002665,2025-01-13 17:32:54,211.66,W,visa,debit,hotmail.com,desktop,MAD
9003242,2025-01-13 17:36:33,995.98,W,mastercard,debit,gmail.com,mobile,MAD
9004996,2025-01-13 18:09:55,725.81,R,visa,debit,menara.ma,,MAD
9001745,2025-01-13 18:16:22,451.61,W,mastercard,debit,gmail.com,,MAD
9004570,2025-01-13 18:31:00,318.67,S,mastercard,credit,hotmail.com,desktop,MAD
9004673,2025-01-13 18:34:44,909.66,W,american express,debit,menara.ma,mobile,MAD
9003241,2025-01-13 18:36:02,442.26,W,visa,debit,gmail.com,desktop,MAD
9000142,2025-01-13 18:39:00,121.37,R,visa,debit,gmail.com,,MAD
9000664,2025-01-13 18:41:09,390.88,H,visa,credit,outlook.com,mobile,MAD
9003960,2025-01-13 18:43:09,175.41,W,visa,credit,hotmail.com,mobile,MAD
9003179,2025-01-13 18:44:21,356.83,W,visa,credit,hotmail.com,desktop,MAD
9004587,2025-01-13 18:50:54,302.11,H,visa,credit,gmail.com,mobile,MAD
9003288,2025-01-13 19:40:33,119.35,S,visa,credit,gmail.com,mobile,MAD
9003586,2025-01-13 19:42:12,248.02,S,mastercard,credit,gmail.com,mobile,MAD
9002773,2025-01-13 19:42:26,1355.8,C,visa,debit,gmail.com,mobile,MAD
9004886,2025-01-13 19:47:10,136.51,C,visa,debit,outlook.com,desktop,MAD
9003683,2025-01-13 19:50:46,304.64,W,visa,debit,gmail.com,desktop,MAD
9002839,2025-01-13 19:54:03,1108.98,W,visa,debit,gmail.com,mobile,MAD
9002523,2025-01-13 20:00:49,486.52,S,visa,debit,yahoo.fr,desktop,MAD
9004164,2025-01-13 20:03:48,1554.49,H,discover,debit,protonmail.com,desktop,MAD
9004059,2025-01-13 20:06:29,148.23,W,american express,credit,menara.ma,desktop,MAD
9003079,2025-01-13 20:17:41,185.92,H,mastercard,credit,hotmail.com,desktop,MAD
9002474,2025-01-13 20:32:14,244.93,W,mastercard,credit,yahoo.fr,,MAD
9004188,2025-01-13 20:38:14,1650.94,W,mastercard,debit,gmail.com,mobile,MAD
9003526,2025-01-13 20:42:20,411.0,W,visa,debit,outlook.com,mobile,MAD
9003232,2025-01-13 20:50:44,524.5,C,visa,debit,yahoo.fr,mobile,MAD
9001085,2025-01-13 21:35:41,277.96,W,mastercard,credit,gmail.com,desktop,MAD
9001395,2025-01-13 21:46:37,1584.2,R,visa,credit,gmail.com,mobile,MAD
9002444,2025-01-13 22:29:34,659.36,W,visa,debit,gmail.com,,MAD
9003832,2025-01-13 22:33:39,179.17,W,visa,debit,gmail.com,mobile,MAD
9001656,2025-01-14 00:34:04,78.76,C,visa,debit,outlook.com,mobile,MAD
9003911,2025-01-14 02:03:59,322.58,C,visa,debit,gmail.com,mobile,MAD
9003850,2025-01-14 04:57:00,3272.73,W,visa,debit,hotmail.com,desktop,MAD
9004261,2025-01-14 05:58:54,151.2,W,visa,debit,gmail.com,desktop,MAD
9003336,2025-01-14 07:07:28,328.97,W,visa,debit,gmail.com,mobile,MAD
9002936,2025-01-14 07:19:09,448.94,W,visa,debit,gmail.com,mobile,MAD
9003197,2025-01-14 08:11:59,269.73,R,visa,debit,menara.ma,mobile,MAD
9000412,2025-01-14 08:30:34,332.69,W,visa,debit,menara.ma,mobile,MAD
9002968,2025-01-14 08:49:35,268.61,W,mastercard,debit,menara.ma,mobile,MAD
9002241,2025-01-14 09:05:09,725.25,C,visa,credit,menara.ma,mobile,MAD
9002703,2025-01-14 09:11:31,111.98,C,visa,credit,gmail.com,mobile,MAD
9001512,2025-01-14 09:12:01,100.37,S,visa,debit,gmail.com,mobile,MAD
9003811,2025-01-14 09:18:11,311.33,W,mastercard,debit,yahoo.fr,mobile,MAD
9002914,2025-01-14 09:40:23,622.16,S,visa,credit,outlook.com,mobile,MAD
9000626,2025-01-14 09:42:05,685.35,C,american express,credit,gmail.com,mobile,MAD
9002394,2025-01-14 10:08:58,235.79,W,mastercard,debit,menara.ma,mobile,MAD
9001257,2025-01-14 10:12:46,158.68,W,american express,debit,menara.ma,desktop,MAD
9004967,2025-01-14 10:22:07,459.46,H,visa,debit,hotmail.com,,MAD
9003782,2025-01-14 10:37:46,94.52,S,visa,debit,gmail.com,mobile,MAD
9000486,2025-01-14 10:48:58,205.49,C,visa,debit,hotmail.com,,MAD
9003484,2025-01-14 11:29:37,1193.65,W,visa,debit,gmail.com,mobile,MAD
9001112,2025-01-14 11:35:19,624.0,W,visa,debit,outlook.com,,MAD
9000363,2025-01-14 11:39:35,2026.28,W,discover,debit,protonmail.com,desktop,MAD
9000964,2025-01-14 11:53:46,878.76,C,mastercard,debit,gmail.com,desktop,MAD
9003952,2025-01-14 11:58:30,546.54,H,visa,credit,gmail.com,mobile,MAD
9003622,2025-01-14 12:13:36,566.4,C,mastercard,debit,gmail.com,mobile,MAD
9003471,2025-01-14 12:14:40,1112.26,C,mastercard,debit,gmail.com,,MAD
9003152,2025-01-14 13:07:35,358.64,H,mastercard,debit,yahoo.fr,desktop,MAD
9004373,2025-01-14 13:28:14,1850.06,S,visa,debit,hotmail.com,mobile,MAD
9002315,2025-01-14 13:39:29,198.78,C,visa,debit,yahoo.fr,mobile,MAD
9000567,2025-01-14 13:54:57,232.47,W,mastercard,credit,gmail.com,mobile,MAD
9000976,2025-01-14 13:56:49,217.17,W,visa,debit,yahoo.fr,mobile,MAD
9003089,2025-01-14 14:00:54,401.75,R,mastercard,credit,menara.ma,mobile,MAD
9002747,2025-01-14 14:02:20,213.9,R,mastercard,debit,gmail.com,mobile,MAD
9001839,2025-01-14 14:03:26,917.77,C,visa,credit,gmail.com,mobile,MAD
9004155,2025-01-14 14:09:29,569.52,W,visa,debit,gmail.com,mobile,MAD
9001545,2025-01-14 14:19:16,964.32,W,visa,debit,gmail.com,desktop,MAD
9000903,2025-01-14 14:41:38,102.46,W,visa,debit,yahoo.fr,mobile,MAD
9001479,2025-01-14 14:45:01,197.34,H,visa,credit,gmail.com,mobile,MAD
9003702,2025-01-14 14:46:36,176.4,W,visa,debit,outlook.com,mobile,MAD
9002553,2025-01-14 15:30:22,115.33,C,visa,debit,gmail.com,mobile,MAD
9003869,2025-01-14 15:56:06,337.89,W,visa,debit,gmail.com,mobile,MAD
9003413,2025-01-14 15:58:06,273.52,H,visa,debit,gmail.com,desktop,MAD
9002874,2025-01-14 16:13:04,214.28,H,visa,credit,outlook.com,desktop,MAD
9001355,2025-01-14 16:14:23,803.07,W,visa,debit,gmail.com,,MAD
9002358,2025-01-14 16:46:34,470.42,W,visa,debit,gmail.com,desktop,MAD
9004209,2025-01-14 16:49:41,234.8,W,visa,debit,yahoo.fr,mobile,MAD
9003714,2025-01-14 16:58:58,193.14,W,visa,debit,gmail.com,mobile,MAD
9003741,2025-01-14 17:12:22,159.57,W,visa,debit,gmail.com,,MAD
9002175,2025-01-14 17:14:11,291.89,S,visa,debit,gmail.com,desktop,MAD
9000032,2025-01-14 17:30:44,148.96,H,visa,debit,gmail.com,mobile,MAD
9003670,2025-01-14 17:39:24,193.4,H,visa,debit,yahoo.fr,mobile,MAD
9001877,2025-01-14 18:24:31,124.33,H,visa,debit,menara.ma,,MAD
9003314,2025-01-14 18:27:41,1122.43,H,visa,credit,gmail.com,mobile,MAD
9000326,2025-01-14 18:39:14,320.13,W,visa,debit,menara.ma,mobile,MAD
9002299,2025-01-14 19:00:47,1049.63,W,visa,debit,menara.ma,desktop,MAD
9003444,2025-01-14 19:19:40,534.55,R,visa,debit,gmail.com,mobile,MAD
9000078,2025-01-14 20:07:45,162.13,W,visa,credit,yahoo.fr,desktop,MAD
9001503,2025-01-14 20:07:47,533.81,W,visa,credit,gmail.com,mobile,MAD
9004803,2025-01-14 20:20:45,237.4,W,visa,debit,gmail.com,,MAD
9003882,2025-01-14 20:33:47,418.55,W,visa,credit,yahoo.fr,desktop,MAD
9002194,2025-01-14 20:39:36,670.49,W,mastercard,credit,gmail.com,desktop,MAD
9003181,2025-01-14 20:55:30,515.06,W,visa,debit,menara.ma,mobile,MAD
9004930,2025-01-14 21:00:55,531.15,W,mastercard,credit,gmail.com,desktop,MAD
9003029,2025-01-14 21:13:00,931.92,W,mastercard,debit,gmail.com,mobile,MAD
9003628,2025-01-15 00:34:16,480.05,W,visa,debit,gmail.com,mobile,MAD
9003094,2025-01-15 01:15:53,157.01,H,visa,debit,gmail.com,mobile,MAD
9004764,2025-01-15 03:07:21,327.95,W,mastercard,debit,gmail.com,desktop,MAD
9002687,2025-01-15 03:53:47,413.23,H,mastercard,credit,outlook.com,mobile,MAD
9000315,2025-01-15 03:59:38,191.19,H,visa,credit,gmail.com,mobile,MAD
9001386,2025-01-15 05:06:50,207.91,W,visa,credit,yahoo.fr,,MAD
9003386,2025-01-15 05:31:12,46.74,W,mastercard,debit,gmail.com,desktop,MAD
9002182,2025-01-15 05:31:28,665.9,H,visa,debit,gmail.com,mobile,MAD
9001265,2025-01-15 06:01:00,549.12,W,visa,debit,gmail.com,desktop,MAD
9001251,2025-01-15 07:02:26,118.07,W,visa,debit,gmail.com,mobile,MAD
9000097,2025-01-15 07:17:01,200.26,W,american express,debit,gmail.com,,MAD
9003255,2025-01-15 07:21:17,126.03,H,visa,debit,gmail.com,mobile,MAD
9000925,2025-01-15 08:16:54,411.8,W,mastercard,debit,menara.ma,desktop,MAD
9001288,2025-01-15 08:20:16,111.58,S,mastercard,debit,gmail.com,mobile,MAD
9003293,2025-01-15 08:27:45,689.47,C,mastercard,debit,hotmail.com,mobile,MAD
9003570,2025-01-15 08:29:16,275.17,R,visa,debit,yahoo.fr,mobile,MAD
9001107,2025-01-15 08:45:09,653.93,H,visa,credit,gmail.com,mobile,MAD
9000508,2025-01-15 08:50:55,325.38,W,american express,credit,hotmail.com,mobile,MAD
9001563,2025-01-15 09:03:52,821.03,W,visa,credit,gmail.com,desktop,MAD
9003745,2025-01-15 09:05:55,745.99,C,american express,credit,hotmail.com,mobile,MAD
9000568,2025-01-15 09:13:22,760.17,R,visa,credit,yahoo.fr,desktop,MAD
9000617,2025-01-15 09:17:38,405.92,W,mastercard,debit,gmail.com,mobile,MAD
9001786,2025-01-15 09:26:51,308.73,W,visa,credit,gmail.com,mobile,MAD
9002209,2025-01-15 09:27:42,183.61,W,mastercard,debit,hotmail.com,mobile,MAD
9000989,2025-01-15 09:31:25,363.32,W,visa,debit,gmail.com,mobile,MAD
9001506,2025-01-15 09:43:49,1320.68,W,visa,debit,hotmail.com,mobile,MAD
9001904,2025-01-15 10:05:27,281.32,W,mastercard,credit,yahoo.fr,mobile,MAD
9000189,2025-01-15 10:13:07,241.22,W,mastercard,credit,gmail.com,mobile,MAD
9002293,2025-01-15 10:38:04,387.59,W,mastercard,credit,yahoo.fr,desktop,MAD
9001291,2025-01-15 10:38:25,141.19,R,american express,debit,hotmail.com,mobile,MAD
9003275,2025-01-15 10:48:37,414.21,C,visa,credit,gmail.com,mobile,MAD
9003435,2025-01-15 10:57:53,372.98,R,mastercard,debit,outlook.com,,MAD
9000832,2025-01-15 10:58:49,1205.97,W,mastercard,credit,outlook.com,desktop,MAD
9000719,2025-01-15 11:02:47,237.72,W,mastercard,debit,outlook.com,,MAD
9000854,2025-01-15 11:11:05,350.32,H,visa,debit,gmail.com,mobile,MAD
9000384,2025-01-15 11:25:25,401.72,H,american express,credit,gmail.com,desktop,MAD
9004812,2025-01-15 11:42:30,134.61,W,visa,debit,yahoo.fr,mobile,MAD
9004240,2025-01-15 11:43:28,117.28,W,visa,credit,gmail.com,,MAD
9003333,2025-01-15 11:56:12,311.44,W,visa,debit,gmail.com,mobile,MAD
9003372,2025-01-15 11:59:06,208.18,W,visa,debit,gmail.com,desktop,MAD
9004706,2025-01-15 12:21:37,440.72,W,visa,debit,yahoo.fr,mobile,MAD
9002667,2025-01-15 12:34:19,495.08,W,visa,debit,gmail.com,desktop,MAD
9002100,2025-01-15 12:39:41,1661.91,C,visa,debit,gmail.com,mobile,MAD
9002253,2025-01-15 12:51:15,186.41,H,visa,debit,gmail.com,mobile,MAD
9000566,2025-01-15 13:30:17,91.88,W,visa,debit,gmail.com,mobile,MAD
9001709,2025-01-15 13:31:24,525.94,W,mastercard,debit,menara.ma,,MAD
9000327,2025-01-15 13:41:43,139.68,W,visa,credit,gmail.com,mobile,MAD
9001047,2025-01-15 14:06:03,192.04,R,visa,credit,gmail.com,,MAD
9003073,2025-01-15 14:33:12,945.57,C,visa,debit,gmail.com,mobile,MAD
9003863,2025-01-15 14:42:52,529.8,W,visa,debit,outlook.com,mobile,MAD
9002751,2025-01-15 14:48:41,383.35,R,mastercard,debit,yahoo.fr,,MAD
9001811,2025-01-15 14:58:35,209.78,S,visa,debit,gmail.com,,MAD
9000857,2025-01-15 15:13:09,707.76,C,visa,credit,gmail.com,,MAD
9003482,2025-01-15 15:17:43,312.09,W,mastercard,credit,menara.ma,mobile,MAD
9003278,2025-01-15 15:18:56,316.16,S,mastercard,credit,outlook.com,desktop,MAD
9003703,2025-01-15 15:25:41,143.8,W,visa,credit,outlook.com,desktop,MAD
9004048,2025-01-15 15:30:39,422.73,S,mastercard,credit,gmail.com,desktop,MAD
9004200,2025-01-15 15:32:27,335.28,C,visa,debit,gmail.com,mobile,MAD
9001515,2025-01-15 15:36:12,817.8,W,visa,debit,gmail.com,mobile,MAD
9002641,2025-01-15 16:03:27,249.1,C,mastercard,debit,gmail.com,,MAD
9001906,2025-01-15 16:09:10,143.45,H,visa,credit,gmail.com,desktop,MAD
9003210,2025-01-15 16:43:49,214.31,R,mastercard,debit,outlook.com,mobile,MAD
9002487,2025-01-15 16:43:52,1818.17,W,visa,debit,gmail.com,mobile,MAD
9001308,2025-01-15 16:53:08,67.87,R,mastercard,debit,gmail.com,mobile,MAD
9004607,2025-01-15 17:03:24,488.31,W,visa,debit,gmail.com,desktop,MAD
9002882,2025-01-15 17:08:17,776.81,C,visa,credit,gmail.com,,MAD
9004834,2025-01-15 17:33:51,725.41,W,mastercard,credit,gmail.com,desktop,MAD
9002237,2025-01-15 17:50:08,335.83,C,mastercard,credit,gmail.com,mobile,MAD
9001892,2025-01-15 18:01:19,613.2,W,visa,debit,gmail.com,mobile,MAD
9003084,2025-01-15 18:08:21,315.75,C,visa,debit,yahoo.fr,mobile,MAD
9000510,2025-01-15 18:25:28,468.63,H,mastercard,debit,hotmail.com,,MAD
9001542,2025-01-15 18:29:15,104.64,W,american express,debit,outlook.com,,MAD
9003968,2025-01-15 18:38:18,560.63,C,mastercard,debit,outlook.com,desktop,MAD
9001454,2025-01-15 18:41:53,867.21,W,visa,debit,gmail.com,mobile,MAD
9003110,2025-01-15 18:50:10,278.9,W,visa,debit,gmail.com,mobile,MAD
9001402,2025-01-15 19:01:19,154.39,C,mastercard,credit,gmail.com,mobile,MAD
9001124,2025-01-15 19:13:58,1672.13,W,visa,debit,gmail.com,,MAD
9000119,2025-01-15 19:15:28,379.61,W,mastercard,debit,hotmail.com,,MAD
9000148,2025-01-15 19:21:33,1646.24,W,mastercard,credit,outlook.com,mobile,MAD
9000637,2025-01-15 19:21:52,472.32,S,mastercard,debit,gmail.com,,MAD
9002967,2025-01-15 19:56:35,154.96,C,mastercard,debit,gmail.com,mobile,MAD
9004964,2025-01-15 20:00:42,161.78,S,mastercard,credit,gmail.com,mobile,MAD
9000593,2025-01-15 20:03:22,270.87,C,visa,debit,hotmail.com,mobile,MAD
9003878,2025-01-15 20:31:03,165.32,W,mastercard,credit,menara.ma,desktop,MAD
9004499,2025-01-15 20:37:06,996.19,W,visa,credit,gmail.com,mobile,MAD
9003061,2025-01-15 21:21:36,225.32,W,visa,debit,gmail.com,mobile,MAD
9002162,2025-01-15 21:35:02,911.78,C,mastercard,debit,yahoo.fr,,MAD
9001609,2025-01-15 21:45:37,149.85,W,mastercard,credit,gmail.com,mobile,MAD
9000831,2025-01-15 21:46:58,235.66,H,american express,debit,yahoo.fr,mobile,MAD
9001817,2025-01-15 21:51:51,236.77,C,visa,debit,hotmail.com,mobile,MAD
9004079,2025-01-15 22:12:39,722.97,W,visa,debit,hotmail.com,,MAD
9003595,2025-01-15 22:43:40,286.52,H,visa,credit,hotmail.com,,MAD
9001013,2025-01-15 23:24:42,187.9,C,visa,credit,gmail.com,desktop,MAD
9003431,2025-01-15 23:47:44,336.83,S,visa,debit,hotmail.com,mobile,MAD
9000380,2025-01-16 00:22:07,959.31,W,visa,credit,gmail.com,mobile,MAD
9004509,2025-01-16 00:53:50,474.13,C,visa,debit,gmail.com,desktop,MAD
9004398,2025-01-16 01:09:11,1601.4,W,mastercard,debit,hotmail.com,desktop,MAD
9004324,2025-01-16 04:45:34,873.56,W,visa,debit,yahoo.fr,desktop,MAD
9000919,2025-01-16 06:19:11,338.75,H,visa,debit,gmail.com,mobile,MAD
9001852,2025-01-16 06:33:05,1496.91,W,visa,credit,yahoo.fr,desktop,MAD
9004488,2025-01-16 06:38:36,80.25,H,visa,debit,gmail.com,,MAD
9003200,2025-01-16 06:58:12,155.24,W,visa,debit,gmail.com,desktop,MAD
9003222,2025-01-16 06:59:03,136.93,C,visa,credit,gmail.com,mobile,MAD
9001459,2025-01-16 07:26:08,994.34,R,mastercard,credit,menara.ma,mobile,MAD
9004235,2025-01-16 07:41:33,126.45,W,american express,debit,menara.ma,,MAD
9000483,2025-01-16 07:46:58,90.24,H,visa,credit,outlook.com,desktop,MAD
9003515,2025-01-16 08:12:11,178.44,W,visa,credit,outlook.com,mobile,MAD
9004794,2025-01-16 08:39:19,1383.03,R,visa,debit,yahoo.fr,,MAD
9004748,2025-01-16 09:14:59,348.92,W,visa,debit,outlook.com,mobile,MAD
9000209,2025-01-16 09:26:00,290.33,W,mastercard,debit,gmail.com,mobile,MAD
9003216,2025-01-16 09:26:56,352.01,W,visa,debit,gmail.com,desktop,MAD
9001660,2025-01-16 09:28:32,157.26,S,visa,debit,outlook.com,mobile,MAD
9001701,2025-01-16 09:42:24,206.69,W,visa,debit,gmail.com,mobile,MAD
9001425,2025-01-16 09:45:17,386.11,W,visa,debit,gmail.com,mobile,MAD
9004427,2025-01-16 10:26:07,190.22,W,visa,debit,yahoo.fr,,MAD
9004859,2025-01-16 10:27:45,370.95,W,mastercard,debit,gmail.com,desktop,MAD
9004378,2025-01-16 11:05:43,178.2,C,visa,debit,gmail.com,mobile,MAD
9002608,2025-01-16 11:12:44,344.83,R,mastercard,debit,gmail.com,desktop,MAD
9001179,2025-01-16 11:14:03,224.51,S,mastercard,debit,gmail.com,mobile,MAD
9004358,2025-01-16 11:24:14,423.73,S,mastercard,debit,yahoo.fr,,MAD
9001942,2025-01-16 11:26:53,205.1,W,visa,credit,gmail.com,,MAD
9001882,2025-01-16 11:45:50,1758.2,R,visa,debit,gmail.com,desktop,MAD
9004172,2025-01-16 11:51:14,324.33,W,visa,debit,gmail.com,mobile,MAD
9003468,2025-01-16 11:54:33,735.27,H,visa,debit,gmail.com,,MAD
9004344,2025-01-16 11:57:59,136.96,W,visa,debit,outlook.com,,MAD
9002346,2025-01-16 11:59:07,202.3,W,mastercard,debit,gmail.com,mobile,MAD
9004734,2025-01-16 12:00:02,934.67,H,visa,credit,gmail.com,mobile,MAD
9001804,2025-01-16 12:10:10,272.3,H,mastercard,credit,gmail.com,,MAD
9003319,2025-01-16 12:12:33,351.57,H,visa,credit,hotmail.com,mobile,MAD
9000696,2025-01-16 12:17:10,1340.89,W,american express,debit,yahoo.fr,mobile,MAD
9001502,2025-01-16 12:23:40,290.41,W,visa,credit,gmail.com,mobile,MAD
9002421,2025-01-16 12:36:52,1852.76,W,visa,credit,yahoo.fr,mobile,MAD
9003720,2025-01-16 13:04:11,198.41,W,visa,credit,gmail.com,,MAD
9004124,2025-01-16 13:08:24,87.37,W,visa,debit,yahoo.fr,mobile,MAD
9002188,2025-01-16 13:27:23,329.29,W,mastercard,debit,gmail.com,desktop,MAD
9004387,2025-01-16 13:40:27,447.07,W,mastercard,debit,gmail.com,desktop,MAD
9002895,2025-01-16 13:54:16,1125.14,C,visa,credit,gmail.com,desktop,MAD
9002079,2025-01-16 14:08:38,562.1,W,visa,credit,gmail.com,,MAD
9004405,2025-01-16 14:13:01,88.91,S,mastercard,debit,yahoo.fr,desktop,MAD
9000206,2025-01-16 14:30:45,408.6,C,mastercard,debit,gmail.com,mobile,MAD
9004949,2025-01-16 14:39:45,10245.33,H,mastercard,debit,gmail.com,mobile,MAD
9004494,2025-01-16 14:39:53,157.94,R,visa,debit,gmail.com,mobile,MAD
9003974,2025-01-16 15:38:35,386.81,W,visa,debit,gmail.com,,MAD
9004741,2025-01-16 15:48:46,1222.38,C,mastercard,debit,gmail.com,mobile,MAD
9003302,2025-01-16 16:20:44,471.28,R,visa,debit,gmail.com,mobile,MAD
9004650,2025-01-16 16:23:09,1060.7,C,visa,debit,yahoo.fr,mobile,MAD
9002126,2025-01-16 16:52:01,275.73,H,visa,debit,menara.ma,desktop,MAD
9000346,2025-01-16 16:56:07,305.73,R,mastercard,debit,hotmail.com,mobile,MAD
9002418,2025-01-16 17:02:07,195.99,W,visa,debit,yahoo.fr,mobile,MAD
9001297,2025-01-16 17:08:17,247.68,H,mastercard,debit,menara.ma,desktop,MAD
9001307,2025-01-16 17:31:11,348.66,W,visa,debit,menara.ma,mobile,MAD
9003718,2025-01-16 17:36:20,756.79,W,mastercard,debit,gmail.com,mobile,MAD
9000618,2025-01-16 17:56:42,822.94,C,visa,debit,hotmail.com,mobile,MAD
9004407,2025-01-16 18:00:21,590.12,W,visa,credit,outlook.com,mobile,MAD
9004138,2025-01-16 18:04:32,101.41,S,mastercard,credit,gmail.com,,MAD
9001562,2025-01-16 18:28:21,528.31,W,mastercard,debit,gmail.com,desktop,MAD
9003306,2025-01-16 18:31:19,1120.15,W,visa,debit,outlook.com,mobile,MAD
9004234,2025-01-16 19:00:36,275.65,W,visa,credit,gmail.com,mobile,MAD
9001818,2025-01-16 19:52:48,235.28,W,visa,debit,yahoo.fr,,MAD
9002399,2025-01-16 20:13:53,140.65,W,visa,credit,hotmail.com,desktop,MAD
9002492,2025-01-16 20:24:05,423.94,W,visa,debit,hotmail.com,mobile,MAD
9003566,2025-01-16 20:28:35,220.68,H,visa,debit,hotmail.com,mobile,MAD
9001413,2025-01-16 20:43:00,356.54,H,mastercard,debit,gmail.com,desktop,MAD
9004007,2025-01-16 21:13:02,528.57,R,visa,debit,yahoo.fr,mobile,MAD
9004187,2025-01-16 21:17:42,394.19,W,visa,debit,gmail.com,mobile,MAD
9003793,2025-01-16 21:20:44,198.16,W,mastercard,debit,hotmail.com,desktop,MAD
9001621,2025-01-16 21:49:33,434.6,H,visa,debit,gmail.com,desktop,MAD
9000211,2025-01-16 22:00:59,349.28,W,visa,credit,gmail.com,mobile,MAD
9003391,2025-01-16 22:13:07,215.38,H,mastercard,debit,yahoo.fr,,MAD
9000933,2025-01-16 22:40:39,248.93,H,mastercard,credit,yahoo.fr,mobile,MAD
9004452,2025-01-16 22:48:16,369.44,R,visa,debit,gmail.com,desktop,MAD
9004409,2025-01-16 23:30:00,137.85,W,visa,credit,outlook.com,mobile,MAD
9001261,2025-01-16 23:55:41,546.31,C,mastercard,debit,gmail.com,mobile,MAD
9004087,2025-01-17 00:29:26,539.97,W,visa,credit,gmail.com,mobile,MAD
9000039,2025-01-17 01:37:19,386.32,W,visa,debit,gmail.com,desktop,MAD
9002238,2025-01-17 05:10:40,459.74,W,visa,credit,gmail.com,mobile,MAD
9000314,2025-01-17 05:47:36,163.5,S,mastercard,credit,gmail.com,mobile,MAD
9004034,2025-01-17 06:53:04,2514.42,W,discover,debit,protonmail.com,desktop,MAD
9000505,2025-01-17 07:11:41,698.81,H,visa,debit,outlook.com,mobile,MAD
9002109,2025-01-17 07:13:18,827.19,W,visa,debit,gmail.com,desktop,MAD
9000292,2025-01-17 07:15:13,975.28,H,visa,credit,gmail.com,mobile,MAD
9004146,2025-01-17 07:25:03,150.99,R,visa,credit,hotmail.com,desktop,MAD
9000509,2025-01-17 07:55:19,224.36,W,mastercard,debit,gmail.com,desktop,MAD
9004246,2025-01-17 07:56:59,978.67,C,visa,debit,menara.ma,desktop,MAD
9003060,2025-01-17 08:04:44,664.48,C,mastercard,credit,gmail.com,mobile,MAD
9000281,2025-01-17 08:05:19,1241.23,C,visa,debit,gmail.com,mobile,MAD
9004633,2025-01-17 08:11:58,363.52,R,mastercard,debit,gmail.com,mobile,MAD
9001429,2025-01-17 08:13:55,290.76,W,visa,debit,gmail.com,desktop,MAD
9001028,2025-01-17 08:21:41,574.54,R,visa,debit,gmail.com,,MAD
9002871,2025-01-17 08:28:09,653.68,R,visa,debit,gmail.com,,MAD
9004579,2025-01-17 08:40:33,264.04,W,visa,debit,outlook.com,,MAD
9004015,2025-01-17 08:41:30,151.69,H,mastercard,debit,gmail.com,,MAD
9004316,2025-01-17 09:02:53,624.96,W,mastercard,credit,gmail.com,mobile,MAD
9000216,2025-01-17 10:03:54,486.65,C,mastercard,credit,menara.ma,,MAD
9000890,2025-01-17 10:35:50,409.86,W,mastercard,credit,gmail.com,desktop,MAD
9002430,2025-01-17 11:00:14,241.47,W,visa,debit,menara.ma,mobile,MAD
9000744,2025-01-17 11:02:35,354.69,H,visa,debit,yahoo.fr,,MAD
9003083,2025-01-17 11:12:55,199.95,W,visa,debit,gmail.com,mobile,MAD
9000779,2025-01-17 11:28:16,132.27,H,mastercard,debit,outlook.com,,MAD
9002106,2025-01-17 11:47:56,198.72,C,visa,debit,gmail.com,mobile,MAD
9004242,2025-01-17 12:10:04,279.13,W,mastercard,credit,gmail.com,mobile,MAD
9002045,2025-01-17 12:44:10,481.03,W,visa,debit,hotmail.com,mobile,MAD
9003039,2025-01-17 12:52:20,339.3,W,visa,debit,gmail.com,desktop,MAD
9003754,2025-01-17 12:59:55,1174.24,W,visa,debit,gmail.com,mobile,MAD
9004301,2025-01-17 13:02:52,135.96,S,mastercard,debit,gmail.com,mobile,MAD
9001123,2025-01-17 13:09:22,492.52,C,visa,debit,gmail.com,mobile,MAD
9002301,2025-01-17 13:18:02,2169.22,W,visa,debit,gmail.com,mobile,MAD
9000152,2025-01-17 13:58:52,327.23,R,mastercard,debit,outlook.com,desktop,MAD
9002311,2025-01-17 14:18:00,221.58,R,visa,debit,hotmail.com,,MAD
9003100,2025-01-17 14:23:34,285.83,W,visa,credit,yahoo.fr,desktop,MAD
9002577,2025-01-17 14:25:31,210.2,W,visa,debit,yahoo.fr,mobile,MAD
9002979,2025-01-17 15:06:54,1084.97,W,visa,credit,yahoo.fr,mobile,MAD
9000143,2025-01-17 15:07:50,182.94,W,visa,debit,menara.ma,mobile,MAD
9000413,2025-01-17 15:11:41,192.41,W,visa,debit,menara.ma,,MAD
9003304,2025-01-17 15:21:00,707.03,R,visa,debit,menara.ma,,MAD
9001917,2025-01-17 15:32:34,6700.83,H,visa,credit,gmail.com,mobile,MAD
9003212,2025-01-17 15:43:44,1020.35,W,mastercard,debit,hotmail.com,desktop,MAD
9002658,2025-01-17 16:10:43,340.18,H,visa,debit,gmail.com,mobile,MAD
9000399,2025-01-17 16:14:22,2828.27,R,mastercard,debit,gmail.com,,MAD
9001322,2025-01-17 16:23:29,336.06,W,mastercard,debit,menara.ma,mobile,MAD
9001794,2025-01-17 16:32:50,332.68,W,mastercard,debit,hotmail.com,mobile,MAD
9004332,2025-01-17 16:44:26,39.84,C,mastercard,credit,gmail.com,mobile,MAD
9001192,2025-01-17 16:51:32,326.52,W,mastercard,debit,yahoo.fr,desktop,MAD
9004247,2025-01-17 16:53:18,1731.89,C,visa,debit,yahoo.fr,mobile,MAD
9002333,2025-01-17 17:25:19,702.08,C,visa,debit,gmail.com,mobile,MAD
9002849,2025-01-17 17:40:54,217.44,W,visa,debit,gmail.com,mobile,MAD
9002000,2025-01-17 18:00:21,177.65,C,visa,credit,yahoo.fr,desktop,MAD
9003307,2025-01-17 18:11:33,98.44,S,visa,debit,gmail.com,,MAD
9004017,2025-01-17 18:27:43,271.15,W,visa,debit,yahoo.fr,mobile,MAD
9004775,2025-01-17 18:33:58,437.34,R,visa,debit,gmail.com,,MAD
9004033,2025-01-17 18:49:29,302.65,W,mastercard,debit,menara.ma,mobile,MAD
9002787,2025-01-17 19:13:02,423.32,H,visa,credit,gmail.com,mobile,MAD
9001410,2025-01-17 19:18:00,629.16,W,visa,debit,menara.ma,mobile,MAD
9001640,2025-01-17 19:25:42,66.53,S,mastercard,debit,outlook.com,mobile,MAD
9000573,2025-01-17 19:27:16,1075.45,W,discover,debit,tutanota.com,desktop,MAD
9000950,2025-01-17 19:46:47,203.67,W,mastercard,credit,gmail.com,mobile,MAD
9003032,2025-01-17 19:50:40,368.92,W,mastercard,debit,yahoo.fr,mobile,MAD
9003796,2025-01-17 19:51:48,79.99,C,american express,debit,hotmail.com,mobile,MAD
9003168,2025-01-17 20:12:26,231.37,W,visa,debit,yahoo.fr,mobile,MAD
9001999,2025-01-17 20:21:46,170.79,H,mastercard,debit,outlook.com,mobile,MAD
9004918,2025-01-17 20:26:46,364.71,W,mastercard,debit,yahoo.fr,mobile,MAD
9002111,2025-01-17 20:48:09,687.24,W,mastercard,debit,gmail.com,,MAD
9000111,2025-01-17 20:52:34,99.09,W,visa,credit,outlook.com,mobile,MAD
9002955,2025-01-17 21:11:30,85.01,R,visa,debit,menara.ma,desktop,MAD
9001551,2025-01-17 21:39:41,1979.88,W,visa,debit,yahoo.fr,desktop,MAD
9001011,2025-01-17 22:01:14,228.31,C,mastercard,debit,gmail.com,mobile,MAD
9001491,2025-01-17 22:21:33,135.4,W,visa,debit,hotmail.com,mobile,MAD
9001673,2025-01-17 23:17:55,171.42,W,mastercard,debit,gmail.com,desktop,MAD
9002273,2025-01-18 00:38:56,631.62,W,visa,debit,outlook.com,mobile,MAD
9002706,2025-01-18 02:08:07,407.24,R,mastercard,debit,yahoo.fr,desktop,MAD
9000419,2025-01-18 04:20:20,562.33,W,visa,debit,gmail.com,desktop,MAD
9001338,2025-01-18 05:12:08,247.73,W,american express,debit,outlook.com,desktop,MAD
9002041,2025-01-18 05:28:31,433.21,W,visa,debit,outlook.com,mobile,MAD
9000638,2025-01-18 06:58:22,73.51,R,visa,credit,gmail.com,mobile,MAD
9000263,2025-01-18 07:34:12,156.37,W,visa,debit,outlook.com,desktop,MAD
9004511,2025-01-18 07:37:57,576.45,S,mastercard,debit,yahoo.fr,mobile,MAD
9003294,2025-01-18 08:14:18,166.68,W,visa,debit,gmail.com,desktop,MAD
9003592,2025-01-18 08:23:32,148.29,C,visa,debit,outlook.com,,MAD
9003716,2025-01-18 08:38:55,320.42,W,visa,debit,gmail.com,mobile,MAD
9003994,2025-01-18 09:04:36,508.62,W,visa,debit,hotmail.com,mobile,MAD
9001400,2025-01-18 09:12:09,141.84,S,mastercard,debit,hotmail.com,desktop,MAD
9000271,2025-01-18 09:42:32,954.53,C,visa,credit,gmail.com,mobile,MAD
9004816,2025-01-18 09:47:15,65.82,W,visa,debit,yahoo.fr,mobile,MAD
9003437,2025-01-18 10:00:57,685.98,W,mastercard,debit,yahoo.fr,,MAD
9001646,2025-01-18 10:03:48,126.42,W,visa,debit,hotmail.com,desktop,MAD
9004939,2025-01-18 10:11:30,728.5,H,visa,debit,gmail.com,desktop,MAD
9002812,2025-01-18 10:14:20,380.58,C,mastercard,debit,outlook.com,,MAD
9004024,2025-01-18 10:26:10,345.71,W,visa,debit,hotmail.com,,MAD
9000534,2025-01-18 10:43:39,473.85,H,mastercard,debit,gmail.com,mobile,MAD
9002541,2025-01-18 10:57:05,246.85,W,mastercard,credit,hotmail.com,mobile,MAD
9000660,2025-01-18 11:11:08,74.27,W,mastercard,credit,gmail.com,mobile,MAD
9004590,2025-01-18 11:11:29,156.72,W,visa,credit,outlook.com,,MAD
9000841,2025-01-18 11:34:19,142.46,H,visa,debit,gmail.com,mobile,MAD
9004688,2025-01-18 11:38:21,394.56,C,visa,debit,gmail.com,desktop,MAD
9003420,2025-01-18 11:44:42,110.35,W,mastercard,debit,gmail.com,desktop,MAD
9004617,2025-01-18 12:02:17,118.84,W,mastercard,credit,hotmail.com,,MAD
9001316,2025-01-18 12:12:53,252.2,W,mastercard,debit,hotmail.com,mobile,MAD
9002197,2025-01-18 12:39:31,493.13,W,mastercard,debit,gmail.com,desktop,MAD
9001820,2025-01-18 12:40:51,158.33,W,visa,credit,outlook.com,mobile,MAD
9002186,2025-01-18 12:52:17,321.58,W,visa,debit,hotmail.com,mobile,MAD
9003596,2025-01-18 12:56:02,186.28,W,visa,debit,outlook.com,mobile,MAD
9001581,2025-01-18 12:58:53,334.77,W,visa,debit,gmail.com,,MAD
9001209,2025-01-18 13:13:33,37.73,H,visa,credit,yahoo.fr,desktop,MAD
9004205,2025-01-18 13:13:55,393.2,R,visa,credit,gmail.com,mobile,MAD
9002583,2025-01-18 13:14:02,1176.24,C,visa,debit,hotmail.com,mobile,MAD
9001451,2025-01-18 13:24:46,272.71,R,visa,debit,gmail.com,desktop,MAD
9003699,2025-01-18 13:44:03,379.44,W,visa,credit,gmail.com,,MAD
9000971,2025-01-18 13:45:19,1218.55,C,mastercard,debit,gmail.com,mobile,MAD
9000342,2025-01-18 13:59:30,391.12,S,visa,credit,outlook.com,mobile,MAD
9002398,2025-01-18 14:09:55,1196.43,W,visa,debit,menara.ma,mobile,MAD
9004711,2025-01-18 14:31:53,673.43,W,visa,debit,gmail.com,mobile,MAD
9000855,2025-01-18 14:43:25,176.86,R,american express,debit,gmail.com,mobile,MAD
9002219,2025-01-18 14:52:04,569.69,S,visa,debit,yahoo.fr,mobile,MAD
9001862,2025-01-18 15:00:28,196.27,S,visa,debit,yahoo.fr,desktop,MAD
9001483,2025-01-18 15:01:56,837.55,W,mastercard,credit,yahoo.fr,mobile,MAD
9003205,2025-01-18 15:10:13,291.03,W,visa,debit,gmail.com,mobile,MAD
9003042,2025-01-18 15:18:11,322.64,W,visa,debit,gmail.com,,MAD
9003178,2025-01-18 15:31:35,768.88,W,visa,debit,gmail.com,desktop,MAD
9000495,2025-01-18 15:51:30,176.01,R,visa,credit,gmail.com,,MAD
9000481,2025-01-18 16:32:38,74.9,S,mastercard,credit,gmail.com,mobile,MAD
9000814,2025-01-18 16:37:07,258.15,H,mastercard,debit,hotmail.com,mobile,MAD
9002229,2025-01-18 16:37:13,377.95,R,mastercard,credit,outlook.com,desktop,MAD
9004082,2025-01-18 16:59:09,360.17,W,visa,credit,yahoo.fr,mobile,MAD
9004632,2025-01-18 17:10:28,118.71,W,visa,debit,outlook.com,mobile,MAD
9004725,2025-01-18 17:17:36,818.21,W,mastercard,debit,yahoo.fr,mobile,MAD
9003599,2025-01-18 17:30:32,263.93,W,visa,credit,outlook.com,mobile,MAD
9000299,2025-01-18 17:58:16,955.64,C,visa,debit,gmail.com,,MAD
9001230,2025-01-18 18:07:36,200.63,H,visa,debit,gmail.com,desktop,MAD
9001403,2025-01-18 18:09:06,513.87,W,visa,credit,outlook.com,desktop,MAD
9004649,2025-01-18 18:10:52,606.5,R,visa,debit,outlook.com,desktop,MAD
9000154,2025-01-18 18:54:09,834.18,W,visa,debit,gmail.com,mobile,MAD
9002193,2025-01-18 18:58:59,792.1,W,mastercard,credit,gmail.com,,MAD
9003368,2025-01-18 18:59:01,374.6,W,mastercard,credit,gmail.com,mobile,MAD
9000353,2025-01-18 19:16:10,463.92,C,visa,debit,gmail.com,mobile,MAD
9001239,2025-01-18 19:20:07,438.94,H,visa,credit,gmail.com,desktop,MAD
9003389,2025-01-18 19:42:20,195.86,W,visa,credit,yahoo.fr,mobile,MAD
9003525,2025-01-18 19:43:48,438.1,W,visa,debit,gmail.com,mobile,MAD
9004507,2025-01-18 19:48:21,768.79,H,visa,credit,outlook.com,mobile,MAD
9001114,2025-01-18 20:34:37,125.04,W,visa,credit,menara.ma,mobile,MAD
9004771,2025-01-18 20:35:59,149.1,W,visa,credit,gmail.com,mobile,MAD
9000450,2025-01-18 20:51:23,504.15,W,discover,debit,tutanota.com,desktop,MAD
9000096,2025-01-18 21:03:16,1586.73,C,visa,debit,hotmail.com,mobile,MAD
9004397,2025-01-18 21:04:06,865.32,C,american express,debit,menara.ma,mobile,MAD
9002419,2025-01-18 21:10:30,71.22,C,mastercard,debit,hotmail.com,mobile,MAD
9001907,2025-01-18 21:16:05,763.48,C,visa,credit,gmail.com,desktop,MAD
9002255,2025-01-18 21:37:14,1107.95,W,visa,credit,gmail.com,,MAD
9001382,2025-01-18 21:40:06,429.23,W,visa,debit,outlook.com,mobile,MAD
9004263,2025-01-18 21:44:56,709.53,W,visa,credit,gmail.com,mobile,MAD
9004580,2025-01-18 21:54:10,313.99,W,mastercard,debit,gmail.com,mobile,MAD
9000796,2025-01-18 22:04:26,397.88,C,visa,debit,outlook.com,mobile,MAD
9003475,2025-01-18 22:13:11,584.91,W,mastercard,debit,gmail.com,mobile,MAD
9004115,2025-01-18 22:17:04,127.25,W,visa,debit,gmail.com,mobile,MAD
9004482,2025-01-18 22:30:37,293.11,C,visa,debit,menara.ma,mobile,MAD
9001561,2025-01-18 22:31:17,786.68,R,visa,credit,menara.ma,,MAD
9002110,2025-01-18 22:47:30,238.11,W,mastercard,debit,gmail.com,desktop,MAD
9004907,2025-01-18 22:49:41,990.32,C,mastercard,credit,outlook.com,,MAD
9001993,2025-01-18 23:00:44,96.03,R,visa,debit,gmail.com,mobile,MAD
9002807,2025-01-18 23:41:48,156.03,S,visa,debit,gmail.com,mobile,MAD
9001838,2025-01-19 03:20:02,443.83,S,visa,debit,gmail.com,desktop,MAD
9004377,2025-01-19 03:29:46,119.93,W,visa,debit,gmail.com,mobile,MAD
9003430,2025-01-19 05:00:22,201.24,S,visa,credit,menara.ma,mobile,MAD
9002355,2025-01-19 07:13:42,381.22,W,mastercard,debit,yahoo.fr,mobile,MAD
9001186,2025-01-19 07:15:52,484.0,W,visa,debit,hotmail.com,mobile,MAD
9002021,2025-01-19 07:19:48,1081.14,W,visa,credit,gmail.com,mobile,MAD
9003584,2025-01-19 07:51:58,355.54,C,visa,debit,outlook.com,,MAD
9001391,2025-01-19 08:08:59,240.15,W,mastercard,credit,gmail.com,mobile,MAD
9001462,2025-01-19 08:13:51,358.57,W,mastercard,debit,gmail.com,mobile,MAD
9000526,2025-01-19 08:15:16,245.58,W,visa,debit,outlook.com,mobile,MAD
9003164,2025-01-19 08:21:38,619.85,W,mastercard,debit,gmail.com,mobile,MAD
9003373,2025-01-19 08:28:51,316.59,W,visa,debit,gmail.com,desktop,MAD
9000309,2025-01-19 09:28:36,128.23,H,visa,debit,yahoo.fr,mobile,MAD
9001476,2025-01-19 09:31:12,75.94,W,visa,debit,outlook.com,desktop,MAD
9001034,2025-01-19 09:45:50,150.24,W,visa,credit,gmail.com,mobile,MAD
9003742,2025-01-19 09:53:18,415.86,C,visa,debit,gmail.com,mobile,MAD
9000088,2025-01-19 09:58:34,516.93,R,visa,credit,gmail.com,mobile,MAD
9004440,2025-01-19 10:00:28,278.75,H,visa,credit,menara.ma,mobile,MAD
9004588,2025-01-19 10:02:41,736.24,W,visa,debit,gmail.com,mobile,MAD
9002434,2025-01-19 10:11:42,240.77,S,mastercard,debit,gmail.com,,MAD
9000442,2025-01-19 10:11:46,188.06,W,mastercard,debit,yahoo.fr,mobile,MAD
9003987,2025-01-19 10:25:19,452.08,W,visa,debit,gmail.com,mobile,MAD
9003549,2025-01-19 10:42:15,567.12,W,visa,debit,hotmail.com,mobile,MAD
9002833,2025-01-19 10:42:17,547.17,W,mastercard,credit,hotmail.com,,MAD
9004375,2025-01-19 10:43:32,510.96,W,mastercard,debit,outlook.com,desktop,MAD
9004425,2025-01-19 11:04:12,324.62,W,visa,credit,gmail.com,mobile,MAD
9003342,2025-01-19 11:10:16,135.83,W,american express,debit,gmail.com,,MAD
9002808,2025-01-19 11:20:40,321.79,S,mastercard,debit,gmail.com,mobile,MAD
9002187,2025-01-19 11:21:24,500.07,W,visa,debit,outlook.com,desktop,MAD
9000802,2025-01-19 11:21:32,131.89,W,visa,debit,gmail.com,mobile,MAD
9000447,2025-01-19 11:33:52,505.53,R,visa,debit,outlook.com,desktop,MAD
9001177,2025-01-19 11:34:33,186.93,W,visa,credit,gmail.com,mobile,MAD
9001779,2025-01-19 11:35:08,285.44,W,mastercard,credit,yahoo.fr,,MAD
9001155,2025-01-19 11:48:21,479.76,W,visa,credit,gmail.com,mobile,MAD
9000307,2025-01-19 11:58:36,149.93,W,mastercard,debit,outlook.com,mobile,MAD
9001601,2025-01-19 11:59:37,799.56,R,mastercard,credit,gmail.com,desktop,MAD
9003062,2025-01-19 12:20:11,103.08,S,visa,debit,gmail.com,,MAD
9002467,2025-01-19 12:44:38,705.94,W,mastercard,debit,hotmail.com,mobile,MAD
9003844,2025-01-19 13:02:03,741.7,C,mastercard,credit,yahoo.fr,mobile,MAD
9004569,2025-01-19 13:07:02,422.59,W,mastercard,debit,gmail.com,desktop,MAD
9002309,2025-01-19 13:12:57,672.37,C,visa,credit,gmail.com,desktop,MAD
9002867,2025-01-19 13:31:52,357.69,W,visa,debit,menara.ma,desktop,MAD
9000400,2025-01-19 13:34:39,774.54,H,mastercard,debit,gmail.com,mobile,MAD
9000136,2025-01-19 13:38:01,265.31,W,visa,debit,menara.ma,mobile,MAD
9000333,2025-01-19 13:47:59,154.56,C,visa,debit,hotmail.com,mobile,MAD
9004177,2025-01-19 13:53:29,234.36,W,mastercard,credit,gmail.com,desktop,MAD
9003098,2025-01-19 13:59:32,492.15,W,mastercard,debit,hotmail.com,mobile,MAD
9001060,2025-01-19 14:35:30,396.35,W,mastercard,debit,gmail.com,mobile,MAD
9000190,2025-01-19 14:36:58,347.26,W,visa,credit,gmail.com,desktop,MAD
9000799,2025-01-19 14:51:42,302.49,S,visa,credit,menara.ma,mobile,MAD
9004039,2025-01-19 14:55:10,232.08,R,visa,credit,hotmail.com,desktop,MAD
9003503,2025-01-19 15:00:38,625.01,C,visa,debit,hotmail.com,mobile,MAD
9001367,2025-01-19 15:13:25,140.6,W,mastercard,credit,gmail.com,mobile,MAD
9004789,2025-01-19 15:20:36,162.64,W,visa,debit,gmail.com,mobile,MAD
9003899,2025-01-19 15:22:37,144.73,W,visa,debit,hotmail.com,mobile,MAD
9004603,2025-01-19 15:32:24,540.7,C,visa,debit,gmail.com,mobile,MAD
9000368,2025-01-19 15:51:02,465.56,W,visa,debit,menara.ma,,MAD
9000952,2025-01-19 15:53:58,76.44,S,visa,debit,hotmail.com,mobile,MAD
9003106,2025-01-19 15:55:10,1283.22,H,visa,debit,gmail.com,mobile,MAD
9001823,2025-01-19 16:08:27,91.19,H,visa,debit,gmail.com,mobile,MAD
9002052,2025-01-19 17:50:02,130.17,W,visa,debit,gmail.com,mobile,MAD
9002089,2025-01-19 17:50:43,184.32,W,visa,credit,gmail.com,desktop,MAD
9004699,2025-01-19 18:00:48,2644.77,W,visa,debit,gmail.com,desktop,MAD
9004447,2025-01-19 18:02:53,177.76,H,visa,debit,outlook.com,desktop,MAD
9002776,2025-01-19 18:35:54,408.5,W,visa,debit,gmail.com,mobile,MAD
9000226,2025-01-19 18:40:04,189.35,H,mastercard,debit,gmail.com,desktop,MAD
9000988,2025-01-19 18:51:50,246.43,S,visa,debit,gmail.com,mobile,MAD
9000239,2025-01-19 18:56:55,249.28,W,visa,debit,gmail.com,mobile,MAD
9004667,2025-01-19 18:57:16,216.56,W,visa,credit,hotmail.com,mobile,MAD
9000748,2025-01-19 19:05:00,558.67,R,visa,credit,gmail.com,,MAD
9002167,2025-01-19 19:18:02,785.88,W,mastercard,debit,gmail.com,mobile,MAD
9001821,2025-01-19 19:57:06,170.25,H,visa,debit,gmail.com,mobile,MAD
9003697,2025-01-19 19:58:38,359.75,W,mastercard,debit,outlook.com,desktop,MAD
9004495,2025-01-19 19:59:01,768.78,W,american express,credit,gmail.com,desktop,MAD
9002127,2025-01-19 20:10:23,112.62,W,visa,debit,gmail.com,mobile,MAD
9000749,2025-01-19 20:27:39,916.2,W,visa,debit,gmail.com,mobile,MAD
9000928,2025-01-19 20:42:36,208.64,R,visa,credit,gmail.com,,MAD
9003790,2025-01-19 20:44:28,705.03,C,mastercard,debit,hotmail.com,mobile,MAD
9004290,2025-01-19 20:51:48,603.33,W,mastercard,debit,gmail.com,desktop,MAD
9002708,2025-01-19 21:35:50,193.34,W,visa,debit,hotmail.com,mobile,MAD
9003942,2025-01-19 21:40:13,146.73,W,mastercard,debit,gmail.com,mobile,MAD
9004665,2025-01-19 21:41:29,518.9,W,mastercard,credit,gmail.com,,MAD
9001105,2025-01-19 21:57:08,511.95,R,mastercard,debit,gmail.com,mobile,MAD
9002997,2025-01-19 22:06:31,600.49,R,mastercard,debit,gmail.com,,MAD
9004158,2025-01-19 22:07:11,200.91,R,mastercard,debit,gmail.com,mobile,MAD
9002781,2025-01-19 22:17:36,825.99,W,discover,credit,tutanota.com,desktop,MAD
9001014,2025-01-19 22:32:43,661.96,W,visa,credit,yahoo.fr,desktop,MAD
9004274,2025-01-19 22:34:16,255.13,S,american express,debit,hotmail.com,mobile,MAD
9002595,2025-01-19 23:35:08,906.07,C,mastercard,debit,yahoo.fr,mobile,MAD
9004746,2025-01-19 23:39:23,140.32,H,mastercard,credit,gmail.com,,MAD
9004110,2025-01-20 01:08:45,1549.09,C,mastercard,credit,yahoo.fr,mobile,MAD
9001950,2025-01-20 02:16:58,464.61,W,visa,debit,hotmail.com,desktop,MAD
9002292,2025-01-20 02:22:45,185.47,H,mastercard,debit,gmail.com,mobile,MAD
9004476,2025-01-20 03:10:49,218.49,H,mastercard,debit,gmail.com,mobile,MAD
9001095,2025-01-20 05:14:02,184.44,W,mastercard,debit,hotmail.com,desktop,MAD
9001514,2025-01-20 05:46:00,653.65,W,visa,credit,gmail.com,mobile,MAD
9003447,2025-01-20 06:00:19,64.6,S,visa,credit,gmail.com,mobile,MAD
9001756,2025-01-20 06:50:11,236.62,C,mastercard,credit,gmail.com,mobile,MAD
9001145,2025-01-20 06:58:25,760.76,W,visa,debit,gmail.com,mobile,MAD
9004256,2025-01-20 07:21:39,320.89,S,visa,debit,gmail.com,mobile,MAD
9000254,2025-01-20 07:56:51,253.67,W,visa,debit,outlook.com,mobile,MAD
9000403,2025-01-20 08:02:33,134.18,W,visa,debit,hotmail.com,,MAD
9002347,2025-01-20 08:27:16,404.17,W,mastercard,debit,hotmail.com,mobile,MAD
9002484,2025-01-20 09:39:36,332.9,H,mastercard,debit,gmail.com,mobile,MAD
9003574,2025-01-20 09:52:21,263.57,C,visa,debit,hotmail.com,mobile,MAD
9001504,2025-01-20 10:08:18,441.66,C,mastercard,credit,gmail.com,,MAD
9001915,2025-01-20 10:17:54,770.53,S,visa,debit,hotmail.com,mobile,MAD
9002130,2025-01-20 10:24:55,493.21,R,mastercard,debit,yahoo.fr,mobile,MAD
9004681,2025-01-20 10:27:53,302.85,R,visa,debit,outlook.com,mobile,MAD
9003772,2025-01-20 10:30:52,509.9,W,visa,debit,gmail.com,mobile,MAD
9000338,2025-01-20 10:37:57,257.78,S,mastercard,debit,gmail.com,mobile,MAD
9002576,2025-01-20 10:39:33,385.95,W,visa,credit,hotmail.com,mobile,MAD
9004951,2025-01-20 10:55:44,156.67,H,visa,debit,outlook.com,desktop,MAD
9001494,2025-01-20 11:09:16,132.35,W,visa,debit,gmail.com,mobile,MAD
9002016,2025-01-20 11:14:24,734.88,W,visa,credit,hotmail.com,mobile,MAD
9001604,2025-01-20 11:23:35,456.33,S,mastercard,debit,gmail.com,,MAD
9000607,2025-01-20 11:41:48,83.01,W,visa,debit,gmail.com,desktop,MAD
9000525,2025-01-20 11:44:54,391.29,R,mastercard,debit,gmail.com,desktop,MAD
9000321,2025-01-20 11:46:42,187.1,H,mastercard,debit,hotmail.com,,MAD
9002650,2025-01-20 11:52:47,385.15,W,mastercard,debit,gmail.com,desktop,MAD
9001249,2025-01-20 11:56:17,199.13,W,visa,debit,gmail.com,,MAD
9000968,2025-01-20 11:58:22,143.33,S,visa,debit,hotmail.com,mobile,MAD
9004410,2025-01-20 12:18:25,493.04,C,mastercard,debit,gmail.com,mobile,MAD
9000066,2025-01-20 12:23:28,176.74,S,mastercard,credit,gmail.com,desktop,MAD
9003735,2025-01-20 12:24:27,381.81,R,visa,debit,yahoo.fr,desktop,MAD
9002921,2025-01-20 12:24:44,114.74,C,visa,debit,gmail.com,,MAD
9002272,2025-01-20 12:28:43,343.06,W,mastercard,debit,hotmail.com,desktop,MAD
9002552,2025-01-20 13:10:46,612.36,W,visa,credit,gmail.com,mobile,MAD
9004075,2025-01-20 13:17:43,399.27,W,visa,credit,gmail.com,mobile,MAD
9002307,2025-01-20 13:24:48,481.57,W,mastercard,debit,gmail.com,mobile,MAD
9001777,2025-01-20 13:33:55,571.02,W,visa,credit,gmail.com,mobile,MAD
9002588,2025-01-20 13:44:39,399.78,W,visa,debit,gmail.com,mobile,MAD
9000595,2025-01-20 13:53:18,218.81,H,mastercard,debit,gmail.com,mobile,MAD
9001576,2025-01-20 13:54:53,1054.12,W,mastercard,credit,gmail.com,mobile,MAD
9001435,2025-01-20 14:09:50,886.47,W,visa,debit,gmail.com,mobile,MAD
9003859,2025-01-20 14:21:58,181.53,W,visa,debit,yahoo.fr,mobile,MAD
9003694,2025-01-20 14:23:58,645.74,W,visa,debit,gmail.com,desktop,MAD
9002092,2025-01-20 14:30:15,701.27,W,mastercard,debit,outlook.com,,MAD
9001439,2025-01-20 14:47:26,79.01,H,mastercard,credit,hotmail.com,mobile,MAD
9001905,2025-01-20 14:58:03,357.77,W,mastercard,credit,gmail.com,mobile,MAD
9002069,2025-01-20 15:01:07,495.14,W,visa,debit,gmail.com,desktop,MAD
9001404,2025-01-20 15:58:51,223.04,W,american express,credit,gmail.com,mobile,MAD
9003043,2025-01-20 16:15:40,452.21,W,visa,credit,gmail.com,mobile,MAD
9002526,2025-01-20 16:16:11,538.27,W,american express,debit,menara.ma,mobile,MAD
9004612,2025-01-20 16:52:06,90.85,W,mastercard,debit,gmail.com,mobile,MAD
9004338,2025-01-20 16:55:25,455.51,R,mastercard,credit,gmail.com,mobile,MAD
9002271,2025-01-20 17:04:16,620.83,R,visa,credit,gmail.com,desktop,MAD
9004151,2025-01-20 17:05:20,679.4,W,mastercard,credit,gmail.com,desktop,MAD
9000077,2025-01-20 17:06:26,495.49,C,visa,debit,yahoo.fr,mobile,MAD
9000646,2025-01-20 17:19:03,248.24,W,american express,debit,gmail.com,mobile,MAD
9001527,2025-01-20 17:25:09,307.24,W,mastercard,debit,gmail.com,mobile,MAD
9003623,2025-01-20 17:40:15,284.85,H,visa,debit,gmail.com,,MAD
9004441,2025-01-20 18:03:38,172.81,W,visa,debit,yahoo.fr,mobile,MAD
9004497,2025-01-20 18:24:51,275.53,S,visa,debit,gmail.com,desktop,MAD
9004925,2025-01-20 18:33:25,332.23,W,visa,debit,gmail.com,mobile,MAD
9000554,2025-01-20 19:12:01,353.65,W,visa,credit,gmail.com,mobile,MAD
9004868,2025-01-20 19:12:17,202.91,W,mastercard,debit,gmail.com,mobile,MAD
9004257,2025-01-20 19:16:10,695.52,W,visa,debit,hotmail.com,mobile,MAD
9002152,2025-01-20 19:31:28,135.11,R,visa,debit,hotmail.com,mobile,MAD
9002928,2025-01-20 19:33:26,1723.14,W,visa,debit,yahoo.fr,mobile,MAD
9004744,2025-01-20 19:49:14,248.68,W,mastercard,debit,gmail.com,mobile,MAD
9002537,2025-01-20 20:06:00,127.93,W,visa,debit,outlook.com,mobile,MAD
9002151,2025-01-20 20:12:18,324.05,W,visa,debit,menara.ma,mobile,MAD
9000632,2025-01-20 20:19:06,154.13,W,american express,debit,gmail.com,mobile,MAD
9002083,2025-01-20 20:34:18,472.95,W,visa,debit,gmail.com,mobile,MAD
9004041,2025-01-20 20:51:05,711.61,C,visa,debit,gmail.com,desktop,MAD
9000167,2025-01-20 20:54:00,368.31,R,mastercard,debit,gmail.com,mobile,MAD
9001388,2025-01-20 20:55:28,1453.33,H,mastercard,debit,hotmail.com,mobile,MAD
9004051,2025-01-20 20:55:48,693.77,W,visa,debit,gmail.com,,MAD
9003522,2025-01-20 20:59:05,218.94,R,american express,debit,gmail.com,mobile,MAD
9003756,2025-01-20 21:10:28,1089.9,R,mastercard,debit,yahoo.fr,mobile,MAD
9004001,2025-01-20 21:26:41,256.42,C,visa,debit,gmail.com,mobile,MAD
9001586,2025-01-20 21:27:32,143.99,S,visa,credit,gmail.com,mobile,MAD
9002283,2025-01-20 21:30:53,211.27,S,mastercard,debit,menara.ma,mobile,MAD
9004818,2025-01-20 22:19:07,351.73,S,mastercard,debit,gmail.com,,MAD
9003607,2025-01-20 22:50:36,205.39,W,visa,debit,outlook.com,mobile,MAD
9000294,2025-01-20 23:03:49,197.71,W,mastercard,credit,gmail.com,desktop,MAD
9004653,2025-01-20 23:50:50,280.52,W,visa,debit,gmail.com,,MAD
9002491,2025-01-21 00:43:53,334.93,W,mastercard,debit,hotmail.com,mobile,MAD
9003659,2025-01-21 00:52:30,158.25,C,visa,debit,yahoo.fr,,MAD
9003996,2025-01-21 01:06:28,982.92,W,mastercard,credit,gmail.com,,MAD
9003395,2025-01-21 03:16:48,596.8,W,visa,debit,gmail.com,mobile,MAD
9003770,2025-01-21 03:28:41,343.85,W,visa,debit,gmail.com,desktop,MAD
9004889,2025-01-21 04:24:00,1607.32,R,mastercard,debit,yahoo.fr,desktop,MAD
9001757,2025-01-21 04:25:26,59.58,S,mastercard,credit,menara.ma,mobile,MAD
9001142,2025-01-21 04:25:27,927.78,W,visa,debit,gmail.com,mobile,MAD
9001647,2025-01-21 04:46:40,302.15,C,visa,debit,hotmail.com,mobile,MAD
9003251,2025-01-21 05:28:22,452.41,H,visa,credit,gmail.com,mobile,MAD
9003487,2025-01-21 05:45:43,1073.35,W,visa,debit,outlook.com,desktop,MAD
9001974,2025-01-21 05:56:31,452.73,W,visa,debit,gmail.com,mobile,MAD
9003454,2025-01-21 05:59:50,570.49,W,mastercard,credit,hotmail.com,desktop,MAD
9004439,2025-01-21 06:05:12,483.15,W,american express,debit,gmail.com,mobile,MAD
9003597,2025-01-21 06:07:50,247.29,W,visa,debit,menara.ma,mobile,MAD
9002637,2025-01-21 06:12:52,202.98,W,visa,debit,hotmail.com,mobile,MAD
9004192,2025-01-21 06:29:05,241.2,H,american express,debit,gmail.com,mobile,MAD
9000487,2025-01-21 06:39:26,218.75,W,visa,credit,gmail.com,mobile,MAD
9001160,2025-01-21 06:59:20,505.06,W,mastercard,debit,gmail.com,mobile,MAD
9001793,2025-01-21 07:39:58,2243.62,C,visa,credit,yahoo.fr,mobile,MAD
9002160,2025-01-21 08:09:24,113.35,S,american express,debit,outlook.com,mobile,MAD
9004176,2025-01-21 08:31:40,274.46,W,visa,debit,gmail.com,desktop,MAD
9001312,2025-01-21 08:58:25,461.22,C,mastercard,credit,hotmail.com,,MAD
9002461,2025-01-21 09:06:37,599.72,H,visa,credit,yahoo.fr,mobile,MAD
9004462,2025-01-21 09:17:54,2183.77,C,visa,debit,outlook.com,,MAD
9002327,2025-01-21 09:20:35,400.76,C,visa,debit,gmail.com,mobile,MAD
9004831,2025-01-21 09:27:30,573.98,W,visa,debit,hotmail.com,desktop,MAD
9004968,2025-01-21 09:35:54,592.79,W,american express,debit,outlook.com,desktop,MAD
9004783,2025-01-21 09:45:11,633.42,C,visa,debit,gmail.com,mobile,MAD
9001372,2025-01-21 09:55:42,116.37,W,visa,debit,outlook.com,mobile,MAD
9001511,2025-01-21 10:45:09,128.0,W,visa,debit,yahoo.fr,,MAD
9001978,2025-01-21 10:47:57,421.21,W,american express,debit,gmail.com,desktop,MAD
9003434,2025-01-21 10:58:53,854.71,C,visa,credit,gmail.com,mobile,MAD
9004313,2025-01-21 11:04:40,76.91,H,visa,credit,gmail.com,mobile,MAD
9002367,2025-01-21 11:18:30,229.61,S,visa,credit,yahoo.fr,desktop,MAD
9002590,2025-01-21 11:33:34,890.31,H,visa,credit,gmail.com,,MAD
9000738,2025-01-21 11:35:19,266.17,W,visa,debit,hotmail.com,desktop,MAD
9002485,2025-01-21 11:40:03,439.44,C,visa,credit,menara.ma,desktop,MAD
9002998,2025-01-21 11:58:22,222.84,W,visa,credit,hotmail.com,,MAD
9002204,2025-01-21 12:03:02,217.05,R,visa,credit,gmail.com,desktop,MAD
9002074,2025-01-21 12:06:40,186.69,W,visa,debit,gmail.com,mobile,MAD
9004100,2025-01-21 12:08:51,626.73,W,mastercard,credit,gmail.com,mobile,MAD
9000199,2025-01-21 12:24:10,371.62,C,visa,credit,menara.ma,,MAD
9001782,2025-01-21 12:40:08,362.21,W,visa,debit,gmail.com,mobile,MAD
9004777,2025-01-21 12:46:11,289.38,H,visa,debit,hotmail.com,desktop,MAD
9003091,2025-01-21 13:00:14,541.71,W,visa,debit,gmail.com,mobile,MAD
9004255,2025-01-21 13:00:52,221.3,R,mastercard,debit,gmail.com,mobile,MAD
9003729,2025-01-21 13:01:50,1331.88,W,visa,credit,gmail.com,desktop,MAD
9003021,2025-01-21 13:41:31,1042.52,R,mastercard,debit,hotmail.com,mobile,MAD
9001030,2025-01-21 14:00:08,272.38,S,visa,credit,gmail.com,mobile,MAD
9004739,2025-01-21 14:05:26,1940.5,W,visa,credit,gmail.com,mobile,MAD
9002425,2025-01-21 14:23:14,67.23,W,visa,debit,hotmail.com,mobile,MAD
9003174,2025-01-21 15:15:58,383.78,W,visa,debit,gmail.com,desktop,MAD
9003558,2025-01-21 15:18:48,347.64,S,visa,debit,gmail.com,mobile,MAD
9002030,2025-01-21 15:23:38,175.4,W,mastercard,debit,outlook.com,desktop,MAD
9000169,2025-01-21 15:24:35,650.98,R,mastercard,debit,gmail.com,mobile,MAD
9003717,2025-01-21 15:34:11,661.78,C,visa,debit,gmail.com,mobile,MAD
9000627,2025-01-21 15:36:17,313.99,W,visa,credit,gmail.com,mobile,MAD
9002740,2025-01-21 15:38:54,1983.66,H,visa,debit,outlook.com,mobile,MAD
9004901,2025-01-21 15:58:12,161.17,R,mastercard,debit,hotmail.com,mobile,MAD
9004241,2025-01-21 16:01:57,330.17,W,mastercard,debit,outlook.com,mobile,MAD
9000991,2025-01-21 16:07:09,903.16,C,visa,debit,yahoo.fr,mobile,MAD
9001330,2025-01-21 16:22:53,99.91,S,visa,credit,hotmail.com,desktop,MAD
9000371,2025-01-21 16:41:40,201.29,W,visa,credit,gmail.com,mobile,MAD
9004389,2025-01-21 16:54:11,193.2,W,mastercard,debit,gmail.com,desktop,MAD
9002323,2025-01-21 17:22:45,536.73,W,mastercard,debit,gmail.com,mobile,MAD
9004413,2025-01-21 17:25:24,257.31,W,visa,debit,gmail.com,,MAD
9000268,2025-01-21 17:34:37,1190.25,W,visa,credit,gmail.com,mobile,MAD
9001711,2025-01-21 17:38:29,301.75,C,visa,debit,hotmail.com,desktop,MAD
9004066,2025-01-21 17:57:44,742.79,C,visa,debit,hotmail.com,desktop,MAD
9004500,2025-01-21 18:07:59,320.43,R,visa,debit,gmail.com,mobile,MAD
9004229,2025-01-21 18:17:16,153.8,H,visa,debit,gmail.com,desktop,MAD
9001592,2025-01-21 18:24:54,2393.21,W,mastercard,credit,gmail.com,mobile,MAD
9003085,2025-01-21 18:42:27,262.53,W,mastercard,debit,gmail.com,desktop,MAD
9004049,2025-01-21 18:57:30,497.02,W,visa,debit,gmail.com,mobile,MAD
9001383,2025-01-21 18:58:59,237.0,W,mastercard,debit,gmail.com,mobile,MAD
9000139,2025-01-21 19:24:15,684.68,W,visa,debit,hotmail.com,mobile,MAD
9001069,2025-01-21 19:27:22,300.52,W,visa,debit,hotmail.com,desktop,MAD
9002910,2025-01-21 19:28:29,523.21,W,visa,credit,menara.ma,,MAD
9000197,2025-01-21 19:30:51,926.93,W,mastercard,debit,gmail.com,desktop,MAD
9004566,2025-01-21 19:39:38,859.18,W,visa,debit,gmail.com,mobile,MAD
9001407,2025-01-21 19:42:07,906.82,C,discover,debit,protonmail.com,desktop,MAD
9001357,2025-01-21 19:44:53,296.89,W,mastercard,debit,gmail.com,desktop,MAD
9001900,2025-01-21 19:47:32,71.58,S,visa,debit,menara.ma,mobile,MAD
9004218,2025-01-21 19:58:52,193.53,C,visa,debit,gmail.com,desktop,MAD
9001176,2025-01-21 20:10:22,249.28,W,mastercard,credit,gmail.com,,MAD
9003827,2025-01-21 20:36:40,777.55,W,visa,debit,hotmail.com,mobile,MAD
9003510,2025-01-21 20:49:31,262.71,H,visa,debit,gmail.com,mobile,MAD
9003986,2025-01-21 20:53:05,86.51,W,visa,credit,outlook.com,mobile,MAD
9004254,2025-01-21 21:13:29,411.55,W,visa,debit,menara.ma,mobile,MAD
9004940,2025-01-21 21:31:59,649.08,W,visa,debit,gmail.com,mobile,MAD
9001236,2025-01-21 22:20:00,422.95,C,visa,debit,gmail.com,mobile,MAD
9003213,2025-01-21 22:20:26,843.15,W,mastercard,credit,gmail.com,desktop,MAD
9004203,2025-01-21 22:45:05,695.07,R,mastercard,debit,gmail.com,mobile,MAD
9001771,2025-01-21 23:20:21,216.25,W,visa,debit,gmail.com,desktop,MAD
9002053,2025-01-22 00:02:13,816.62,W,mastercard,credit,gmail.com,,MAD
9003711,2025-01-22 04:10:09,456.99,W,visa,credit,menara.ma,,MAD
9001831,2025-01-22 07:17:35,630.88,W,visa,credit,gmail.com,mobile,MAD
9004245,2025-01-22 07:23:27,597.92,W,visa,credit,gmail.com,,MAD
9001360,2025-01-22 07:23:30,276.4,W,visa,credit,hotmail.com,mobile,MAD
9002490,2025-01-22 07:34:02,578.86,W,visa,debit,gmail.com,mobile,MAD
9002763,2025-01-22 08:16:38,762.85,W,visa,debit,hotmail.com,desktop,MAD
9001699,2025-01-22 09:00:43,829.62,H,visa,debit,outlook.com,desktop,MAD
9001927,2025-01-22 09:21:16,820.86,W,discover,debit,tutanota.com,desktop,MAD
9002850,2025-01-22 09:26:25,212.43,C,visa,debit,yahoo.fr,mobile,MAD
9002562,2025-01-22 09:35:45,250.85,W,visa,debit,menara.ma,desktop,MAD
9003054,2025-01-22 09:45:39,224.28,W,visa,debit,outlook.com,,MAD
9001138,2025-01-22 10:07:32,212.23,R,american express,debit,yahoo.fr,,MAD
9002885,2025-01-22 10:18:14,549.22,R,visa,credit,menara.ma,mobile,MAD
9000044,2025-01-22 10:21:06,582.7,C,mastercard,debit,gmail.com,mobile,MAD
9002145,2025-01-22 10:56:53,246.16,W,mastercard,debit,gmail.com,mobile,MAD
9000765,2025-01-22 11:06:10,181.11,C,mastercard,credit,hotmail.com,desktop,MAD
9002486,2025-01-22 11:10:12,506.75,C,visa,debit,gmail.com,mobile,MAD
9003857,2025-01-22 11:14:48,451.33,R,mastercard,credit,yahoo.fr,mobile,MAD
9004630,2025-01-22 11:58:00,19722.77,W,visa,credit,gmail.com,,MAD
9004383,2025-01-22 12:03:01,254.6,H,mastercard,debit,gmail.com,desktop,MAD
9000521,2025-01-22 12:50:21,489.99,R,mastercard,debit,menara.ma,,MAD
9004517,2025-01-22 12:51:34,502.16,C,visa,debit,gmail.com,mobile,MAD
9003854,2025-01-22 13:08:17,317.47,W,visa,debit,hotmail.com,mobile,MAD
9004093,2025-01-22 13:17:32,445.81,S,visa,debit,hotmail.com,desktop,MAD
9004174,2025-01-22 13:19:33,407.67,C,visa,debit,gmail.com,mobile,MAD
9002759,2025-01-22 13:20:35,275.26,W,american express,debit,yahoo.fr,desktop,MAD
9003131,2025-01-22 13:22:10,513.75,C,visa,debit,hotmail.com,,MAD
9002191,2025-01-22 14:19:05,1423.24,C,mastercard,debit,yahoo.fr,mobile,MAD
9004442,2025-01-22 14:43:48,398.0,C,visa,debit,yahoo.fr,mobile,MAD
9000746,2025-01-22 15:15:40,812.82,W,visa,credit,gmail.com,mobile,MAD
9003101,2025-01-22 15:28:23,1020.52,W,visa,debit,outlook.com,,MAD
9001052,2025-01-22 15:29:13,184.92,W,mastercard,debit,gmail.com,desktop,MAD
9004738,2025-01-22 16:09:58,316.43,W,visa,debit,gmail.com,desktop,MAD
9004750,2025-01-22 16:12:08,583.2,R,visa,credit,gmail.com,mobile,MAD
9003115,2025-01-22 16:12:13,696.75,W,mastercard,credit,gmail.com,mobile,MAD
9003407,2025-01-22 16:18:25,979.24,W,mastercard,debit,gmail.com,mobile,MAD
9001925,2025-01-22 16:33:13,423.29,W,mastercard,debit,outlook.com,mobile,MAD
9002827,2025-01-22 16:44:51,400.72,R,visa,debit,menara.ma,mobile,MAD
9003237,2025-01-22 16:59:44,92.98,W,mastercard,debit,menara.ma,mobile,MAD
9000201,2025-01-22 17:02:08,259.18,C,visa,credit,gmail.com,mobile,MAD
9001572,2025-01-22 17:10:03,161.38,S,visa,debit,menara.ma,,MAD
9000053,2025-01-22 17:34:18,423.53,C,mastercard,debit,hotmail.com,,MAD
9003465,2025-01-22 17:47:52,257.83,C,visa,credit,gmail.com,,MAD
9001363,2025-01-22 17:57:41,1018.05,R,visa,credit,menara.ma,mobile,MAD
9003677,2025-01-22 18:00:04,872.54,W,visa,debit,hotmail.com,,MAD
9003848,2025-01-22 18:12:11,552.24,W,visa,debit,gmail.com,desktop,MAD
9000998,2025-01-22 18:13:56,106.31,H,visa,debit,gmail.com,mobile,MAD
9002056,2025-01-22 18:41:41,199.61,C,visa,debit,yahoo.fr,mobile,MAD
9000063,2025-01-22 18:45:56,411.48,H,mastercard,debit,hotmail.com,desktop,MAD
9001773,2025-01-22 19:08:02,594.51,W,visa,debit,gmail.com,mobile,MAD
9004267,2025-01-22 19:43:36,99.45,R,visa,debit,gmail.com,mobile,MAD
9004011,2025-01-22 19:51:40,1668.95,R,mastercard,debit,gmail.com,,MAD
9003406,2025-01-22 20:26:48,242.79,W,visa,credit,gmail.com,,MAD
9002441,2025-01-22 20:27:38,222.01,R,mastercard,debit,gmail.com,mobile,MAD
9004182,2025-01-22 20:43:27,1421.05,R,visa,debit,menara.ma,,MAD
9004786,2025-01-22 21:00:38,793.43,W,mastercard,debit,yahoo.fr,mobile,MAD
9002585,2025-01-22 21:10:33,121.9,C,mastercard,debit,hotmail.com,,MAD
9001685,2025-01-22 21:20:03,474.75,R,visa,debit,gmail.com,desktop,MAD
9003086,2025-01-22 21:21:53,276.93,H,visa,debit,gmail.com,mobile,MAD
9004350,2025-01-22 21:24:07,358.73,R,mastercard,debit,gmail.com,mobile,MAD
9000979,2025-01-22 21:28:37,216.27,W,mastercard,debit,gmail.com,mobile,MAD
9000630,2025-01-22 21:33:14,1315.79,C,mastercard,debit,gmail.com,desktop,MAD
9002201,2025-01-22 22:51:53,134.78,R,mastercard,credit,gmail.com,,MAD
9002893,2025-01-22 22:56:38,414.32,W,mastercard,debit,gmail.com,mobile,MAD
9002282,2025-01-22 23:17:04,206.96,S,visa,debit,gmail.com,desktop,MAD
9000194,2025-01-22 23:17:57,1984.91,W,visa,debit,hotmail.com,mobile,MAD
9000301,2025-01-22 23:41:32,56.05,W,visa,debit,gmail.com,desktop,MAD
9004676,2025-01-23 00:28:15,708.4,W,mastercard,credit,gmail.com,,MAD
9004935,2025-01-23 01:39:23,258.33,R,visa,credit,gmail.com,mobile,MAD
9001748,2025-01-23 02:24:18,455.28,W,mastercard,debit,yahoo.fr,mobile,MAD
9000634,2025-01-23 05:33:14,1831.51,C,mastercard,debit,gmail.com,,MAD
9000068,2025-01-23 07:02:43,338.88,S,visa,debit,gmail.com,mobile,MAD
9002724,2025-01-23 07:23:14,179.94,S,mastercard,credit,gmail.com,mobile,MAD
9003063,2025-01-23 07:31:10,2065.85,C,visa,debit,gmail.com,mobile,MAD
9003011,2025-01-23 07:47:34,130.25,W,mastercard,debit,gmail.com,mobile,MAD
9001718,2025-01-23 07:53:43,216.5,H,mastercard,credit,outlook.com,mobile,MAD
9000770,2025-01-23 08:03:35,171.45,H,mastercard,credit,yahoo.fr,mobile,MAD
9000628,2025-01-23 08:15:02,347.81,W,visa,credit,outlook.com,desktop,MAD
9001945,2025-01-23 08:48:35,708.96,W,mastercard,credit,gmail.com,mobile,MAD
9000498,2025-01-23 09:17:16,1452.85,C,mastercard,credit,gmail.com,mobile,MAD
9004478,2025-01-23 09:37:19,132.91,R,mastercard,credit,gmail.com,,MAD
9001967,2025-01-23 09:47:14,235.03,H,visa,credit,gmail.com,desktop,MAD
9002279,2025-01-23 10:10:51,432.18,W,visa,debit,outlook.com,desktop,MAD
9001044,2025-01-23 10:15:49,147.85,W,visa,credit,gmail.com,desktop,MAD
9003964,2025-01-23 10:21:27,353.21,W,visa,credit,gmail.com,mobile,MAD
9002569,2025-01-23 10:28:42,167.57,S,visa,credit,yahoo.fr,mobile,MAD
9000374,2025-01-23 10:29:50,1114.1,W,mastercard,debit,menara.ma,,MAD
9002654,2025-01-23 10:43:16,1747.1,C,visa,debit,gmail.com,mobile,MAD
9003025,2025-01-23 11:04:27,1045.24,W,mastercard,debit,outlook.com,mobile,MAD
9001151,2025-01-23 11:05:47,507.36,W,visa,debit,hotmail.com,desktop,MAD
9002767,2025-01-23 11:07:11,532.19,W,visa,debit,gmail.com,mobile,MAD
9003951,2025-01-23 11:17:18,342.74,R,visa,credit,gmail.com,mobile,MAD
9003424,2025-01-23 11:22:50,105.35,W,mastercard,credit,yahoo.fr,desktop,MAD
9003228,2025-01-23 11:28:28,688.64,W,mastercard,debit,gmail.com,mobile,MAD
9002415,2025-01-23 11:33:53,2827.52,C,mastercard,debit,gmail.com,desktop,MAD
9001268,2025-01-23 11:49:27,1380.78,C,mastercard,credit,yahoo.fr,mobile,MAD
9000758,2025-01-23 11:58:13,313.96,W,mastercard,debit,gmail.com,mobile,MAD
9004056,2025-01-23 12:04:58,591.01,W,visa,debit,gmail.com,desktop,MAD
9003531,2025-01-23 12:10:20,235.69,H,visa,credit,gmail.com,mobile,MAD
9004171,2025-01-23 12:20:22,706.24,R,visa,debit,gmail.com,,MAD
9004401,2025-01-23 12:20:57,201.99,W,visa,debit,gmail.com,mobile,MAD
9003006,2025-01-23 12:29:20,471.08,C,visa,credit,gmail.com,,MAD
9002920,2025-01-23 12:37:06,1787.36,C,visa,credit,gmail.com,desktop,MAD
9004881,2025-01-23 12:37:07,258.88,W,mastercard,debit,gmail.com,mobile,MAD
9002544,2025-01-23 12:58:06,196.84,W,visa,debit,gmail.com,desktop,MAD
9004506,2025-01-23 13:19:15,750.18,C,visa,debit,gmail.com,desktop,MAD
9000332,2025-01-23 13:27:03,328.66,R,visa,debit,gmail.com,desktop,MAD
9003737,2025-01-23 13:56:03,173.67,W,visa,debit,gmail.com,desktop,MAD
9003948,2025-01-23 14:04:56,161.72,W,visa,credit,hotmail.com,desktop,MAD
9001285,2025-01-23 14:20:37,68.03,R,visa,credit,outlook.com,mobile,MAD
9000913,2025-01-23 14:22:34,480.95,C,visa,credit,outlook.com,mobile,MAD
9001772,2025-01-23 14:23:09,1656.81,W,mastercard,debit,gmail.com,mobile,MAD
9004961,2025-01-23 14:25:06,509.99,W,visa,debit,yahoo.fr,mobile,MAD
9000909,2025-01-23 14:36:06,655.7,H,mastercard,debit,gmail.com,mobile,MAD
9004950,2025-01-23 14:38:32,552.54,W,visa,debit,gmail.com,mobile,MAD
9000379,2025-01-23 15:24:22,498.93,W,visa,debit,hotmail.com,mobile,MAD
9000022,2025-01-23 15:36:11,479.34,W,visa,debit,menara.ma,mobile,MAD
9002680,2025-01-23 15:41:39,371.36,C,visa,debit,gmail.com,desktop,MAD
9000393,2025-01-23 16:18:35,283.82,C,mastercard,debit,outlook.com,mobile,MAD
9004345,2025-01-23 16:30:08,199.17,W,visa,debit,hotmail.com,mobile,MAD
9004486,2025-01-23 16:34:34,359.96,C,visa,debit,gmail.com,,MAD
9003108,2025-01-23 16:47:12,378.85,W,visa,debit,outlook.com,mobile,MAD
9004947,2025-01-23 17:34:56,359.43,W,visa,debit,yahoo.fr,mobile,MAD
9003815,2025-01-23 17:42:54,73.21,W,visa,credit,gmail.com,mobile,MAD
9004250,2025-01-23 17:47:04,494.54,W,mastercard,debit,yahoo.fr,mobile,MAD
9000188,2025-01-23 17:48:40,227.26,W,visa,credit,yahoo.fr,mobile,MAD
9004040,2025-01-23 18:08:14,214.18,W,mastercard,credit,gmail.com,desktop,MAD
9003254,2025-01-23 18:15:25,151.09,W,visa,debit,gmail.com,mobile,MAD
9002592,2025-01-23 18:35:33,455.76,R,american express,debit,yahoo.fr,mobile,MAD
9004958,2025-01-23 19:06:19,101.66,W,visa,credit,gmail.com,mobile,MAD
9004664,2025-01-23 19:13:28,156.63,W,visa,debit,outlook.com,mobile,MAD
9002587,2025-01-23 19:33:19,302.37,W,visa,credit,gmail.com,mobile,MAD
9001937,2025-01-23 19:41:15,643.34,R,mastercard,debit,gmail.com,mobile,MAD
9002407,2025-01-23 20:41:56,239.08,W,mastercard,debit,gmail.com,desktop,MAD
9000576,2025-01-23 20:50:47,326.05,C,visa,debit,gmail.com,,MAD
9001271,2025-01-23 21:03:58,826.1,W,visa,credit,hotmail.com,mobile,MAD
9004955,2025-01-23 21:20:56,146.81,H,visa,debit,yahoo.fr,mobile,MAD
9004385,2025-01-23 21:25:09,612.76,W,visa,debit,outlook.com,desktop,MAD
9001857,2025-01-23 21:33:53,729.83,W,visa,credit,hotmail.com,mobile,MAD
9002356,2025-01-23 21:40:20,714.21,W,visa,credit,outlook.com,mobile,MAD
9001864,2025-01-23 22:01:30,599.13,H,mastercard,debit,yahoo.fr,mobile,MAD
9003493,2025-01-23 22:28:38,225.79,R,mastercard,debit,hotmail.com,desktop,MAD
9002696,2025-01-23 22:35:29,498.5,H,visa,debit,hotmail.com,mobile,MAD
9002683,2025-01-24 00:23:44,97.27,W,visa,debit,gmail.com,desktop,MAD
9000440,2025-01-24 01:26:16,119.22,W,visa,debit,gmail.com,,MAD
9002059,2025-01-24 03:43:46,367.32,W,visa,credit,gmail.com,mobile,MAD
9003695,2025-01-24 05:18:14,1169.19,W,visa,debit,menara.ma,,MAD
9004490,2025-01-24 06:48:12,701.83,W,visa,debit,gmail.com,mobile,MAD
9002800,2025-01-24 07:10:30,2241.83,C,visa,debit,hotmail.com,mobile,MAD
9000552,2025-01-24 07:25:39,140.24,W,visa,credit,gmail.com,mobile,MAD
9001094,2025-01-24 07:42:54,292.39,W,visa,debit,hotmail.com,mobile,MAD
9000094,2025-01-24 08:31:55,6669.4,C,discover,debit,tutanota.com,desktop,MAD
9001168,2025-01-24 08:34:38,369.32,R,visa,debit,gmail.com,desktop,MAD
9004809,2025-01-24 08:37:16,818.56,C,visa,debit,gmail.com,mobile,MAD
9001478,2025-01-24 08:40:06,344.01,R,visa,debit,outlook.com,,MAD
9003318,2025-01-24 09:13:48,1823.71,W,visa,debit,gmail.com,,MAD
9002779,2025-01-24 09:31:57,92.27,W,visa,debit,yahoo.fr,mobile,MAD
9001468,2025-01-24 09:36:28,495.86,W,visa,debit,gmail.com,mobile,MAD
9002216,2025-01-24 09:44:42,476.93,W,visa,debit,yahoo.fr,mobile,MAD
9002581,2025-01-24 09:48:10,281.11,W,visa,credit,gmail.com,desktop,MAD
9001666,2025-01-24 10:04:49,126.1,C,mastercard,debit,gmail.com,mobile,MAD
9004052,2025-01-24 10:34:25,362.77,R,visa,debit,yahoo.fr,desktop,MAD
9004252,2025-01-24 10:42:02,314.12,W,visa,debit,gmail.com,mobile,MAD
9002134,2025-01-24 10:53:53,722.41,H,mastercard,credit,hotmail.com,desktop,MAD
9001921,2025-01-24 11:02:03,302.2,H,visa,credit,gmail.com,mobile,MAD
9004150,2025-01-24 11:03:07,358.82,H,visa,credit,menara.ma,mobile,MAD
9002384,2025-01-24 11:19:35,941.43,W,mastercard,credit,yahoo.fr,desktop,MAD
9003460,2025-01-24 11:23:25,170.87,W,visa,debit,gmail.com,desktop,MAD
9003380,2025-01-24 11:39:32,433.55,R,mastercard,debit,gmail.com,,MAD
9004625,2025-01-24 11:40:30,107.99,S,visa,debit,outlook.com,mobile,MAD
9002622,2025-01-24 11:49:22,753.82,H,visa,debit,outlook.com,mobile,MAD
9001173,2025-01-24 11:53:28,375.57,H,visa,debit,gmail.com,,MAD
9001352,2025-01-24 11:53:36,74.37,W,mastercard,credit,menara.ma,mobile,MAD
9004833,2025-01-24 12:23:36,206.95,R,visa,debit,gmail.com,desktop,MAD
9004498,2025-01-24 12:50:16,150.77,W,mastercard,debit,gmail.com,,MAD
9002835,2025-01-24 12:56:36,358.07,W,visa,debit,yahoo.fr,,MAD
9002342,2025-01-24 13:04:01,864.14,S,mastercard,debit,outlook.com,mobile,MAD
9003405,2025-01-24 13:44:43,265.7,W,american express,debit,gmail.com,,MAD
9003023,2025-01-24 13:50:57,1397.0,C,visa,debit,gmail.com,mobile,MAD
9002012,2025-01-24 14:16:45,425.1,W,visa,debit,gmail.com,mobile,MAD
9002574,2025-01-24 14:36:57,304.29,W,visa,credit,gmail.com,,MAD
9002428,2025-01-24 14:42:56,454.67,R,visa,debit,menara.ma,,MAD
9001881,2025-01-24 14:42:58,1189.31,C,visa,debit,gmail.com,mobile,MAD
9002291,2025-01-24 14:58:08,727.33,C,visa,debit,menara.ma,desktop,MAD
9004326,2025-01-24 15:15:50,362.27,C,visa,debit,hotmail.com,mobile,MAD
9003329,2025-01-24 15:23:25,231.7,W,mastercard,debit,gmail.com,mobile,MAD
9004651,2025-01-24 15:28:00,1328.85,C,mastercard,credit,gmail.com,mobile,MAD
9001754,2025-01-24 15:43:23,859.3,C,mastercard,debit,gmail.com,mobile,MAD
9001017,2025-01-24 16:24:15,384.93,W,visa,debit,gmail.com,mobile,MAD
9000809,2025-01-24 16:30:01,986.05,W,visa,debit,gmail.com,mobile,MAD
9002374,2025-01-24 16:46:51,709.19,W,visa,debit,gmail.com,desktop,MAD
9002003,2025-01-24 16:51:20,281.65,W,mastercard,credit,outlook.com,mobile,MAD
9004403,2025-01-24 17:36:36,916.89,R,mastercard,credit,gmail.com,desktop,MAD
9003059,2025-01-24 17:37:49,212.92,W,mastercard,debit,gmail.com,desktop,MAD
9000614,2025-01-24 17:46:51,371.56,W,mastercard,debit,gmail.com,mobile,MAD
9002875,2025-01-24 17:51:43,166.72,W,mastercard,credit,gmail.com,desktop,MAD
9004795,2025-01-24 17:57:40,1167.86,W,visa,credit,gmail.com,mobile,MAD
9002848,2025-01-24 18:20:40,242.12,H,visa,debit,hotmail.com,mobile,MAD
9002852,2025-01-24 18:28:11,629.06,S,visa,debit,gmail.com,mobile,MAD
9002405,2025-01-24 18:29:50,109.31,S,mastercard,credit,gmail.com,mobile,MAD
9003092,2025-01-24 19:03:55,150.99,C,visa,debit,hotmail.com,desktop,MAD
9001320,2025-01-24 19:20:41,536.42,W,visa,debit,outlook.com,mobile,MAD
9001066,2025-01-24 19:33:52,218.99,W,visa,debit,hotmail.com,desktop,MAD
9001694,2025-01-24 19:37:37,449.85,W,mastercard,debit,outlook.com,mobile,MAD
9001593,2025-01-24 19:51:46,284.3,R,visa,debit,outlook.com,mobile,MAD
9004972,2025-01-24 19:57:32,295.15,H,visa,debit,hotmail.com,mobile,MAD
9001629,2025-01-24 19:59:14,809.18,W,mastercard,debit,hotmail.com,desktop,MAD
9002600,2025-01-24 20:24:31,232.57,W,visa,debit,menara.ma,desktop,MAD
9001159,2025-01-24 20:38:06,176.81,W,visa,credit,yahoo.fr,desktop,MAD
9004162,2025-01-24 20:42:47,3511.84,C,visa,debit,gmail.com,desktop,MAD
9001774,2025-01-24 20:58:24,1067.61,C,visa,debit,gmail.com,mobile,MAD
9001283,2025-01-24 21:17:55,133.44,W,visa,debit,gmail.com,mobile,MAD
9004799,2025-01-24 21:19:44,289.71,R,visa,debit,hotmail.com,desktop,MAD
9001385,2025-01-24 22:02:44,758.55,W,visa,debit,gmail.com,mobile,MAD
9003041,2025-01-24 22:31:07,308.67,S,visa,debit,hotmail.com,desktop,MAD
9001761,2025-01-24 22:39:55,210.68,W,mastercard,debit,hotmail.com,mobile,MAD
9003250,2025-01-24 22:51:35,555.58,W,visa,debit,gmail.com,mobile,MAD
9004927,2025-01-24 23:06:47,200.89,W,visa,debit,gmail.com,desktop,MAD
9004626,2025-01-24 23:37:46,616.68,W,mastercard,debit,gmail.com,mobile,MAD
9002546,2025-01-24 23:40:45,96.52,H,mastercard,credit,yahoo.fr,mobile,MAD
9003989,2025-01-25 02:40:01,924.91,R,mastercard,debit,gmail.com,desktop,MAD
9000373,2025-01-25 02:44:38,759.71,W,visa,credit,outlook.com,mobile,MAD
9003461,2025-01-25 02:55:44,626.73,W,visa,credit,hotmail.com,,MAD
9004646,2025-01-25 03:03:00,1492.19,S,visa,credit,hotmail.com,mobile,MAD
9003555,2025-01-25 03:10:45,194.69,S,visa,debit,gmail.com,desktop,MAD
9001191,2025-01-25 05:00:42,484.37,W,mastercard,debit,hotmail.com,desktop,MAD
9003260,2025-01-25 06:38:58,1336.65,R,mastercard,debit,gmail.com,mobile,MAD
9002225,2025-01-25 06:42:12,477.54,W,visa,credit,gmail.com,mobile,MAD
9004030,2025-01-25 07:10:33,347.54,H,mastercard,debit,yahoo.fr,mobile,MAD
9004147,2025-01-25 07:15:44,235.21,W,visa,debit,gmail.com,mobile,MAD
9002749,2025-01-25 07:23:13,61.27,W,mastercard,credit,gmail.com,mobile,MAD
9004877,2025-01-25 07:43:25,340.14,S,visa,debit,outlook.com,,MAD
9003312,2025-01-25 07:54:51,1817.45,C,visa,debit,gmail.com,,MAD
9002564,2025-01-25 08:09:25,138.63,S,visa,debit,yahoo.fr,mobile,MAD
9003618,2025-01-25 08:20:33,314.67,S,visa,debit,yahoo.fr,desktop,MAD
9001688,2025-01-25 08:21:17,193.85,W,visa,debit,yahoo.fr,mobile,MAD
9001131,2025-01-25 08:22:24,458.86,W,visa,debit,gmail.com,,MAD
9001888,2025-01-25 08:24:45,260.8,W,mastercard,debit,hotmail.com,mobile,MAD
9003698,2025-01-25 08:41:54,750.73,W,visa,debit,gmail.com,mobile,MAD
9001866,2025-01-25 08:52:55,1464.07,C,visa,debit,gmail.com,desktop,MAD
9000248,2025-01-25 09:08:17,228.24,W,visa,credit,yahoo.fr,desktop,MAD
9003188,2025-01-25 09:13:21,285.68,W,visa,debit,hotmail.com,mobile,MAD
9001302,2025-01-25 09:30:46,283.05,S,visa,credit,outlook.com,,MAD
9000942,2025-01-25 09:38:13,166.63,S,visa,debit,gmail.com,,MAD
9003479,2025-01-25 09:39:31,197.31,H,mastercard,debit,hotmail.com,mobile,MAD
9002073,2025-01-25 09:48:46,556.05,W,visa,credit,yahoo.fr,mobile,MAD
9004318,2025-01-25 09:55:52,385.3,H,visa,debit,gmail.com,mobile,MAD
9002076,2025-01-25 09:56:56,647.33,S,mastercard,credit,gmail.com,desktop,MAD
9004719,2025-01-25 10:10:02,226.69,W,visa,credit,gmail.com,desktop,MAD
9003285,2025-01-25 10:42:08,188.41,S,visa,credit,gmail.com,desktop,MAD
9002192,2025-01-25 10:46:22,416.36,W,mastercard,debit,outlook.com,desktop,MAD
9001495,2025-01-25 10:47:23,177.05,C,visa,debit,gmail.com,,MAD
9002140,2025-01-25 10:47:38,296.23,H,visa,credit,outlook.com,mobile,MAD
9000164,2025-01-25 10:50:48,615.35,W,visa,debit,gmail.com,desktop,MAD
9004045,2025-01-25 10:51:20,287.7,H,visa,debit,menara.ma,mobile,MAD
9004161,2025-01-25 11:13:50,829.51,W,visa,debit,outlook.com,desktop,MAD
9001340,2025-01-25 11:23:34,282.62,W,visa,credit,gmail.com,,MAD
9004213,2025-01-25 11:26:29,331.52,W,mastercard,debit,yahoo.fr,desktop,MAD
9001956,2025-01-25 11:26:57,874.14,C,visa,debit,gmail.com,,MAD
9002473,2025-01-25 11:45:15,1035.55,W,visa,debit,hotmail.com,mobile,MAD
9001584,2025-01-25 11:56:56,472.49,W,visa,debit,gmail.com,desktop,MAD
9003547,2025-01-25 12:06:08,160.24,S,mastercard,debit,gmail.com,desktop,MAD
9001485,2025-01-25 12:10:37,64.64,W,visa,debit,gmail.com,desktop,MAD
9003653,2025-01-25 12:27:58,106.4,W,visa,credit,menara.ma,mobile,MAD
9000163,2025-01-25 12:41:00,126.72,W,mastercard,debit,outlook.com,desktop,MAD
9002163,2025-01-25 13:06:32,154.02,W,visa,debit,gmail.com,mobile,MAD
9002017,2025-01-25 13:14:44,90.05,S,american express,debit,hotmail.com,desktop,MAD
9004354,2025-01-25 13:35:26,601.33,W,visa,credit,gmail.com,mobile,MAD
9002357,2025-01-25 13:48:55,193.7,S,mastercard,debit,gmail.com,,MAD
9003765,2025-01-25 13:58:14,23165.03,C,mastercard,debit,gmail.com,,MAD
9000907,2025-01-25 14:02:02,258.33,C,mastercard,debit,outlook.com,mobile,MAD
9001635,2025-01-25 14:05:35,379.95,W,mastercard,debit,gmail.com,mobile,MAD
9003315,2025-01-25 14:09:42,1507.2,W,mastercard,debit,gmail.com,desktop,MAD
9001252,2025-01-25 14:21:22,381.27,H,visa,debit,hotmail.com,desktop,MAD
9000496,2025-01-25 14:38:40,1015.76,R,visa,credit,gmail.com,mobile,MAD
9003274,2025-01-25 15:29:45,223.32,W,visa,debit,gmail.com,mobile,MAD
9002524,2025-01-25 16:06:05,613.55,W,mastercard,credit,gmail.com,mobile,MAD
9000065,2025-01-25 16:12:58,483.14,C,visa,credit,gmail.com,,MAD
9001875,2025-01-25 16:23:56,401.86,W,mastercard,debit,gmail.com,mobile,MAD
9003416,2025-01-25 16:24:59,930.88,W,mastercard,debit,gmail.com,mobile,MAD
9002746,2025-01-25 17:00:58,726.41,W,visa,debit,yahoo.fr,mobile,MAD
9003166,2025-01-25 17:07:02,227.74,C,visa,debit,gmail.com,desktop,MAD
9004175,2025-01-25 17:11:57,637.49,W,visa,credit,menara.ma,mobile,MAD
9002290,2025-01-25 17:19:17,316.15,W,visa,credit,gmail.com,desktop,MAD
9002509,2025-01-25 17:19:35,727.03,R,visa,debit,yahoo.fr,,MAD
9001480,2025-01-25 17:22:22,335.77,R,mastercard,credit,menara.ma,,MAD
9003485,2025-01-25 17:33:39,515.66,W,visa,debit,yahoo.fr,,MAD
9002060,2025-01-25 18:15:52,79.23,W,visa,debit,menara.ma,mobile,MAD
9004984,2025-01-25 18:20:48,865.45,C,visa,credit,outlook.com,mobile,MAD
9000687,2025-01-25 18:27:23,995.54,R,mastercard,credit,hotmail.com,mobile,MAD
9001847,2025-01-25 18:39:12,193.28,H,mastercard,debit,yahoo.fr,desktop,MAD
9002915,2025-01-25 18:46:14,123.16,W,visa,debit,gmail.com,desktop,MAD
9000585,2025-01-25 18:51:15,129.22,W,mastercard,debit,gmail.com,,MAD
9003691,2025-01-25 19:00:53,886.02,W,visa,debit,gmail.com,mobile,MAD
9003142,2025-01-25 19:12:58,198.73,W,mastercard,credit,yahoo.fr,mobile,MAD
9003733,2025-01-25 19:23:45,164.97,W,visa,debit,gmail.com,mobile,MAD
9000962,2025-01-25 19:23:54,608.95,W,mastercard,debit,gmail.com,mobile,MAD
9000960,2025-01-25 19:26:38,191.74,S,visa,debit,gmail.com,mobile,MAD
9004446,2025-01-25 19:28:55,262.57,W,visa,credit,yahoo.fr,mobile,MAD
9003766,2025-01-25 19:29:28,409.13,C,visa,debit,menara.ma,,MAD
9004471,2025-01-25 19:38:12,473.37,W,visa,credit,gmail.com,desktop,MAD
9001835,2025-01-25 19:55:34,485.48,W,visa,debit,menara.ma,mobile,MAD
9003291,2025-01-25 19:59:09,238.64,H,mastercard,credit,gmail.com,desktop,MAD
9004896,2025-01-25 20:14:27,963.3,R,mastercard,debit,hotmail.com,desktop,MAD
9001762,2025-01-25 20:29:48,614.38,W,visa,debit,hotmail.com,,MAD
9001043,2025-01-25 20:34:46,228.18,H,visa,debit,menara.ma,,MAD
9003272,2025-01-25 20:41:43,219.36,C,visa,debit,hotmail.com,mobile,MAD
9003886,2025-01-25 20:42:19,822.19,C,visa,credit,hotmail.com,mobile,MAD
9000144,2025-01-25 20:56:59,218.78,W,mastercard,credit,gmail.com,mobile,MAD
9001309,2025-01-25 21:13:31,305.13,W,mastercard,debit,outlook.com,desktop,MAD
9000957,2025-01-25 21:24:57,440.09,S,visa,debit,gmail.com,,MAD
9000027,2025-01-25 21:40:15,217.76,S,mastercard,debit,yahoo.fr,mobile,MAD
9001719,2025-01-25 22:01:27,620.83,C,visa,debit,gmail.com,desktop,MAD
9000572,2025-01-25 22:57:54,366.81,W,visa,debit,yahoo.fr,mobile,MAD
9001496,2025-01-26 01:04:23,199.08,W,visa,debit,gmail.com,desktop,MAD
9004562,2025-01-26 01:10:51,250.95,S,mastercard,debit,gmail.com,mobile,MAD
9004251,2025-01-26 02:08:54,74.05,H,visa,debit,gmail.com,mobile,MAD
9004670,2025-01-26 03:50:58,649.59,W,mastercard,debit,hotmail.com,mobile,MAD
9003775,2025-01-26 04:20:10,519.29,R,visa,credit,hotmail.com,mobile,MAD
9000954,2025-01-26 04:50:19,124.67,H,mastercard,debit,gmail.com,desktop,MAD
9003209,2025-01-26 06:34:25,310.59,W,visa,credit,yahoo.fr,mobile,MAD
9000425,2025-01-26 06:43:42,1198.01,C,visa,debit,gmail.com,desktop,MAD
9003220,2025-01-26 07:22:53,272.03,W,mastercard,debit,menara.ma,mobile,MAD
9002276,2025-01-26 07:23:32,641.03,W,discover,debit,protonmail.com,desktop,MAD
9000500,2025-01-26 07:48:42,165.42,H,visa,debit,gmail.com,mobile,MAD
9001687,2025-01-26 07:55:22,262.09,W,visa,debit,menara.ma,mobile,MAD
9003071,2025-01-26 08:05:32,326.85,C,visa,credit,hotmail.com,mobile,MAD
9003369,2025-01-26 08:13:39,748.01,C,visa,debit,gmail.com,,MAD
9003563,2025-01-26 08:13:43,200.52,H,visa,debit,hotmail.com,desktop,MAD
9001841,2025-01-26 08:13:51,411.85,R,visa,debit,menara.ma,mobile,MAD
9002250,2025-01-26 08:20:35,455.37,W,mastercard,credit,gmail.com,mobile,MAD
9001374,2025-01-26 08:22:26,328.87,S,mastercard,credit,gmail.com,desktop,MAD
9000732,2025-01-26 08:27:50,621.43,W,mastercard,debit,gmail.com,desktop,MAD
9002962,2025-01-26 08:31:56,923.78,C,visa,debit,gmail.com,mobile,MAD
9000473,2025-01-26 08:33:10,673.09,H,visa,debit,gmail.com,mobile,MAD
9001185,2025-01-26 09:06:18,851.14,W,visa,debit,menara.ma,mobile,MAD
9002760,2025-01-26 09:29:26,906.29,W,visa,debit,outlook.com,mobile,MAD
9004659,2025-01-26 09:41:17,687.83,W,visa,debit,gmail.com,mobile,MAD
9004336,2025-01-26 09:59:44,299.98,W,mastercard,debit,gmail.com,mobile,MAD
9000005,2025-01-26 11:34:19,1210.39,W,mastercard,credit,menara.ma,mobile,MAD
9001153,2025-01-26 11:45:09,163.42,W,mastercard,debit,menara.ma,,MAD
9003008,2025-01-26 12:01:46,299.73,W,visa,debit,gmail.com,mobile,MAD
9001437,2025-01-26 12:07:26,357.83,W,visa,debit,yahoo.fr,mobile,MAD
9003669,2025-01-26 12:22:31,910.46,C,visa,debit,gmail.com,,MAD
9003173,2025-01-26 12:32:52,556.06,R,mastercard,debit,gmail.com,mobile,MAD
9002698,2025-01-26 12:47:50,804.84,H,visa,debit,gmail.com,mobile,MAD
9004826,2025-01-26 12:53:24,443.23,H,visa,credit,yahoo.fr,mobile,MAD
9000972,2025-01-26 13:12:07,185.18,R,american express,credit,yahoo.fr,mobile,MAD
9004191,2025-01-26 13:12:35,290.7,W,mastercard,credit,gmail.com,desktop,MAD
9002476,2025-01-26 13:20:06,416.91,C,visa,debit,outlook.com,,MAD
9002420,2025-01-26 13:21:00,201.35,W,american express,debit,menara.ma,mobile,MAD
9004035,2025-01-26 13:24:21,657.67,C,visa,debit,outlook.com,mobile,MAD
9000624,2025-01-26 13:35:19,158.09,C,visa,debit,gmail.com,desktop,MAD
9000547,2025-01-26 13:40:39,314.16,C,american express,debit,gmail.com,mobile,MAD
9003771,2025-01-26 13:44:53,176.82,S,visa,debit,gmail.com,mobile,MAD
9001333,2025-01-26 13:47:17,236.85,W,visa,debit,hotmail.com,mobile,MAD
9003567,2025-01-26 14:03:02,231.21,W,mastercard,debit,yahoo.fr,mobile,MAD
9000795,2025-01-26 14:10:57,439.51,W,visa,debit,menara.ma,mobile,MAD
9000777,2025-01-26 14:15:59,561.56,R,visa,debit,gmail.com,mobile,MAD
9004068,2025-01-26 14:29:37,187.15,H,mastercard,debit,gmail.com,mobile,MAD
9000165,2025-01-26 14:34:14,491.0,W,mastercard,debit,gmail.com,mobile,MAD
9002566,2025-01-26 14:57:29,463.61,W,mastercard,credit,hotmail.com,mobile,MAD
9004520,2025-01-26 15:14:40,635.97,C,visa,debit,yahoo.fr,desktop,MAD
9000238,2025-01-26 15:43:34,205.84,W,american express,debit,gmail.com,,MAD
9002070,2025-01-26 15:44:21,634.14,C,mastercard,debit,gmail.com,desktop,MAD
9004710,2025-01-26 16:06:20,750.33,C,mastercard,credit,gmail.com,,MAD
9000994,2025-01-26 16:08:07,1001.59,W,mastercard,credit,hotmail.com,desktop,MAD
9000464,2025-01-26 16:26:17,475.98,H,visa,debit,hotmail.com,desktop,MAD
9002762,2025-01-26 16:43:18,1889.39,C,mastercard,debit,gmail.com,mobile,MAD
9002224,2025-01-26 16:43:45,67.97,H,mastercard,credit,menara.ma,mobile,MAD
9002495,2025-01-26 16:46:46,325.01,C,mastercard,credit,gmail.com,mobile,MAD
9001444,2025-01-26 16:47:01,878.57,W,visa,debit,gmail.com,mobile,MAD
9001059,2025-01-26 16:51:54,223.6,S,visa,debit,menara.ma,mobile,MAD
9004130,2025-01-26 17:39:11,388.16,W,visa,debit,gmail.com,desktop,MAD
9002694,2025-01-26 17:48:33,567.79,W,mastercard,debit,gmail.com,desktop,MAD
9001079,2025-01-26 18:12:50,854.47,W,visa,credit,gmail.com,mobile,MAD
9002990,2025-01-26 18:25:41,614.53,W,visa,debit,gmail.com,mobile,MAD
9000275,2025-01-26 18:47:11,710.91,W,mastercard,debit,gmail.com,,MAD
9004743,2025-01-26 18:55:30,280.31,H,mastercard,debit,gmail.com,mobile,MAD
9003924,2025-01-26 19:01:30,123.92,S,visa,debit,gmail.com,mobile,MAD
9001741,2025-01-26 19:19:56,1256.81,C,mastercard,credit,gmail.com,mobile,MAD
9004736,2025-01-26 19:47:10,317.96,W,mastercard,credit,menara.ma,mobile,MAD
9001225,2025-01-26 19:54:26,484.81,W,mastercard,debit,gmail.com,mobile,MAD
9004616,2025-01-26 20:03:23,253.38,W,visa,debit,gmail.com,mobile,MAD
9002341,2025-01-26 20:05:04,1528.74,W,mastercard,debit,yahoo.fr,desktop,MAD
9004328,2025-01-26 20:50:05,437.6,W,mastercard,credit,gmail.com,desktop,MAD
9002925,2025-01-26 21:16:19,606.67,S,mastercard,debit,gmail.com,mobile,MAD
9000929,2025-01-26 21:29:18,182.15,R,visa,debit,outlook.com,mobile,MAD
9004342,2025-01-26 23:16:43,342.0,W,visa,credit,menara.ma,mobile,MAD
9001678,2025-01-26 23:24:00,161.54,S,mastercard,debit,gmail.com,,MAD
9003676,2025-01-26 23:32:53,359.87,S,mastercard,debit,hotmail.com,desktop,MAD
9003218,2025-01-26 23:48:40,370.2,C,visa,credit,outlook.com,desktop,MAD
9003125,2025-01-27 01:29:31,159.66,S,visa,debit,hotmail.com,mobile,MAD
9000219,2025-01-27 01:46:58,706.35,W,visa,credit,yahoo.fr,mobile,MAD
9000800,2025-01-27 03:18:18,333.61,R,visa,debit,menara.ma,mobile,MAD
9002999,2025-01-27 03:47:24,553.73,R,visa,debit,gmail.com,mobile,MAD
9004028,2025-01-27 03:48:26,240.14,H,visa,debit,outlook.com,desktop,MAD
9001293,2025-01-27 03:55:22,341.05,W,mastercard,credit,gmail.com,mobile,MAD
9001643,2025-01-27 04:01:47,344.15,W,visa,credit,gmail.com,mobile,MAD
9004227,2025-01-27 04:25:36,916.22,W,mastercard,debit,hotmail.com,desktop,MAD
9003556,2025-01-27 05:02:47,273.55,W,mastercard,credit,gmail.com,mobile,MAD
9003780,2025-01-27 06:00:46,755.95,C,visa,debit,menara.ma,mobile,MAD
9004284,2025-01-27 06:08:45,699.88,C,mastercard,credit,menara.ma,desktop,MAD
9000633,2025-01-27 07:00:36,197.12,S,visa,debit,gmail.com,desktop,MAD
9003261,2025-01-27 07:02:06,474.16,W,mastercard,debit,gmail.com,,MAD
9002078,2025-01-27 07:06:43,295.72,S,visa,debit,hotmail.com,,MAD
9000935,2025-01-27 07:34:37,256.59,W,visa,debit,hotmail.com,desktop,MAD
9004465,2025-01-27 07:47:58,1439.61,H,visa,credit,gmail.com,mobile,MAD
9001263,2025-01-27 07:55:29,320.93,W,visa,debit,gmail.com,mobile,MAD
9004610,2025-01-27 08:13:27,114.12,S,visa,debit,gmail.com,desktop,MAD
9000869,2025-01-27 08:15:28,460.49,C,visa,debit,gmail.com,mobile,MAD
9003814,2025-01-27 08:29:23,258.29,C,mastercard,debit,gmail.com,mobile,MAD
9001039,2025-01-27 08:34:37,931.55,C,american express,debit,gmail.com,mobile,MAD
9000689,2025-01-27 08:40:32,730.58,W,visa,debit,menara.ma,mobile,MAD
9000214,2025-01-27 08:46:42,574.48,C,visa,debit,yahoo.fr,,MAD
9001373,2025-01-27 08:58:12,259.5,W,mastercard,debit,menara.ma,mobile,MAD
9002954,2025-01-27 09:01:53,360.48,W,visa,debit,menara.ma,,MAD
9000621,2025-01-27 09:47:26,310.23,W,visa,debit,gmail.com,mobile,MAD
9000140,2025-01-27 09:58:36,502.29,W,mastercard,debit,yahoo.fr,mobile,MAD
9000285,2025-01-27 10:03:13,802.71,W,visa,debit,yahoo.fr,,MAD
9001924,2025-01-27 10:39:19,329.64,H,visa,debit,menara.ma,mobile,MAD
9003893,2025-01-27 11:08:38,535.08,R,american express,credit,gmail.com,mobile,MAD
9001092,2025-01-27 11:12:33,516.44,W,visa,debit,hotmail.com,,MAD
9000354,2025-01-27 11:15:55,424.54,H,mastercard,debit,gmail.com,mobile,MAD
9002841,2025-01-27 11:28:29,963.28,C,visa,debit,gmail.com,mobile,MAD
9004144,2025-01-27 11:39:16,199.1,H,visa,debit,yahoo.fr,desktop,MAD
9003325,2025-01-27 12:00:30,353.66,C,visa,debit,yahoo.fr,mobile,MAD
9002040,2025-01-27 12:06:20,1689.11,C,mastercard,debit,gmail.com,,MAD
9000298,2025-01-27 12:19:01,298.91,W,mastercard,debit,gmail.com,mobile,MAD
9003624,2025-01-27 12:33:36,337.14,S,visa,debit,menara.ma,mobile,MAD
9002717,2025-01-27 12:57:51,2749.31,W,discover,credit,protonmail.com,desktop,MAD
9003551,2025-01-27 13:01:07,55.85,W,visa,debit,hotmail.com,mobile,MAD
9002934,2025-01-27 13:30:19,210.18,H,mastercard,debit,gmail.com,,MAD
9000267,2025-01-27 13:37:30,252.28,W,mastercard,debit,menara.ma,mobile,MAD
9000155,2025-01-27 13:39:18,335.86,W,mastercard,debit,gmail.com,mobile,MAD
9001100,2025-01-27 13:41:31,209.56,W,visa,credit,menara.ma,desktop,MAD
9002007,2025-01-27 13:52:51,224.63,W,visa,credit,hotmail.com,mobile,MAD
9001184,2025-01-27 14:03:54,388.2,R,mastercard,debit,gmail.com,desktop,MAD
9001057,2025-01-27 14:19:59,213.21,W,visa,credit,hotmail.com,mobile,MAD
9001331,2025-01-27 14:24:17,617.95,C,visa,debit,hotmail.com,mobile,MAD
9002318,2025-01-27 14:33:49,588.92,W,visa,debit,menara.ma,mobile,MAD
9001220,2025-01-27 14:36:07,640.23,H,visa,debit,hotmail.com,desktop,MAD
9002916,2025-01-27 14:39:01,408.16,S,visa,debit,hotmail.com,desktop,MAD
9003860,2025-01-27 14:50:01,434.12,R,mastercard,debit,yahoo.fr,desktop,MAD
9001473,2025-01-27 14:59:10,437.06,W,visa,credit,gmail.com,mobile,MAD
9003601,2025-01-27 15:17:34,832.92,C,visa,debit,gmail.com,,MAD
9001729,2025-01-27 15:22:48,411.88,H,visa,debit,outlook.com,,MAD
9001418,2025-01-27 15:38:14,81.98,W,visa,debit,gmail.com,mobile,MAD
9004765,2025-01-27 15:57:21,293.5,W,mastercard,debit,yahoo.fr,mobile,MAD
9002802,2025-01-27 16:11:19,395.88,C,visa,credit,outlook.com,desktop,MAD
9002382,2025-01-27 16:30:21,569.04,W,visa,debit,menara.ma,desktop,MAD
9000030,2025-01-27 16:42:58,1139.93,C,mastercard,debit,hotmail.com,desktop,MAD
9001890,2025-01-27 16:51:49,84.18,W,mastercard,credit,yahoo.fr,mobile,MAD
9004529,2025-01-27 16:56:07,954.9,W,visa,debit,outlook.com,desktop,MAD
9000435,2025-01-27 17:13:24,387.06,W,visa,debit,outlook.com,,MAD
9001319,2025-01-27 17:15:44,599.65,C,visa,credit,yahoo.fr,mobile,MAD
9000923,2025-01-27 17:17:10,108.76,H,mastercard,credit,gmail.com,,MAD
9003081,2025-01-27 17:54:28,1109.73,W,visa,debit,gmail.com,desktop,MAD
9002135,2025-01-27 17:55:01,445.52,R,mastercard,debit,yahoo.fr,desktop,MAD
9003080,2025-01-27 18:02:39,226.28,S,visa,debit,gmail.com,,MAD
9004297,2025-01-27 18:14:13,438.37,W,mastercard,credit,gmail.com,desktop,MAD
9000186,2025-01-27 18:49:16,210.19,W,visa,credit,gmail.com,desktop,MAD
9002735,2025-01-27 18:50:23,864.18,H,visa,debit,gmail.com,mobile,MAD
9000091,2025-01-27 18:54:12,1377.38,C,mastercard,debit,hotmail.com,desktop,MAD
9003616,2025-01-27 18:55:41,294.43,W,mastercard,debit,hotmail.com,,MAD
9003744,2025-01-27 19:05:03,238.68,H,mastercard,credit,menara.ma,mobile,MAD
9002860,2025-01-27 19:21:02,452.22,C,visa,credit,gmail.com,mobile,MAD
9003356,2025-01-27 19:29:43,214.57,C,visa,debit,gmail.com,mobile,MAD
9004094,2025-01-27 19:40:28,512.21,C,visa,debit,gmail.com,,MAD
9004942,2025-01-27 19:43:21,492.63,R,american express,credit,gmail.com,,MAD
9000004,2025-01-27 19:43:56,148.21,W,mastercard,credit,outlook.com,mobile,MAD
9000756,2025-01-27 19:46:38,1377.36,W,visa,debit,hotmail.com,mobile,MAD
9003500,2025-01-27 19:49:43,56.23,H,mastercard,debit,gmail.com,desktop,MAD
9000082,2025-01-27 19:56:47,405.62,W,visa,credit,gmail.com,desktop,MAD
9002157,2025-01-27 20:16:50,322.65,R,visa,debit,gmail.com,desktop,MAD
9001992,2025-01-27 20:31:36,420.04,W,mastercard,credit,menara.ma,mobile,MAD
9003812,2025-01-27 20:36:37,239.92,H,visa,credit,gmail.com,mobile,MAD
9004004,2025-01-27 20:38:11,244.26,W,mastercard,debit,gmail.com,mobile,MAD
9000121,2025-01-27 20:52:55,430.38,W,mastercard,credit,gmail.com,,MAD
9003619,2025-01-27 20:55:21,306.3,W,visa,credit,yahoo.fr,mobile,MAD
9004416,2025-01-27 20:55:26,759.8,C,visa,debit,gmail.com,mobile,MAD
9003747,2025-01-27 21:08:35,242.42,R,mastercard,credit,gmail.com,mobile,MAD
9004322,2025-01-27 21:21:39,513.18,C,visa,debit,menara.ma,desktop,MAD
9002565,2025-01-27 21:34:15,184.03,W,visa,debit,gmail.com,mobile,MAD
9003104,2025-01-27 21:34:52,454.66,H,mastercard,debit,yahoo.fr,mobile,MAD
9000883,2025-01-27 21:43:43,281.99,H,mastercard,debit,outlook.com,mobile,MAD
9004878,2025-01-27 21:46:02,211.51,W,visa,debit,gmail.com,desktop,MAD
9002521,2025-01-27 21:54:43,793.66,W,mastercard,debit,gmail.com,,MAD
9003489,2025-01-27 21:57:47,168.19,W,mastercard,debit,menara.ma,mobile,MAD
9004545,2025-01-27 22:04:58,190.16,W,mastercard,credit,gmail.com,mobile,MAD
9000407,2025-01-27 22:55:28,602.37,H,mastercard,credit,yahoo.fr,desktop,MAD
9000047,2025-01-27 22:56:08,616.33,C,visa,credit,gmail.com,desktop,MAD
9002661,2025-01-27 23:00:58,35.81,S,visa,debit,hotmail.com,mobile,MAD
9002146,2025-01-27 23:48:09,550.87,W,mastercard,debit,gmail.com,desktop,MAD
9000939,2025-01-28 00:23:42,860.12,W,mastercard,credit,gmail.com,desktop,MAD
9001919,2025-01-28 00:42:10,377.84,S,visa,debit,hotmail.com,desktop,MAD
9000231,2025-01-28 00:52:27,558.05,W,mastercard,debit,gmail.com,mobile,MAD
9000833,2025-01-28 03:43:11,463.37,W,mastercard,credit,outlook.com,,MAD
9004047,2025-01-28 05:49:02,106.09,S,mastercard,debit,outlook.com,mobile,MAD
9004179,2025-01-28 05:59:53,357.27,W,visa,credit,gmail.com,,MAD
9002846,2025-01-28 06:00:25,509.94,W,visa,debit,gmail.com,mobile,MAD
9000485,2025-01-28 06:35:23,931.24,W,visa,debit,menara.ma,mobile,MAD
9000710,2025-01-28 07:15:40,219.52,C,mastercard,debit,menara.ma,mobile,MAD
9002337,2025-01-28 07:17:37,200.11,W,visa,debit,gmail.com,,MAD
9004106,2025-01-28 07:37:45,469.59,W,visa,credit,gmail.com,desktop,MAD
9002205,2025-01-28 08:12:04,1463.04,W,mastercard,credit,gmail.com,,MAD
9003397,2025-01-28 08:16:10,434.01,W,visa,credit,hotmail.com,mobile,MAD
9002578,2025-01-28 08:19:42,121.91,S,visa,debit,yahoo.fr,,MAD
9002354,2025-01-28 08:46:38,956.04,C,visa,debit,yahoo.fr,mobile,MAD
9003443,2025-01-28 08:52:57,500.8,W,visa,debit,yahoo.fr,mobile,MAD
9003132,2025-01-28 09:36:11,966.03,H,mastercard,credit,gmail.com,mobile,MAD
9001368,2025-01-28 10:02:02,372.37,H,visa,debit,gmail.com,desktop,MAD
9002730,2025-01-28 10:04:03,729.94,C,visa,credit,gmail.com,mobile,MAD
9000916,2025-01-28 10:15:22,450.02,S,visa,debit,gmail.com,desktop,MAD
9003954,2025-01-28 10:32:50,384.7,R,mastercard,debit,hotmail.com,mobile,MAD
9002391,2025-01-28 10:34:58,805.17,W,visa,credit,yahoo.fr,desktop,MAD
9000020,2025-01-28 10:35:01,544.37,H,visa,credit,hotmail.com,desktop,MAD
9002465,2025-01-28 10:35:27,931.14,R,discover,credit,tutanota.com,desktop,MAD
9000612,2025-01-28 10:41:09,410.04,W,visa,credit,gmail.com,,MAD
9002020,2025-01-28 10:51:36,444.85,W,visa,debit,gmail.com,mobile,MAD
9004742,2025-01-28 11:02:38,891.01,W,visa,credit,outlook.com,mobile,MAD
9004050,2025-01-28 11:05:08,809.35,W,visa,credit,hotmail.com,mobile,MAD
9003631,2025-01-28 11:13:04,1242.87,W,american express,debit,hotmail.com,mobile,MAD
9002845,2025-01-28 11:16:33,325.77,W,visa,debit,gmail.com,mobile,MAD
9002645,2025-01-28 11:45:32,1141.1,W,visa,credit,gmail.com,mobile,MAD
9002991,2025-01-28 11:49:21,215.47,W,visa,debit,menara.ma,mobile,MAD
9004025,2025-01-28 12:08:01,222.73,C,visa,debit,outlook.com,mobile,MAD
9002217,2025-01-28 12:39:13,484.75,W,visa,debit,hotmail.com,mobile,MAD
9004180,2025-01-28 13:08:13,218.1,W,mastercard,credit,gmail.com,mobile,MAD
9002274,2025-01-28 13:15:37,361.17,W,visa,credit,gmail.com,desktop,MAD
9002004,2025-01-28 13:46:39,227.09,S,visa,debit,menara.ma,desktop,MAD
9003453,2025-01-28 13:54:17,351.55,W,mastercard,debit,outlook.com,desktop,MAD
9002716,2025-01-28 13:57:24,177.84,W,visa,debit,menara.ma,,MAD
9003587,2025-01-28 14:05:03,621.19,W,visa,credit,gmail.com,mobile,MAD
9004323,2025-01-28 14:21:35,362.45,R,visa,debit,gmail.com,mobile,MAD
9004424,2025-01-28 14:24:15,185.66,S,visa,credit,gmail.com,,MAD
9001743,2025-01-28 14:24:57,199.37,S,visa,debit,gmail.com,mobile,MAD
9004526,2025-01-28 14:44:12,312.0,C,mastercard,credit,yahoo.fr,,MAD
9000798,2025-01-28 14:57:30,310.04,W,visa,debit,gmail.com,desktop,MAD
9000176,2025-01-28 14:59:51,793.54,C,visa,debit,gmail.com,mobile,MAD
9003817,2025-01-28 15:23:10,414.63,W,mastercard,debit,yahoo.fr,mobile,MAD
9002582,2025-01-28 15:53:07,158.46,W,visa,debit,gmail.com,mobile,MAD
9000537,2025-01-28 16:15:42,456.32,C,mastercard,debit,outlook.com,mobile,MAD
9002435,2025-01-28 16:35:02,216.34,H,visa,debit,gmail.com,desktop,MAD
9000031,2025-01-28 16:46:44,546.71,C,visa,debit,gmail.com,mobile,MAD
9004444,2025-01-28 16:59:17,790.03,W,mastercard,debit,gmail.com,mobile,MAD
9002409,2025-01-28 17:20:28,45114.09,C,visa,debit,gmail.com,desktop,MAD
9003666,2025-01-28 17:22:42,387.91,W,mastercard,debit,gmail.com,mobile,MAD
9000335,2025-01-28 17:28:17,497.29,W,visa,debit,menara.ma,mobile,MAD
9001853,2025-01-28 17:31:34,388.31,W,visa,credit,hotmail.com,mobile,MAD
9003292,2025-01-28 17:43:05,473.39,W,visa,debit,gmail.com,mobile,MAD
9001954,2025-01-28 17:47:36,94.32,S,mastercard,credit,gmail.com,mobile,MAD
9000205,2025-01-28 18:02:07,1394.43,H,mastercard,credit,gmail.com,mobile,MAD
9004759,2025-01-28 18:16:46,151.35,W,mastercard,debit,gmail.com,,MAD
9000114,2025-01-28 18:17:56,281.37,R,visa,debit,gmail.com,mobile,MAD
9000647,2025-01-28 18:25:56,275.01,W,mastercard,credit,outlook.com,mobile,MAD
9001520,2025-01-28 18:34:02,1207.86,C,visa,debit,yahoo.fr,,MAD
9003981,2025-01-28 18:36:09,179.83,C,visa,credit,gmail.com,,MAD
9000073,2025-01-28 18:36:51,236.72,W,mastercard,debit,outlook.com,mobile,MAD
9000792,2025-01-28 18:39:21,187.25,H,mastercard,debit,gmail.com,,MAD
9003884,2025-01-28 18:56:53,231.88,W,visa,debit,hotmail.com,mobile,MAD
9003143,2025-01-28 19:04:10,254.83,W,visa,debit,gmail.com,desktop,MAD
9002243,2025-01-28 19:10:48,429.33,W,visa,credit,hotmail.com,desktop,MAD
9002507,2025-01-28 19:12:24,1391.72,H,visa,debit,outlook.com,mobile,MAD
9001566,2025-01-28 19:23:36,339.29,W,american express,debit,gmail.com,,MAD
9004167,2025-01-28 19:30:53,1178.86,C,visa,credit,yahoo.fr,mobile,MAD
9002077,2025-01-28 19:44:34,107.98,W,mastercard,debit,hotmail.com,mobile,MAD
9000222,2025-01-28 19:46:06,245.49,H,mastercard,debit,hotmail.com,mobile,MAD
9001555,2025-01-28 19:51:17,92.03,H,visa,credit,gmail.com,mobile,MAD
9000506,2025-01-28 19:54:10,199.32,H,visa,debit,gmail.com,desktop,MAD
9000871,2025-01-28 20:03:04,291.53,W,visa,credit,gmail.com,mobile,MAD
9001248,2025-01-28 20:11:43,167.93,W,visa,debit,gmail.com,desktop,MAD
9002189,2025-01-28 20:13:16,152.91,W,mastercard,debit,outlook.com,desktop,MAD
9000905,2025-01-28 20:17:01,482.62,W,visa,debit,gmail.com,mobile,MAD
9002180,2025-01-28 20:38:14,335.6,W,visa,credit,gmail.com,mobile,MAD
9002644,2025-01-28 21:24:00,130.53,W,visa,credit,gmail.com,,MAD
9001458,2025-01-28 21:56:57,266.63,W,mastercard,credit,gmail.com,mobile,MAD
9002047,2025-01-28 22:29:27,806.16,C,mastercard,debit,gmail.com,mobile,MAD
9003016,2025-01-28 22:32:52,262.38,W,visa,credit,gmail.com,mobile,MAD
9001803,2025-01-28 23:36:57,316.0,H,mastercard,debit,menara.ma,mobile,MAD
9001213,2025-01-28 23:45:42,148.36,W,american express,debit,outlook.com,mobile,MAD
9003072,2025-01-29 02:17:19,1079.33,W,visa,debit,gmail.com,mobile,MAD
9004355,2025-01-29 03:22:00,2241.6,S,mastercard,debit,gmail.com,mobile,MAD
9003139,2025-01-29 05:08:28,416.45,W,mastercard,debit,gmail.com,mobile,MAD
9004606,2025-01-29 05:41:18,1414.65,R,visa,debit,gmail.com,mobile,MAD
9000644,2025-01-29 06:34:40,166.85,S,mastercard,debit,gmail.com,mobile,MAD
9002960,2025-01-29 06:37:30,437.8,R,visa,credit,gmail.com,desktop,MAD
9003656,2025-01-29 07:03:34,933.67,W,visa,debit,gmail.com,,MAD
9004726,2025-01-29 07:03:35,241.0,H,visa,credit,yahoo.fr,mobile,MAD
9004807,2025-01-29 07:53:25,136.25,W,visa,debit,outlook.com,desktop,MAD
9003410,2025-01-29 08:01:45,89.81,W,visa,debit,outlook.com,mobile,MAD
9000709,2025-01-29 08:02:26,592.24,C,visa,credit,gmail.com,mobile,MAD
9004453,2025-01-29 08:03:49,204.06,W,mastercard,debit,gmail.com,mobile,MAD
9001697,2025-01-29 08:11:14,130.5,H,visa,debit,gmail.com,,MAD
9001102,2025-01-29 08:23:35,236.09,W,visa,debit,outlook.com,mobile,MAD
9002178,2025-01-29 08:29:10,318.74,R,mastercard,debit,gmail.com,mobile,MAD
9004116,2025-01-29 08:38:22,207.56,W,visa,debit,gmail.com,mobile,MAD
9001508,2025-01-29 08:50:00,94.31,W,mastercard,debit,gmail.com,mobile,MAD
9002239,2025-01-29 08:52:18,198.62,S,mastercard,debit,gmail.com,mobile,MAD
9002976,2025-01-29 08:58:36,324.61,W,mastercard,debit,gmail.com,mobile,MAD
9004867,2025-01-29 09:04:27,411.73,W,mastercard,debit,hotmail.com,mobile,MAD
9002549,2025-01-29 09:04:53,455.46,W,visa,debit,gmail.com,desktop,MAD
9000785,2025-01-29 09:25:24,274.21,S,visa,debit,gmail.com,desktop,MAD
9004112,2025-01-29 10:01:13,236.6,W,visa,debit,hotmail.com,,MAD
9001202,2025-01-29 10:11:56,149.02,W,visa,debit,yahoo.fr,,MAD
9003855,2025-01-29 10:14:33,604.25,W,mastercard,debit,outlook.com,desktop,MAD
9004890,2025-01-29 10:18:31,406.13,W,mastercard,credit,gmail.com,mobile,MAD
9003636,2025-01-29 10:20:12,234.63,W,mastercard,debit,yahoo.fr,mobile,MAD
9002456,2025-01-29 10:21:33,293.73,R,mastercard,credit,hotmail.com,,MAD
9001517,2025-01-29 10:39:53,69.05,S,visa,credit,gmail.com,desktop,MAD
9001499,2025-01-29 11:02:13,726.97,W,mastercard,credit,gmail.com,desktop,MAD
9001075,2025-01-29 11:02:42,1040.34,S,visa,credit,gmail.com,mobile,MAD
9004485,2025-01-29 11:07:33,282.4,W,visa,debit,gmail.com,mobile,MAD
9000622,2025-01-29 11:07:58,260.37,W,american express,debit,gmail.com,mobile,MAD
9002913,2025-01-29 11:12:55,304.56,W,visa,debit,yahoo.fr,desktop,MAD
9000519,2025-01-29 11:27:15,361.47,C,visa,debit,gmail.com,mobile,MAD
9003938,2025-01-29 11:33:22,356.31,W,visa,debit,gmail.com,mobile,MAD
9001101,2025-01-29 11:54:05,265.54,R,visa,credit,gmail.com,mobile,MAD
9000944,2025-01-29 12:09:00,279.42,W,visa,debit,gmail.com,mobile,MAD
9000290,2025-01-29 12:41:39,496.91,W,visa,credit,gmail.com,,MAD
9004417,2025-01-29 12:41:58,447.25,R,visa,credit,hotmail.com,desktop,MAD
9001712,2025-01-29 12:47:46,155.52,W,mastercard,debit,outlook.com,mobile,MAD
9004281,2025-01-29 12:49:42,324.63,W,american express,debit,gmail.com,,MAD
9001808,2025-01-29 12:50:03,483.05,W,visa,debit,gmail.com,mobile,MAD
9000276,2025-01-29 12:56:57,441.38,W,american express,debit,gmail.com,mobile,MAD
9002459,2025-01-29 12:57:04,615.93,H,visa,debit,gmail.com,desktop,MAD
9003971,2025-01-29 12:58:31,173.22,H,visa,credit,yahoo.fr,mobile,MAD
9003451,2025-01-29 12:58:46,529.76,W,american express,debit,outlook.com,mobile,MAD
9002527,2025-01-29 13:09:08,220.13,H,mastercard,debit,gmail.com,desktop,MAD
9000367,2025-01-29 13:31:30,340.05,H,american express,credit,gmail.com,mobile,MAD
9001541,2025-01-29 13:51:41,614.49,R,visa,debit,gmail.com,mobile,MAD
9000974,2025-01-29 13:56:41,258.4,W,mastercard,debit,yahoo.fr,,MAD
9001420,2025-01-29 13:57:39,161.48,S,visa,debit,gmail.com,mobile,MAD
9002463,2025-01-29 14:01:15,254.29,W,mastercard,debit,menara.ma,,MAD
9001431,2025-01-29 15:04:44,200.48,W,visa,debit,yahoo.fr,mobile,MAD
9002026,2025-01-29 15:30:02,702.09,C,visa,debit,gmail.com,mobile,MAD
9003662,2025-01-29 15:37:25,584.92,C,visa,debit,gmail.com,desktop,MAD
9004707,2025-01-29 15:45:08,129.55,W,visa,debit,gmail.com,desktop,MAD
9000973,2025-01-29 15:48:55,973.48,R,visa,credit,hotmail.com,mobile,MAD
9001799,2025-01-29 15:53:05,265.62,W,visa,debit,gmail.com,desktop,MAD
9003090,2025-01-29 16:18:27,467.38,R,mastercard,credit,gmail.com,desktop,MAD
9003846,2025-01-29 16:34:06,226.36,W,mastercard,credit,outlook.com,desktop,MAD
9002844,2025-01-29 16:44:50,562.83,W,visa,debit,outlook.com,mobile,MAD
9000076,2025-01-29 16:49:21,720.1,H,mastercard,debit,menara.ma,desktop,MAD
9003923,2025-01-29 17:20:41,135.92,W,mastercard,debit,hotmail.com,mobile,MAD
9002395,2025-01-29 17:27:59,196.4,W,visa,debit,gmail.com,desktop,MAD
9001968,2025-01-29 17:33:02,657.11,W,visa,debit,gmail.com,mobile,MAD
9000277,2025-01-29 17:33:10,182.38,H,visa,debit,gmail.com,,MAD
9003123,2025-01-29 17:33:11,534.02,W,mastercard,debit,gmail.com,desktop,MAD
9000109,2025-01-29 17:38:07,188.13,R,visa,credit,gmail.com,,MAD
9004343,2025-01-29 18:13:36,670.1,W,visa,credit,menara.ma,mobile,MAD
9001146,2025-01-29 18:13:37,240.14,C,visa,credit,yahoo.fr,mobile,MAD
9003286,2025-01-29 18:13:40,360.79,C,visa,debit,yahoo.fr,desktop,MAD
9003874,2025-01-29 18:16:45,295.76,R,visa,debit,yahoo.fr,mobile,MAD
9001802,2025-01-29 18:30:13,469.08,W,visa,debit,gmail.com,,MAD
9003138,2025-01-29 18:40:32,533.69,W,mastercard,debit,gmail.com,desktop,MAD
9000768,2025-01-29 18:42:30,158.03,W,visa,debit,gmail.com,mobile,MAD
9001768,2025-01-29 19:18:45,236.69,H,mastercard,credit,gmail.com,mobile,MAD
9003427,2025-01-29 19:25:53,293.28,S,visa,credit,gmail.com,mobile,MAD
9003498,2025-01-29 19:37:26,189.35,W,mastercard,debit,gmail.com,mobile,MAD
9001795,2025-01-29 19:43:13,653.73,C,visa,credit,outlook.com,desktop,MAD
9002686,2025-01-29 20:08:50,359.86,W,visa,debit,gmail.com,desktop,MAD
9001932,2025-01-29 20:30:13,2018.44,C,visa,credit,gmail.com,mobile,MAD
9004895,2025-01-29 20:39:06,117.15,W,visa,debit,yahoo.fr,,MAD
9003056,2025-01-29 20:49:37,143.37,W,mastercard,debit,gmail.com,mobile,MAD
9003560,2025-01-29 20:55:33,158.85,H,visa,debit,hotmail.com,mobile,MAD
9003262,2025-01-29 21:05:37,227.0,W,mastercard,credit,yahoo.fr,mobile,MAD
9002769,2025-01-29 21:08:45,191.71,C,mastercard,debit,gmail.com,,MAD
9000124,2025-01-29 21:17:35,258.49,W,mastercard,debit,yahoo.fr,mobile,MAD
9000474,2025-01-29 21:44:18,486.9,R,american express,debit,gmail.com,mobile,MAD
9000054,2025-01-29 21:46:49,629.82,W,visa,credit,gmail.com,desktop,MAD
9004428,2025-01-29 21:47:54,1016.73,W,visa,debit,menara.ma,mobile,MAD
9004481,2025-01-29 22:17:20,532.59,H,visa,debit,gmail.com,mobile,MAD
9002454,2025-01-29 22:59:24,972.75,H,visa,debit,menara.ma,desktop,MAD
9003990,2025-01-29 23:04:55,952.1,W,visa,debit,gmail.com,desktop,MAD
9000070,2025-01-29 23:20:01,183.53,W,visa,debit,menara.ma,mobile,MAD
9002980,2025-01-29 23:23:11,601.88,H,visa,credit,gmail.com,mobile,MAD
9001789,2025-01-29 23:25:06,196.64,H,mastercard,credit,gmail.com,mobile,MAD
9000651,2025-01-30 00:36:30,651.67,H,visa,debit,gmail.com,desktop,MAD
9001918,2025-01-30 01:39:20,364.8,C,mastercard,debit,gmail.com,mobile,MAD
9000718,2025-01-30 01:50:29,906.53,H,visa,debit,gmail.com,mobile,MAD
9005000,2025-01-30 03:28:51,525.69,R,visa,credit,gmail.com,mobile,MAD
9003709,2025-01-30 04:14:25,235.19,S,visa,debit,hotmail.com,,MAD
9001031,2025-01-30 05:35:10,571.29,W,visa,debit,gmail.com,mobile,MAD
9001477,2025-01-30 06:34:22,461.46,W,mastercard,debit,hotmail.com,mobile,MAD
9001519,2025-01-30 07:00:34,128.12,W,mastercard,debit,gmail.com,desktop,MAD
9000282,2025-01-30 07:01:51,1265.71,R,visa,credit,yahoo.fr,mobile,MAD
9004363,2025-01-30 07:16:12,114.83,S,visa,credit,hotmail.com,desktop,MAD
9000183,2025-01-30 08:37:24,139.2,W,visa,credit,hotmail.com,mobile,MAD
9003015,2025-01-30 08:52:13,371.6,W,visa,credit,hotmail.com,mobile,MAD
9000453,2025-01-30 08:54:06,270.3,H,visa,debit,gmail.com,,MAD
9002977,2025-01-30 09:04:14,181.99,C,mastercard,debit,gmail.com,mobile,MAD
9004561,2025-01-30 09:24:21,121.07,W,visa,debit,gmail.com,,MAD
9004660,2025-01-30 09:30:54,292.33,W,visa,debit,gmail.com,desktop,MAD
9002538,2025-01-30 09:33:54,379.73,W,visa,debit,gmail.com,mobile,MAD
9003638,2025-01-30 09:46:35,444.59,W,visa,debit,hotmail.com,,MAD
9001018,2025-01-30 09:50:24,285.13,W,mastercard,debit,menara.ma,mobile,MAD
9000444,2025-01-30 09:51:48,902.92,C,american express,debit,gmail.com,mobile,MAD
9000563,2025-01-30 10:12:04,730.83,H,visa,debit,menara.ma,mobile,MAD
9004638,2025-01-30 10:23:58,695.51,C,visa,debit,gmail.com,mobile,MAD
9000235,2025-01-30 10:30:32,140.58,H,visa,debit,gmail.com,mobile,MAD
9001356,2025-01-30 10:34:18,74.9,W,visa,debit,gmail.com,mobile,MAD
9004473,2025-01-30 10:38:35,157.16,W,visa,credit,hotmail.com,mobile,MAD
9003116,2025-01-30 10:59:41,606.21,R,visa,debit,hotmail.com,desktop,MAD
9004196,2025-01-30 11:20:45,275.42,H,mastercard,debit,gmail.com,mobile,MAD
9004573,2025-01-30 11:26:23,185.69,W,visa,debit,gmail.com,mobile,MAD
9000055,2025-01-30 11:41:25,1437.56,R,visa,debit,gmail.com,desktop,MAD
9000185,2025-01-30 11:55:20,974.14,W,mastercard,debit,gmail.com,mobile,MAD
9002948,2025-01-30 12:03:23,752.35,W,visa,credit,gmail.com,desktop,MAD
9000203,2025-01-30 12:06:07,355.11,W,mastercard,debit,gmail.com,,MAD
9003141,2025-01-30 12:38:54,258.03,H,mastercard,debit,outlook.com,mobile,MAD
9001353,2025-01-30 12:41:07,807.17,W,mastercard,debit,gmail.com,mobile,MAD
9001549,2025-01-30 12:53:44,273.61,W,visa,debit,yahoo.fr,desktop,MAD
9000284,2025-01-30 12:54:53,269.45,S,visa,credit,yahoo.fr,mobile,MAD
9000405,2025-01-30 12:59:27,357.1,W,visa,debit,gmail.com,desktop,MAD
9001492,2025-01-30 13:10:03,316.59,W,visa,credit,yahoo.fr,mobile,MAD
9004830,2025-01-30 13:19:36,256.4,R,visa,credit,hotmail.com,mobile,MAD
9002739,2025-01-30 13:29:50,1253.26,W,mastercard,debit,gmail.com,,MAD
9002664,2025-01-30 13:33:20,4632.69,H,visa,debit,outlook.com,mobile,MAD
9002298,2025-01-30 14:27:36,374.04,W,visa,debit,yahoo.fr,desktop,MAD
9001244,2025-01-30 14:34:43,735.51,C,mastercard,debit,hotmail.com,desktop,MAD
9003140,2025-01-30 15:20:49,87.33,R,visa,debit,gmail.com,mobile,MAD
9002642,2025-01-30 15:23:03,1738.21,W,mastercard,debit,gmail.com,mobile,MAD
9004608,2025-01-30 15:43:52,802.25,W,mastercard,debit,gmail.com,mobile,MAD
9002011,2025-01-30 16:20:29,107.65,S,mastercard,credit,gmail.com,desktop,MAD
9004714,2025-01-30 16:39:32,1031.21,W,visa,debit,gmail.com,mobile,MAD
9003450,2025-01-30 17:02:56,520.91,W,visa,credit,yahoo.fr,mobile,MAD
9000729,2025-01-30 17:05:27,419.01,H,visa,credit,yahoo.fr,mobile,MAD
9003644,2025-01-30 17:16:56,639.36,W,visa,credit,hotmail.com,mobile,MAD
9001116,2025-01-30 17:18:16,145.99,W,visa,debit,gmail.com,mobile,MAD
9002958,2025-01-30 17:43:00,204.85,W,mastercard,debit,outlook.com,mobile,MAD
9000252,2025-01-30 18:03:18,1252.69,S,visa,debit,gmail.com,mobile,MAD
9002540,2025-01-30 18:04:44,1020.31,C,discover,debit,tutanota.com,desktop,MAD
9004293,2025-01-30 18:30:30,596.34,C,mastercard,debit,yahoo.fr,mobile,MAD
9004014,2025-01-30 18:34:13,127.06,S,visa,credit,gmail.com,desktop,MAD
9004217,2025-01-30 18:35:08,199.2,R,visa,debit,outlook.com,desktop,MAD
9004415,2025-01-30 18:35:16,191.46,W,visa,credit,menara.ma,,MAD
9004825,2025-01-30 18:56:02,8073.54,W,visa,debit,menara.ma,mobile,MAD
9002416,2025-01-30 19:02:19,171.73,S,visa,debit,hotmail.com,,MAD
9001814,2025-01-30 19:11:20,62.02,S,visa,debit,hotmail.com,,MAD
9003842,2025-01-30 20:03:18,83.3,C,visa,debit,gmail.com,mobile,MAD
9002156,2025-01-30 20:15:36,135.71,W,mastercard,debit,gmail.com,mobile,MAD
9001162,2025-01-30 21:12:37,183.52,H,visa,debit,yahoo.fr,desktop,MAD
9003660,2025-01-30 21:36:04,291.27,W,visa,credit,yahoo.fr,,MAD
9004883,2025-01-30 21:48:16,144.64,W,mastercard,credit,gmail.com,mobile,MAD
9001120,2025-01-30 22:52:55,1186.15,C,mastercard,debit,gmail.com,mobile,MAD
9003903,2025-01-31 00:19:47,158.3,C,visa,debit,hotmail.com,,MAD
9001379,2025-01-31 02:24:59,509.69,C,mastercard,credit,gmail.com,mobile,MAD
9003129,2025-01-31 06:18:57,511.47,C,visa,credit,gmail.com,mobile,MAD
9002685,2025-01-31 06:21:19,364.53,W,visa,debit,gmail.com,mobile,MAD
9004716,2025-01-31 06:36:45,389.29,W,mastercard,debit,hotmail.com,,MAD
9000667,2025-01-31 07:24:42,459.29,W,visa,credit,gmail.com,desktop,MAD
9000159,2025-01-31 07:48:59,367.7,W,visa,credit,gmail.com,mobile,MAD
9000897,2025-01-31 07:52:53,443.8,W,visa,debit,gmail.com,mobile,MAD
9004346,2025-01-31 07:55:40,581.52,W,visa,debit,gmail.com,,MAD
9003927,2025-01-31 08:11:11,327.12,W,american express,debit,gmail.com,desktop,MAD
9004395,2025-01-31 08:14:44,372.67,H,mastercard,debit,gmail.com,mobile,MAD
9004396,2025-01-31 08:25:29,152.73,W,visa,credit,gmail.com,desktop,MAD
9003762,2025-01-31 08:27:52,148.86,W,visa,credit,hotmail.com,,MAD
9004109,2025-01-31 08:38:53,123.44,W,visa,credit,hotmail.com,mobile,MAD
9003374,2025-01-31 08:44:45,1619.73,C,american express,credit,hotmail.com,mobile,MAD
9000017,2025-01-31 08:44:57,450.91,C,visa,credit,hotmail.com,desktop,MAD
9000021,2025-01-31 09:07:46,929.36,W,visa,debit,gmail.com,mobile,MAD
9002959,2025-01-31 09:17:33,400.12,S,visa,credit,gmail.com,desktop,MAD
9001442,2025-01-31 09:18:38,324.45,W,mastercard,debit,outlook.com,mobile,MAD
9001241,2025-01-31 09:22:15,62.56,H,visa,debit,gmail.com,desktop,MAD
9001152,2025-01-31 09:29:19,124.06,W,mastercard,debit,gmail.com,mobile,MAD
9002251,2025-01-31 09:49:12,131.11,W,visa,debit,gmail.com,mobile,MAD
9004169,2025-01-31 09:59:23,1476.27,W,mastercard,debit,hotmail.com,,MAD
9000344,2025-01-31 10:10:25,218.34,S,visa,credit,gmail.com,desktop,MAD
9000115,2025-01-31 10:32:49,243.81,W,visa,debit,menara.ma,mobile,MAD
9000803,2025-01-31 10:42:09,241.03,C,visa,credit,menara.ma,mobile,MAD
9001207,2025-01-31 11:02:10,142.18,W,visa,debit,yahoo.fr,mobile,MAD
9002743,2025-01-31 11:09:57,474.47,W,mastercard,debit,hotmail.com,mobile,MAD
9000445,2025-01-31 11:15:23,236.92,W,mastercard,debit,gmail.com,mobile,MAD
9003654,2025-01-31 11:31:13,151.71,W,visa,debit,hotmail.com,mobile,MAD
9000180,2025-01-31 12:26:21,1087.35,C,visa,debit,gmail.com,,MAD
9001737,2025-01-31 12:32:43,301.25,R,mastercard,debit,gmail.com,desktop,MAD
9004140,2025-01-31 12:37:56,401.68,H,visa,debit,hotmail.com,,MAD
9004270,2025-01-31 12:38:41,212.05,W,visa,debit,gmail.com,mobile,MAD
9001460,2025-01-31 12:39:19,259.63,W,visa,credit,gmail.com,mobile,MAD
9001053,2025-01-31 12:43:09,463.32,R,visa,credit,gmail.com,,MAD
9003421,2025-01-31 13:00:35,329.77,W,mastercard,debit,menara.ma,,MAD
9002715,2025-01-31 13:00:43,648.64,W,mastercard,debit,gmail.com,mobile,MAD
9000876,2025-01-31 13:13:43,185.25,C,mastercard,debit,gmail.com,mobile,MAD
9003657,2025-01-31 13:30:48,136.6,S,visa,debit,gmail.com,mobile,MAD
9002811,2025-01-31 13:42:52,291.81,H,visa,debit,hotmail.com,desktop,MAD
9001767,2025-01-31 13:50:23,1587.18,C,mastercard,debit,gmail.com,desktop,MAD
9004173,2025-01-31 14:00:45,592.5,C,visa,credit,hotmail.com,mobile,MAD
9003311,2025-01-31 14:02:57,308.44,C,mastercard,debit,gmail.com,mobile,MAD
9002313,2025-01-31 14:09:03,1029.72,W,mastercard,debit,hotmail.com,mobile,MAD
9004085,2025-01-31 14:16:38,204.19,H,visa,credit,gmail.com,mobile,MAD
9002254,2025-01-31 14:18:08,168.69,W,visa,credit,gmail.com,,MAD
9002264,2025-01-31 14:31:01,1493.25,W,mastercard,credit,gmail.com,desktop,MAD
9003376,2025-01-31 14:36:29,316.59,R,visa,debit,gmail.com,mobile,MAD
9000556,2025-01-31 14:52:25,451.56,R,mastercard,debit,hotmail.com,mobile,MAD
9002952,2025-01-31 15:04:41,348.72,W,mastercard,debit,gmail.com,desktop,MAD
9003940,2025-01-31 15:13:33,256.04,R,mastercard,debit,gmail.com,mobile,MAD
9004134,2025-01-31 15:14:44,273.59,C,visa,credit,gmail.com,,MAD
9004962,2025-01-31 15:16:51,1059.56,W,visa,debit,gmail.com,mobile,MAD
9003012,2025-01-31 15:42:19,404.7,C,mastercard,debit,outlook.com,mobile,MAD
9000940,2025-01-31 16:02:34,1225.88,R,visa,debit,outlook.com,mobile,MAD
9003377,2025-01-31 16:23:03,143.41,W,visa,debit,gmail.com,mobile,MAD
9004536,2025-01-31 16:39:07,294.85,C,mastercard,debit,gmail.com,mobile,MAD
9002876,2025-01-31 17:01:04,447.69,W,visa,debit,gmail.com,mobile,MAD
9002066,2025-01-31 17:11:48,170.89,W,visa,credit,outlook.com,desktop,MAD
9001296,2025-01-31 17:12:23,341.05,R,visa,credit,gmail.com,desktop,MAD
9002901,2025-01-31 17:13:49,296.2,W,mastercard,credit,hotmail.com,mobile,MAD
9002597,2025-01-31 17:19:47,118.73,S,mastercard,credit,outlook.com,mobile,MAD
9003706,2025-01-31 17:20:49,156.1,H,visa,debit,gmail.com,mobile,MAD
9004797,2025-01-31 17:24:57,190.45,W,mastercard,debit,gmail.com,,MAD
9000608,2025-01-31 17:29:00,311.54,S,visa,debit,gmail.com,mobile,MAD
9000406,2025-01-31 17:33:09,462.65,W,mastercard,debit,gmail.com,mobile,MAD
9000629,2025-01-31 17:48:25,516.02,R,mastercard,debit,menara.ma,desktop,MAD
9001217,2025-01-31 18:11:34,466.07,R,visa,credit,gmail.com,mobile,MAD
9000420,2025-01-31 18:39:58,134.97,H,visa,credit,menara.ma,desktop,MAD
9001583,2025-01-31 18:56:45,254.07,W,visa,credit,gmail.com,,MAD
9001008,2025-01-31 19:01:33,760.63,C,visa,debit,menara.ma,desktop,MAD
9002350,2025-01-31 19:07:38,110.47,W,visa,debit,gmail.com,mobile,MAD
9001091,2025-01-31 19:46:36,527.39,C,mastercard,debit,menara.ma,mobile,MAD
9001618,2025-01-31 20:22:14,1014.97,W,visa,credit,gmail.com,mobile,MAD
9003995,2025-01-31 20:36:39,200.99,W,visa,credit,outlook.com,desktop,MAD
9001680,2025-01-31 20:44:00,342.41,W,visa,credit,hotmail.com,,MAD
9001051,2025-01-31 20:47:07,1990.31,W,discover,debit,protonmail.com,desktop,MAD
9004340,2025-01-31 20:52:14,211.95,W,mastercard,debit,hotmail.com,mobile,MAD
9001000,2025-01-31 20:57:07,1576.78,R,mastercard,debit,hotmail.com,,MAD
9003665,2025-01-31 20:58:41,222.57,H,visa,debit,gmail.com,desktop,MAD
9004126,2025-01-31 21:03:26,138.44,S,mastercard,debit,gmail.com,mobile,MAD
9000549,2025-01-31 21:18:28,1526.21,C,visa,credit,gmail.com,mobile,MAD
9004064,2025-01-31 21:38:20,460.27,W,mastercard,debit,outlook.com,mobile,MAD
9001490,2025-01-31 23:56:37,583.83,H,visa,debit,gmail.com,,MAD
9000679,2025-02-01 00:18:39,367.23,W,visa,debit,hotmail.com,mobile,MAD
9004685,2025-02-01 06:54:32,526.51,W,visa,debit,yahoo.fr,mobile,MAD
9004920,2025-02-01 07:20:07,121.18,W,visa,credit,gmail.com,,MAD
9001957,2025-02-01 08:03:35,275.35,H,mastercard,credit,yahoo.fr,,MAD
9002411,2025-02-01 08:08:20,711.53,C,mastercard,debit,hotmail.com,mobile,MAD
9000366,2025-02-01 08:27:06,467.27,W,mastercard,debit,gmail.com,mobile,MAD
9000995,2025-02-01 08:29:38,1437.79,R,visa,debit,outlook.com,desktop,MAD
9004224,2025-02-01 08:41:41,208.46,S,american express,debit,yahoo.fr,mobile,MAD
9004058,2025-02-01 08:48:57,95.07,W,mastercard,debit,gmail.com,desktop,MAD
9003901,2025-02-01 09:12:13,610.13,W,mastercard,debit,gmail.com,,MAD
9003777,2025-02-01 09:14:38,114.76,W,american express,debit,gmail.com,desktop,MAD
9004311,2025-02-01 09:26:18,168.11,W,visa,debit,yahoo.fr,mobile,MAD
9003017,2025-02-01 09:51:48,357.43,C,mastercard,debit,gmail.com,,MAD
9002607,2025-02-01 09:58:20,235.13,C,visa,credit,gmail.com,mobile,MAD
9003360,2025-02-01 10:02:10,105.69,W,mastercard,credit,yahoo.fr,,MAD
9003539,2025-02-01 10:18:09,127.17,W,visa,credit,hotmail.com,,MAD
9001165,2025-02-01 10:18:38,1132.46,R,mastercard,debit,outlook.com,mobile,MAD
9002048,2025-02-01 10:24:55,64.03,W,mastercard,credit,gmail.com,desktop,MAD
9002029,2025-02-01 10:34:20,422.18,W,visa,credit,gmail.com,,MAD
9000656,2025-02-01 11:08:47,242.52,W,mastercard,debit,hotmail.com,desktop,MAD
9003728,2025-02-01 11:30:45,687.16,C,visa,credit,hotmail.com,mobile,MAD
9002133,2025-02-01 11:40:26,116.75,W,mastercard,debit,gmail.com,mobile,MAD
9001010,2025-02-01 11:46:32,324.98,R,visa,debit,hotmail.com,mobile,MAD
9004813,2025-02-01 12:01:23,738.85,R,visa,credit,gmail.com,mobile,MAD
9000351,2025-02-01 12:03:08,323.21,W,mastercard,credit,gmail.com,mobile,MAD
9004948,2025-02-01 12:20:12,258.23,W,visa,credit,gmail.com,mobile,MAD
9003496,2025-02-01 12:21:52,365.97,W,mastercard,credit,yahoo.fr,desktop,MAD
9001147,2025-02-01 12:22:13,475.95,W,mastercard,credit,gmail.com,desktop,MAD
9002593,2025-02-01 12:28:30,106.89,H,visa,credit,gmail.com,mobile,MAD
9000717,2025-02-01 12:44:27,201.55,W,mastercard,debit,hotmail.com,desktop,MAD
9003809,2025-02-01 12:46:24,274.54,C,mastercard,debit,gmail.com,mobile,MAD
9003478,2025-02-01 12:47:15,2195.92,C,visa,debit,gmail.com,desktop,MAD
9000747,2025-02-01 12:50:45,845.11,W,visa,debit,gmail.com,mobile,MAD
9004222,2025-02-01 12:56:34,332.32,W,visa,credit,gmail.com,desktop,MAD
9002477,2025-02-01 13:02:17,194.96,C,visa,debit,gmail.com,,MAD
9002950,2025-02-01 13:17:53,318.74,R,mastercard,credit,gmail.com,,MAD
9001074,2025-02-01 13:25:45,1260.13,W,visa,debit,menara.ma,desktop,MAD
9000011,2025-02-01 13:38:05,332.26,H,visa,debit,hotmail.com,mobile,MAD
9003867,2025-02-01 13:38:51,159.4,C,mastercard,debit,yahoo.fr,,MAD
9001299,2025-02-01 13:53:45,264.86,H,visa,credit,hotmail.com,,MAD
9003265,2025-02-01 14:01:45,663.24,W,mastercard,debit,hotmail.com,mobile,MAD
9001849,2025-02-01 14:08:50,680.4,W,visa,debit,yahoo.fr,mobile,MAD
9002518,2025-02-01 14:23:33,57.27,W,visa,debit,hotmail.com,mobile,MAD
9002609,2025-02-01 14:23:37,388.38,W,visa,credit,gmail.com,mobile,MAD
9004549,2025-02-01 14:27:25,196.64,W,visa,debit,gmail.com,mobile,MAD
9001920,2025-02-01 14:33:05,179.14,W,mastercard,debit,outlook.com,,MAD
9001859,2025-02-01 14:34:43,528.41,C,visa,debit,gmail.com,mobile,MAD
9003957,2025-02-01 14:38:14,873.09,W,mastercard,debit,gmail.com,mobile,MAD
9003937,2025-02-01 14:55:39,456.32,R,visa,credit,gmail.com,mobile,MAD
9003552,2025-02-01 15:02:42,334.54,H,visa,debit,outlook.com,,MAD
9002949,2025-02-01 15:07:48,1994.43,W,visa,debit,yahoo.fr,mobile,MAD
9004370,2025-02-01 15:08:27,1287.61,R,visa,debit,gmail.com,mobile,MAD
9001669,2025-02-01 15:10:18,858.18,W,mastercard,debit,hotmail.com,desktop,MAD
9001311,2025-02-01 15:18:59,655.71,W,mastercard,debit,gmail.com,mobile,MAD
9000296,2025-02-01 15:23:06,289.95,C,mastercard,credit,gmail.com,mobile,MAD
9001991,2025-02-01 15:37:42,166.79,S,visa,credit,gmail.com,,MAD
9004614,2025-02-01 15:41:25,385.94,W,visa,credit,gmail.com,,MAD
9002777,2025-02-01 15:49:42,924.39,W,visa,debit,gmail.com,,MAD
9001553,2025-02-01 15:50:52,515.79,C,visa,credit,gmail.com,mobile,MAD
9000488,2025-02-01 15:54:39,188.72,W,visa,credit,hotmail.com,mobile,MAD
9004272,2025-02-01 16:01:27,1678.91,H,visa,credit,gmail.com,mobile,MAD
9002432,2025-02-01 16:01:36,271.05,R,visa,debit,gmail.com,mobile,MAD
9003392,2025-02-01 16:08:46,1448.15,R,mastercard,debit,gmail.com,desktop,MAD
9004219,2025-02-01 16:12:03,144.65,H,mastercard,debit,hotmail.com,mobile,MAD
9004000,2025-02-01 16:12:43,302.84,W,mastercard,credit,gmail.com,mobile,MAD
9001958,2025-02-01 16:16:49,423.3,W,visa,debit,gmail.com,mobile,MAD
9000578,2025-02-01 16:32:26,295.87,W,visa,credit,yahoo.fr,mobile,MAD
9000507,2025-02-01 16:35:21,476.91,C,visa,debit,gmail.com,desktop,MAD
9003469,2025-02-01 16:45:57,1103.53,W,visa,debit,yahoo.fr,mobile,MAD
9003773,2025-02-01 16:52:05,903.88,C,visa,debit,yahoo.fr,,MAD
9003044,2025-02-01 16:59:34,368.46,H,mastercard,credit,gmail.com,,MAD
9003646,2025-02-01 17:08:08,311.25,H,mastercard,debit,yahoo.fr,mobile,MAD
9001720,2025-02-01 17:09:38,923.09,S,american express,debit,gmail.com,mobile,MAD
9001392,2025-02-01 17:31:08,740.72,W,visa,debit,gmail.com,mobile,MAD
9001164,2025-02-01 17:36:54,257.42,S,visa,credit,gmail.com,mobile,MAD
9003738,2025-02-01 17:45:54,468.59,W,visa,debit,gmail.com,mobile,MAD
9000712,2025-02-01 17:47:31,497.94,W,visa,credit,gmail.com,mobile,MAD
9001800,2025-02-01 17:47:44,233.94,W,mastercard,credit,outlook.com,desktop,MAD
9001665,2025-02-01 17:57:35,226.16,H,mastercard,debit,outlook.com,desktop,MAD
9000997,2025-02-01 18:11:57,108.85,W,visa,credit,gmail.com,desktop,MAD
9000701,2025-02-01 18:15:23,131.0,H,visa,credit,menara.ma,mobile,MAD
9001501,2025-02-01 18:31:07,591.81,W,mastercard,debit,gmail.com,,MAD
9001195,2025-02-01 18:50:00,293.06,C,mastercard,debit,gmail.com,mobile,MAD
9001902,2025-02-01 18:56:30,177.16,W,visa,credit,yahoo.fr,mobile,MAD
9003897,2025-02-01 19:15:17,324.13,W,mastercard,debit,menara.ma,mobile,MAD
9001686,2025-02-01 19:40:18,544.16,R,mastercard,debit,gmail.com,mobile,MAD
9001916,2025-02-01 19:53:33,403.0,H,visa,debit,gmail.com,mobile,MAD
9004836,2025-02-01 20:24:46,126.48,W,visa,debit,gmail.com,mobile,MAD
9002539,2025-02-01 20:37:24,559.52,R,visa,credit,hotmail.com,desktop,MAD
9003337,2025-02-01 20:54:22,390.99,W,visa,credit,gmail.com,mobile,MAD
9004740,2025-02-01 20:55:29,485.27,H,visa,debit,gmail.com,,MAD
9003244,2025-02-01 20:57:36,260.17,W,mastercard,debit,gmail.com,desktop,MAD
9001015,2025-02-01 21:13:06,160.4,S,mastercard,debit,gmail.com,mobile,MAD
9002732,2025-02-01 21:28:22,454.45,W,visa,credit,hotmail.com,mobile,MAD
9002489,2025-02-01 21:51:26,587.99,R,visa,debit,gmail.com,mobile,MAD
9002714,2025-02-01 21:52:55,842.27,W,visa,credit,hotmail.com,mobile,MAD
9004512,2025-02-01 22:26:18,427.87,S,mastercard,debit,gmail.com,mobile,MAD
9000893,2025-02-01 22:44:14,505.93,R,mastercard,credit,gmail.com,mobile,MAD
9000449,2025-02-01 22:47:50,254.46,W,mastercard,debit,yahoo.fr,desktop,MAD
9004992,2025-02-01 23:26:48,276.7,W,visa,credit,gmail.com,desktop,MAD
9004152,2025-02-01 23:33:18,356.61,W,visa,credit,yahoo.fr,mobile,MAD
9004032,2025-02-01 23:55:58,1129.51,C,visa,credit,gmail.com,desktop,MAD
9000992,2025-02-02 00:20:20,783.37,H,visa,debit,gmail.com,,MAD
9002924,2025-02-02 00:22:30,476.81,W,mastercard,debit,yahoo.fr,,MAD
9004703,2025-02-02 00:24:40,151.73,C,mastercard,credit,hotmail.com,mobile,MAD
9000877,2025-02-02 01:02:36,111.63,W,mastercard,debit,gmail.com,mobile,MAD
9001636,2025-02-02 02:52:13,715.47,W,mastercard,credit,outlook.com,mobile,MAD
9000057,2025-02-02 03:42:56,200.52,W,mastercard,debit,outlook.com,mobile,MAD
9004708,2025-02-02 05:09:29,555.8,W,visa,credit,hotmail.com,mobile,MAD
9004023,2025-02-02 05:14:18,234.3,H,mastercard,debit,hotmail.com,desktop,MAD
9003111,2025-02-02 05:22:00,254.67,W,visa,debit,gmail.com,mobile,MAD
9004821,2025-02-02 05:22:04,823.2,W,mastercard,debit,hotmail.com,mobile,MAD
9000807,2025-02-02 06:23:32,215.65,W,visa,debit,yahoo.fr,mobile,MAD
9002766,2025-02-02 06:38:03,404.5,W,visa,debit,gmail.com,mobile,MAD
9002821,2025-02-02 07:51:01,836.5,W,visa,credit,outlook.com,mobile,MAD
9000927,2025-02-02 07:53:42,515.54,C,visa,debit,gmail.com,mobile,MAD
9000789,2025-02-02 07:54:32,1035.38,W,visa,debit,gmail.com,,MAD
9002154,2025-02-02 08:01:21,421.72,W,visa,debit,menara.ma,desktop,MAD
9003758,2025-02-02 08:20:08,714.67,W,mastercard,debit,gmail.com,,MAD
9000305,2025-02-02 08:25:15,438.9,R,mastercard,debit,gmail.com,mobile,MAD
9004888,2025-02-02 08:34:22,113.22,R,mastercard,debit,gmail.com,mobile,MAD
9002139,2025-02-02 09:11:48,973.3,R,visa,credit,hotmail.com,,MAD
9002351,2025-02-02 09:28:19,140.46,R,visa,debit,yahoo.fr,mobile,MAD
9002834,2025-02-02 09:32:07,460.54,W,mastercard,credit,outlook.com,mobile,MAD
9004129,2025-02-02 09:49:15,190.27,R,visa,credit,gmail.com,,MAD
9001922,2025-02-02 09:55:09,3687.5,C,visa,debit,yahoo.fr,mobile,MAD
9000539,2025-02-02 09:56:30,298.82,W,visa,debit,gmail.com,,MAD
9002343,2025-02-02 10:02:15,854.3,W,visa,debit,gmail.com,mobile,MAD
9004097,2025-02-02 10:26:07,1153.27,H,visa,credit,outlook.com,,MAD
9001725,2025-02-02 10:29:54,233.59,W,mastercard,debit,gmail.com,mobile,MAD
9004031,2025-02-02 10:31:34,167.34,W,visa,credit,gmail.com,desktop,MAD
9000331,2025-02-02 10:36:21,263.49,W,mastercard,debit,gmail.com,desktop,MAD
9003979,2025-02-02 10:45:47,566.82,S,mastercard,credit,gmail.com,,MAD
9004523,2025-02-02 11:29:32,598.27,W,visa,debit,gmail.com,mobile,MAD
9001335,2025-02-02 11:33:04,301.86,W,mastercard,debit,yahoo.fr,mobile,MAD
9002137,2025-02-02 11:49:40,699.97,W,mastercard,debit,gmail.com,desktop,MAD
9002775,2025-02-02 12:15:56,114.26,W,visa,debit,gmail.com,desktop,MAD
9003861,2025-02-02 12:16:08,186.83,W,visa,debit,gmail.com,mobile,MAD
9000229,2025-02-02 12:16:34,1220.03,W,visa,debit,gmail.com,mobile,MAD
9003341,2025-02-02 12:16:43,700.31,W,visa,debit,outlook.com,mobile,MAD
9003679,2025-02-02 12:38:45,234.01,W,visa,debit,gmail.com,mobile,MAD
9004096,2025-02-02 12:41:54,103.45,W,visa,credit,gmail.com,mobile,MAD
9000879,2025-02-02 13:05:12,194.06,W,mastercard,debit,hotmail.com,,MAD
9004828,2025-02-02 13:15:09,607.15,W,visa,debit,gmail.com,desktop,MAD
9003345,2025-02-02 13:24:59,922.6,W,visa,debit,gmail.com,mobile,MAD
9002896,2025-02-02 13:43:23,1316.84,C,visa,credit,outlook.com,,MAD
9001380,2025-02-02 13:48:06,250.16,W,visa,debit,yahoo.fr,mobile,MAD
9004819,2025-02-02 13:50:13,334.82,W,mastercard,credit,gmail.com,mobile,MAD
9002119,2025-02-02 13:54:35,826.0,W,visa,debit,gmail.com,desktop,MAD
9003941,2025-02-02 14:34:29,197.63,H,visa,credit,outlook.com,desktop,MAD
9000931,2025-02-02 15:08:34,159.75,W,visa,debit,gmail.com,mobile,MAD
9002118,2025-02-02 15:17:59,444.42,H,visa,debit,menara.ma,mobile,MAD
9002310,2025-02-02 15:20:37,296.95,W,mastercard,credit,menara.ma,mobile,MAD
9001323,2025-02-02 15:34:08,76.18,W,visa,credit,gmail.com,desktop,MAD
9003828,2025-02-02 15:57:42,811.83,C,mastercard,debit,gmail.com,mobile,MAD
9001140,2025-02-02 15:58:49,224.53,W,visa,debit,gmail.com,mobile,MAD
9000561,2025-02-02 16:04:38,210.77,W,visa,debit,gmail.com,mobile,MAD
9000917,2025-02-02 16:25:08,425.42,W,visa,debit,gmail.com,mobile,MAD
9004487,2025-02-02 16:59:24,527.35,W,mastercard,debit,gmail.com,mobile,MAD
9001577,2025-02-02 17:04:03,258.8,W,visa,debit,gmail.com,mobile,MAD
9003299,2025-02-02 17:13:02,1147.01,W,visa,debit,gmail.com,mobile,MAD
9002794,2025-02-02 17:14:20,222.0,W,mastercard,credit,menara.ma,desktop,MAD
9000606,2025-02-02 17:21:14,301.92,W,mastercard,debit,gmail.com,mobile,MAD
9001341,2025-02-02 17:50:07,457.66,C,visa,debit,gmail.com,,MAD
9003632,2025-02-02 17:56:28,162.34,R,visa,credit,gmail.com,desktop,MAD
9002666,2025-02-02 18:05:24,698.58,W,mastercard,credit,yahoo.fr,desktop,MAD
9003477,2025-02-02 18:06:36,378.04,W,visa,debit,outlook.com,mobile,MAD
9000648,2025-02-02 18:15:11,644.42,H,visa,debit,menara.ma,mobile,MAD
9004912,2025-02-02 18:28:35,260.65,W,visa,credit,yahoo.fr,mobile,MAD
9004480,2025-02-02 18:39:34,160.71,W,visa,debit,gmail.com,mobile,MAD
9003467,2025-02-02 18:46:00,223.44,W,visa,credit,outlook.com,mobile,MAD
9002836,2025-02-02 19:13:10,2823.74,W,visa,credit,gmail.com,mobile,MAD
9000029,2025-02-02 19:28:40,484.28,R,visa,credit,gmail.com,mobile,MAD
9002336,2025-02-02 19:41:19,282.76,W,mastercard,credit,gmail.com,mobile,MAD
9000983,2025-02-02 19:48:56,139.35,W,visa,debit,gmail.com,mobile,MAD
9001901,2025-02-02 19:59:11,125.39,W,visa,debit,yahoo.fr,mobile,MAD
9000295,2025-02-02 20:20:35,312.39,W,visa,credit,yahoo.fr,mobile,MAD
9003823,2025-02-02 20:42:03,469.5,W,visa,debit,yahoo.fr,mobile,MAD
9004502,2025-02-02 20:57:24,252.87,S,visa,debit,hotmail.com,,MAD
9001848,2025-02-02 20:58:00,322.85,W,visa,debit,hotmail.com,mobile,MAD
9000289,2025-02-02 21:44:07,280.63,W,mastercard,credit,yahoo.fr,mobile,MAD
9003637,2025-02-02 21:56:58,384.89,W,visa,credit,yahoo.fr,mobile,MAD
9001259,2025-02-02 21:58:28,204.37,W,visa,debit,hotmail.com,desktop,MAD
9001003,2025-02-03 00:02:18,238.28,R,visa,credit,gmail.com,,MAD
9002656,2025-02-03 00:57:24,291.39,W,visa,credit,yahoo.fr,mobile,MAD
9000034,2025-02-03 02:52:13,184.16,W,mastercard,debit,yahoo.fr,mobile,MAD
9003215,2025-02-03 03:39:00,1188.97,R,visa,credit,outlook.com,,MAD
9000755,2025-02-03 05:02:57,762.22,C,visa,debit,yahoo.fr,desktop,MAD
9001434,2025-02-03 05:51:06,912.02,R,visa,debit,outlook.com,desktop,MAD
9001497,2025-02-03 07:29:57,223.47,W,visa,debit,gmail.com,desktop,MAD
9003611,2025-02-03 07:46:57,932.03,R,visa,debit,gmail.com,mobile,MAD
9000131,2025-02-03 07:58:52,541.37,R,visa,credit,menara.ma,mobile,MAD
9002436,2025-02-03 08:03:22,188.86,W,visa,debit,outlook.com,mobile,MAD
9004677,2025-02-03 08:04:27,1399.49,C,visa,credit,hotmail.com,desktop,MAD
9000079,2025-02-03 08:12:04,50.05,H,visa,debit,gmail.com,,MAD
9004163,2025-02-03 08:13:20,241.24,R,mastercard,debit,gmail.com,mobile,MAD
9004994,2025-02-03 08:18:33,147.44,W,mastercard,debit,hotmail.com,desktop,MAD
9001565,2025-02-03 08:26:14,857.98,W,visa,debit,gmail.com,,MAD
9000655,2025-02-03 09:26:24,405.22,W,mastercard,debit,gmail.com,mobile,MAD
9003760,2025-02-03 10:10:19,87.71,W,american express,debit,hotmail.com,mobile,MAD
9003259,2025-02-03 10:12:35,473.18,W,visa,debit,gmail.com,mobile,MAD
9003066,2025-02-03 10:23:53,406.76,W,visa,debit,gmail.com,mobile,MAD
9001938,2025-02-03 10:31:20,281.63,S,mastercard,debit,gmail.com,,MAD
9002062,2025-02-03 10:38:31,207.91,H,visa,debit,gmail.com,mobile,MAD
9003146,2025-02-03 10:39:50,1201.32,W,visa,debit,gmail.com,mobile,MAD
9000456,2025-02-03 11:15:57,323.02,H,visa,debit,yahoo.fr,mobile,MAD
9002402,2025-02-03 11:16:34,344.6,H,american express,debit,outlook.com,desktop,MAD
9002335,2025-02-03 11:29:38,558.96,W,visa,credit,yahoo.fr,desktop,MAD
9001258,2025-02-03 11:36:31,307.06,W,visa,debit,hotmail.com,,MAD
9004923,2025-02-03 11:46:39,297.58,W,mastercard,debit,menara.ma,mobile,MAD
9004352,2025-02-03 12:06:33,241.73,H,mastercard,debit,gmail.com,mobile,MAD
9001664,2025-02-03 12:38:23,121.76,W,mastercard,credit,hotmail.com,mobile,MAD
9004197,2025-02-03 12:41:05,139.55,W,mastercard,credit,menara.ma,mobile,MAD
9002426,2025-02-03 12:47:13,161.07,W,mastercard,credit,outlook.com,,MAD
9004554,2025-02-03 13:07:05,171.75,H,mastercard,credit,hotmail.com,mobile,MAD
9000126,2025-02-03 13:07:13,445.04,W,visa,credit,gmail.com,mobile,MAD
9002586,2025-02-03 13:19:50,893.94,W,mastercard,debit,yahoo.fr,mobile,MAD
9000706,2025-02-03 13:34:52,261.37,C,visa,debit,yahoo.fr,mobile,MAD
9004195,2025-02-03 13:48:39,439.19,R,mastercard,credit,gmail.com,mobile,MAD
9000113,2025-02-03 14:01:26,224.93,W,mastercard,debit,gmail.com,mobile,MAD
9001997,2025-02-03 14:02:59,247.7,W,visa,debit,gmail.com,desktop,MAD
9003033,2025-02-03 14:13:19,1275.22,W,visa,credit,gmail.com,desktop,MAD
9001222,2025-02-03 14:17:45,213.48,C,visa,credit,hotmail.com,desktop,MAD
9001412,2025-02-03 14:22:14,290.32,W,visa,debit,gmail.com,desktop,MAD
9001975,2025-02-03 14:46:11,70.98,W,mastercard,debit,gmail.com,mobile,MAD
9002634,2025-02-03 14:51:48,595.83,W,visa,debit,gmail.com,,MAD
9000132,2025-02-03 14:53:01,351.51,W,mastercard,debit,gmail.com,mobile,MAD
9000158,2025-02-03 15:01:05,53.67,H,visa,credit,gmail.com,mobile,MAD
9002252,2025-02-03 15:02:57,677.35,W,visa,debit,gmail.com,mobile,MAD
9003786,2025-02-03 15:33:10,119.18,H,visa,credit,hotmail.com,mobile,MAD
9002688,2025-02-03 15:35:56,487.85,W,mastercard,debit,yahoo.fr,mobile,MAD
9003598,2025-02-03 15:39:08,166.88,R,mastercard,debit,outlook.com,mobile,MAD
9000980,2025-02-03 15:51:26,1250.29,C,mastercard,debit,hotmail.com,,MAD
9000134,2025-02-03 16:02:11,260.72,R,visa,debit,hotmail.com,mobile,MAD
9002604,2025-02-03 16:16:48,2248.9,W,visa,debit,hotmail.com,mobile,MAD
9001189,2025-02-03 16:26:24,366.77,W,mastercard,debit,gmail.com,mobile,MAD
9004814,2025-02-03 16:32:50,333.67,W,mastercard,credit,hotmail.com,mobile,MAD
9003661,2025-02-03 17:02:50,898.72,C,mastercard,debit,gmail.com,desktop,MAD
9000762,2025-02-03 17:16:24,1282.81,C,visa,debit,outlook.com,mobile,MAD
9001129,2025-02-03 17:26:26,293.72,W,visa,debit,hotmail.com,,MAD
9003448,2025-02-03 17:41:14,1009.91,W,visa,credit,gmail.com,mobile,MAD
9004371,2025-02-03 17:54:20,1343.23,C,visa,debit,gmail.com,mobile,MAD
9004800,2025-02-03 17:55:15,1686.42,C,visa,debit,gmail.com,mobile,MAD
9002031,2025-02-03 18:00:34,458.96,W,mastercard,debit,yahoo.fr,,MAD
9000308,2025-02-03 18:02:26,182.6,W,mastercard,debit,gmail.com,mobile,MAD
9000330,2025-02-03 18:08:43,280.97,R,visa,debit,hotmail.com,desktop,MAD
9004353,2025-02-03 18:09:43,238.51,C,visa,debit,gmail.com,desktop,MAD
9004449,2025-02-03 18:18:28,1147.92,C,visa,credit,gmail.com,desktop,MAD
9001084,2025-02-03 18:24:38,147.22,H,visa,debit,yahoo.fr,mobile,MAD
9001840,2025-02-03 19:05:36,2211.55,W,mastercard,credit,gmail.com,mobile,MAD
9002883,2025-02-03 19:08:21,324.95,W,visa,debit,hotmail.com,mobile,MAD
9004384,2025-02-03 19:11:08,292.22,W,american express,debit,gmail.com,mobile,MAD
9004615,2025-02-03 19:12:14,513.64,H,visa,debit,outlook.com,mobile,MAD
9001029,2025-02-03 19:13:20,1321.6,W,visa,credit,gmail.com,desktop,MAD
9004787,2025-02-03 19:40:10,356.97,R,visa,credit,gmail.com,desktop,MAD
9004530,2025-02-03 20:27:09,818.74,W,american express,credit,gmail.com,,MAD
9003843,2025-02-03 20:28:44,312.87,H,mastercard,debit,gmail.com,desktop,MAD
9002404,2025-02-03 20:32:58,272.65,W,visa,debit,gmail.com,desktop,MAD
9003176,2025-02-03 20:49:11,166.64,W,mastercard,credit,hotmail.com,,MAD
9003914,2025-02-03 21:12:16,1092.15,W,visa,debit,gmail.com,mobile,MAD
9001365,2025-02-03 21:53:24,465.97,C,visa,debit,outlook.com,,MAD
9001625,2025-02-03 23:19:24,860.02,R,visa,debit,hotmail.com,mobile,MAD
9001387,2025-02-03 23:37:43,759.32,W,discover,debit,protonmail.com,desktop,MAD
9003542,2025-02-04 00:03:51,144.75,S,mastercard,credit,gmail.com,mobile,MAD
9004892,2025-02-04 02:02:07,411.74,W,visa,debit,gmail.com,mobile,MAD
9004365,2025-02-04 02:17:00,1162.73,W,visa,credit,gmail.com,mobile,MAD
9003926,2025-02-04 03:16:25,165.48,W,visa,credit,gmail.com,mobile,MAD
9002530,2025-02-04 03:23:54,533.79,W,visa,debit,gmail.com,mobile,MAD
9002626,2025-02-04 05:35:11,425.73,C,visa,debit,gmail.com,mobile,MAD
9002303,2025-02-04 05:36:10,753.31,R,visa,debit,yahoo.fr,mobile,MAD
9001455,2025-02-04 06:09:23,275.14,H,mastercard,debit,gmail.com,mobile,MAD
9003763,2025-02-04 06:21:28,100.53,W,visa,debit,hotmail.com,mobile,MAD
9000708,2025-02-04 06:29:00,262.89,C,mastercard,credit,outlook.com,desktop,MAD
9000597,2025-02-04 07:02:46,435.56,W,visa,debit,hotmail.com,,MAD
9003235,2025-02-04 08:08:29,691.55,H,mastercard,debit,hotmail.com,,MAD
9003891,2025-02-04 08:23:51,437.0,R,american express,credit,gmail.com,mobile,MAD
9000228,2025-02-04 08:24:54,624.9,W,american express,credit,menara.ma,desktop,MAD
9002729,2025-02-04 09:01:27,190.8,W,mastercard,credit,gmail.com,desktop,MAD
9001897,2025-02-04 09:17:46,141.48,W,visa,credit,gmail.com,mobile,MAD
9002561,2025-02-04 09:17:48,178.94,W,mastercard,debit,hotmail.com,mobile,MAD
9001728,2025-02-04 09:22:22,578.17,C,visa,credit,yahoo.fr,mobile,MAD
9002737,2025-02-04 09:28:12,95.81,W,visa,debit,yahoo.fr,,MAD
9001161,2025-02-04 09:36:12,200.11,W,visa,credit,yahoo.fr,mobile,MAD
9003378,2025-02-04 09:45:15,311.67,H,visa,credit,yahoo.fr,desktop,MAD
9004721,2025-02-04 10:06:24,357.02,R,visa,debit,gmail.com,mobile,MAD
9003722,2025-02-04 10:16:45,204.32,W,visa,debit,gmail.com,desktop,MAD
9002798,2025-02-04 10:19:09,298.14,W,visa,debit,gmail.com,mobile,MAD
9003137,2025-02-04 10:42:50,92.49,W,visa,credit,yahoo.fr,mobile,MAD
9002753,2025-02-04 10:58:40,197.15,C,mastercard,debit,menara.ma,desktop,MAD
9000129,2025-02-04 11:05:14,241.3,W,visa,debit,gmail.com,mobile,MAD
9002719,2025-02-04 11:19:14,228.28,W,visa,debit,gmail.com,desktop,MAD
9003075,2025-02-04 11:19:44,231.6,W,visa,credit,menara.ma,mobile,MAD
9001760,2025-02-04 11:25:22,1110.26,C,mastercard,debit,hotmail.com,mobile,MAD
9004767,2025-02-04 11:25:50,281.6,W,mastercard,debit,gmail.com,mobile,MAD
9004898,2025-02-04 11:37:54,334.12,W,visa,debit,yahoo.fr,mobile,MAD
9000437,2025-02-04 11:45:07,414.89,W,visa,credit,gmail.com,,MAD
9000922,2025-02-04 12:08:30,238.61,C,visa,debit,yahoo.fr,mobile,MAD
9003144,2025-02-04 12:19:18,109.74,H,visa,credit,gmail.com,mobile,MAD
9002892,2025-02-04 12:41:43,267.1,R,visa,debit,gmail.com,mobile,MAD
9004186,2025-02-04 12:54:47,1352.29,W,discover,credit,protonmail.com,desktop,MAD
9000570,2025-02-04 13:22:44,83.56,S,visa,credit,menara.ma,,MAD
9004757,2025-02-04 13:31:26,125.27,W,visa,debit,gmail.com,mobile,MAD
9002247,2025-02-04 13:38:34,310.0,W,visa,credit,outlook.com,desktop,MAD
9004662,2025-02-04 13:47:38,336.55,W,visa,debit,menara.ma,desktop,MAD
9001627,2025-02-04 14:10:10,302.67,W,visa,debit,gmail.com,mobile,MAD
9000116,2025-02-04 14:19:17,184.5,W,visa,credit,gmail.com,mobile,MAD
9002679,2025-02-04 14:34:21,209.98,W,visa,debit,hotmail.com,desktop,MAD
9004977,2025-02-04 14:38:31,609.61,W,visa,debit,gmail.com,desktop,MAD
9003802,2025-02-04 14:39:53,170.27,H,mastercard,debit,outlook.com,mobile,MAD
9002199,2025-02-04 15:03:40,370.94,W,visa,debit,menara.ma,mobile,MAD
9000288,2025-02-04 15:42:17,114.25,R,mastercard,credit,outlook.com,,MAD
9003594,2025-02-04 16:06:04,134.54,W,mastercard,debit,gmail.com,,MAD
9001344,2025-02-04 16:41:24,549.44,W,mastercard,credit,gmail.com,mobile,MAD
9002857,2025-02-04 16:49:32,308.17,W,visa,debit,yahoo.fr,mobile,MAD
9003684,2025-02-04 17:00:15,503.4,H,visa,credit,gmail.com,desktop,MAD
9003883,2025-02-04 17:10:43,140.33,W,visa,debit,gmail.com,mobile,MAD
9001765,2025-02-04 17:16:01,229.36,S,visa,debit,menara.ma,,MAD
9002123,2025-02-04 17:26:11,143.7,W,visa,debit,gmail.com,desktop,MAD
9000424,2025-02-04 17:46:45,185.43,W,mastercard,debit,hotmail.com,mobile,MAD
9003227,2025-02-04 17:47:30,817.11,C,visa,debit,gmail.com,mobile,MAD
9003512,2025-02-04 18:12:33,205.77,W,mastercard,debit,gmail.com,mobile,MAD
9001631,2025-02-04 18:30:28,358.51,C,mastercard,credit,outlook.com,mobile,MAD
9001672,2025-02-04 18:41:05,362.8,C,visa,credit,gmail.com,desktop,MAD
9002580,2025-02-04 18:49:07,472.48,W,mastercard,credit,gmail.com,mobile,MAD
9000930,2025-02-04 19:09:38,225.92,W,visa,debit,yahoo.fr,desktop,MAD
9003751,2025-02-04 19:51:37,913.1,C,visa,credit,gmail.com,,MAD
9000677,2025-02-04 20:20:14,333.73,W,mastercard,debit,outlook.com,desktop,MAD
9002647,2025-02-04 20:45:10,308.06,W,mastercard,debit,gmail.com,desktop,MAD
9001544,2025-02-04 21:09:25,317.66,R,visa,debit,gmail.com,,MAD
9001759,2025-02-04 21:23:18,572.54,W,mastercard,debit,yahoo.fr,mobile,MAD
9004658,2025-02-04 21:27:18,216.22,W,mastercard,debit,hotmail.com,,MAD
9003236,2025-02-04 21:34:03,264.39,W,visa,debit,menara.ma,desktop,MAD
9000978,2025-02-04 21:39:58,185.08,W,visa,debit,outlook.com,mobile,MAD
9000266,2025-02-04 21:53:12,182.5,W,mastercard,debit,menara.ma,mobile,MAD
9000535,2025-02-04 22:07:23,339.0,W,visa,debit,hotmail.com,desktop,MAD
9004678,2025-02-04 22:51:01,322.31,H,visa,debit,yahoo.fr,mobile,MAD
9002676,2025-02-05 05:43:52,114.43,W,visa,credit,gmail.com,,MAD
9004508,2025-02-05 06:01:12,396.32,W,visa,debit,yahoo.fr,mobile,MAD
9002560,2025-02-05 06:14:14,293.4,W,mastercard,debit,gmail.com,mobile,MAD
9001833,2025-02-05 06:39:18,186.53,C,mastercard,credit,gmail.com,mobile,MAD
9001791,2025-02-05 07:00:12,603.94,H,mastercard,debit,gmail.com,desktop,MAD
9000698,2025-02-05 07:12:53,121.3,C,mastercard,credit,gmail.com,,MAD
9001156,2025-02-05 07:14:33,407.96,W,mastercard,credit,hotmail.com,,MAD
9004866,2025-02-05 07:29:57,200.52,W,visa,debit,yahoo.fr,,MAD
9004782,2025-02-05 07:34:29,734.29,C,visa,credit,gmail.com,,MAD
9003019,2025-02-05 08:39:23,686.78,W,visa,debit,gmail.com,mobile,MAD
9003007,2025-02-05 09:29:38,239.24,C,visa,credit,menara.ma,,MAD
9004790,2025-02-05 09:32:38,534.7,C,visa,debit,gmail.com,desktop,MAD
9001118,2025-02-05 09:42:34,188.99,W,visa,debit,gmail.com,desktop,MAD
9002065,2025-02-05 09:54:44,776.63,W,mastercard,debit,gmail.com,mobile,MAD
9004928,2025-02-05 09:58:35,927.22,H,visa,credit,yahoo.fr,mobile,MAD
9004060,2025-02-05 10:15:44,465.02,W,mastercard,debit,outlook.com,mobile,MAD
9002464,2025-02-05 10:31:51,347.79,W,mastercard,debit,yahoo.fr,mobile,MAD
9000520,2025-02-05 10:33:55,247.42,S,visa,debit,menara.ma,mobile,MAD
9003415,2025-02-05 10:55:45,309.55,W,mastercard,credit,gmail.com,,MAD
9001546,2025-02-05 10:58:29,439.21,C,visa,debit,gmail.com,mobile,MAD
9001350,2025-02-05 11:04:31,65.21,S,visa,debit,yahoo.fr,,MAD
9000468,2025-02-05 11:14:27,346.48,W,visa,credit,gmail.com,desktop,MAD
9001318,2025-02-05 11:14:28,541.1,W,visa,debit,gmail.com,mobile,MAD
9004457,2025-02-05 11:21:11,326.03,W,visa,credit,gmail.com,mobile,MAD
9000915,2025-02-05 11:25:32,329.34,S,mastercard,debit,yahoo.fr,mobile,MAD
9003838,2025-02-05 11:31:39,657.53,W,visa,debit,outlook.com,,MAD
9004265,2025-02-05 11:41:19,501.11,C,mastercard,debit,gmail.com,mobile,MAD
9000720,2025-02-05 11:44:28,110.37,C,mastercard,debit,menara.ma,mobile,MAD
9001858,2025-02-05 11:57:50,394.17,W,visa,debit,menara.ma,mobile,MAD
9001423,2025-02-05 12:08:09,893.24,C,visa,debit,hotmail.com,,MAD
9004938,2025-02-05 12:10:46,157.02,W,mastercard,debit,gmail.com,mobile,MAD
9004547,2025-02-05 12:21:54,301.53,W,visa,credit,gmail.com,desktop,MAD
9003673,2025-02-05 12:25:12,781.28,W,visa,debit,menara.ma,desktop,MAD
9001644,2025-02-05 12:32:38,383.99,C,visa,debit,yahoo.fr,desktop,MAD
9002345,2025-02-05 12:36:22,985.61,H,visa,credit,yahoo.fr,mobile,MAD
9001415,2025-02-05 12:40:17,208.64,S,visa,credit,gmail.com,desktop,MAD
9000981,2025-02-05 13:11:07,487.9,W,visa,debit,menara.ma,desktop,MAD
9004936,2025-02-05 13:37:13,271.54,W,mastercard,debit,gmail.com,mobile,MAD
9001628,2025-02-05 14:18:29,252.11,S,mastercard,credit,hotmail.com,mobile,MAD
9000455,2025-02-05 14:22:21,151.2,W,visa,debit,gmail.com,desktop,MAD
9001654,2025-02-05 14:41:57,697.68,C,visa,debit,gmail.com,mobile,MAD
9004376,2025-02-05 14:51:47,174.15,W,mastercard,debit,hotmail.com,mobile,MAD
9004463,2025-02-05 15:11:02,1948.26,C,mastercard,credit,gmail.com,mobile,MAD
9001505,2025-02-05 15:48:17,282.65,R,mastercard,debit,hotmail.com,mobile,MAD
9000260,2025-02-05 15:50:17,189.01,R,visa,debit,outlook.com,mobile,MAD
9002445,2025-02-05 15:50:19,385.29,W,visa,debit,menara.ma,mobile,MAD
9003667,2025-02-05 16:01:25,244.72,C,visa,debit,hotmail.com,mobile,MAD
9003825,2025-02-05 16:03:07,432.66,W,visa,debit,hotmail.com,mobile,MAD
9004412,2025-02-05 16:07:37,456.67,W,visa,debit,gmail.com,mobile,MAD
9001396,2025-02-05 16:12:46,403.17,C,visa,debit,gmail.com,desktop,MAD
9004585,2025-02-05 16:17:23,327.59,H,mastercard,debit,yahoo.fr,mobile,MAD
9000394,2025-02-05 16:19:03,121.11,C,visa,debit,outlook.com,,MAD
9000665,2025-02-05 16:21:38,514.3,W,visa,credit,gmail.com,,MAD
9004390,2025-02-05 16:32:58,1063.73,W,visa,debit,gmail.com,mobile,MAD
9000786,2025-02-05 17:06:11,256.94,R,visa,debit,gmail.com,desktop,MAD
9004802,2025-02-05 17:13:31,423.04,C,visa,credit,yahoo.fr,,MAD
9000985,2025-02-05 17:16:01,141.85,H,mastercard,debit,menara.ma,mobile,MAD
9004618,2025-02-05 17:26:26,759.65,H,visa,debit,hotmail.com,mobile,MAD
9004435,2025-02-05 17:38:16,276.21,W,american express,credit,gmail.com,desktop,MAD
9004541,2025-02-05 17:52:14,356.01,H,visa,debit,gmail.com,,MAD
9003955,2025-02-05 17:53:20,234.28,S,visa,credit,outlook.com,mobile,MAD
9000548,2025-02-05 17:57:09,884.65,W,mastercard,credit,gmail.com,desktop,MAD
9002037,2025-02-05 17:59:57,186.56,W,visa,credit,gmail.com,mobile,MAD
9002190,2025-02-05 18:04:37,65.84,W,mastercard,debit,yahoo.fr,mobile,MAD
9001608,2025-02-05 18:27:50,273.76,W,mastercard,debit,yahoo.fr,,MAD
9004900,2025-02-05 18:32:55,55.84,C,mastercard,debit,outlook.com,mobile,MAD
9004874,2025-02-05 19:17:04,230.32,C,visa,debit,gmail.com,,MAD
9000531,2025-02-05 19:17:35,1960.64,C,visa,credit,hotmail.com,desktop,MAD
9002966,2025-02-05 19:38:19,322.78,H,visa,debit,outlook.com,desktop,MAD
9002548,2025-02-05 19:45:08,235.34,W,mastercard,credit,gmail.com,mobile,MAD
9002947,2025-02-05 19:50:46,412.63,W,visa,debit,hotmail.com,mobile,MAD
9000966,2025-02-05 19:55:36,194.21,W,visa,debit,gmail.com,mobile,MAD
9000242,2025-02-05 20:19:11,336.98,W,visa,debit,gmail.com,mobile,MAD
9002024,2025-02-05 20:31:43,144.54,W,visa,debit,hotmail.com,mobile,MAD
9000688,2025-02-05 20:35:59,862.28,R,mastercard,debit,yahoo.fr,mobile,MAD
9002614,2025-02-05 21:01:25,131.48,H,visa,debit,gmail.com,mobile,MAD
9002235,2025-02-05 21:23:01,470.24,R,mastercard,credit,gmail.com,desktop,MAD
9002973,2025-02-05 21:30:09,542.19,R,visa,debit,gmail.com,mobile,MAD
9003969,2025-02-05 21:36:08,374.9,W,visa,debit,gmail.com,mobile,MAD
9001188,2025-02-05 21:59:24,241.72,W,visa,credit,gmail.com,,MAD
9000270,2025-02-05 23:06:58,209.69,W,visa,credit,gmail.com,mobile,MAD
9000953,2025-02-06 00:48:53,357.63,W,mastercard,debit,gmail.com,,MAD
9001305,2025-02-06 02:41:08,701.42,H,visa,debit,yahoo.fr,mobile,MAD
9004078,2025-02-06 03:54:00,6400.17,W,mastercard,debit,gmail.com,mobile,MAD
9003347,2025-02-06 03:55:00,1224.72,R,visa,debit,hotmail.com,mobile,MAD
9004756,2025-02-06 05:51:43,259.33,H,mastercard,debit,gmail.com,desktop,MAD
9002144,2025-02-06 05:56:37,1148.83,W,mastercard,debit,hotmail.com,mobile,MAD
9000323,2025-02-06 06:10:01,333.84,W,visa,debit,gmail.com,,MAD
9003864,2025-02-06 08:12:22,204.87,W,mastercard,debit,outlook.com,,MAD
9003177,2025-02-06 09:01:37,178.14,W,visa,debit,gmail.com,desktop,MAD
9004210,2025-02-06 09:10:57,340.41,W,visa,debit,yahoo.fr,,MAD
9004589,2025-02-06 09:32:46,1373.74,C,visa,debit,hotmail.com,mobile,MAD
9000625,2025-02-06 09:41:15,355.99,W,visa,debit,gmail.com,mobile,MAD
9000767,2025-02-06 09:44:13,201.98,W,visa,debit,outlook.com,desktop,MAD
9003876,2025-02-06 09:45:15,90.57,W,visa,debit,gmail.com,desktop,MAD
9003602,2025-02-06 09:47:17,489.5,W,mastercard,debit,gmail.com,mobile,MAD
9004228,2025-02-06 10:14:03,448.55,W,mastercard,debit,yahoo.fr,mobile,MAD
9003613,2025-02-06 10:32:42,319.76,C,mastercard,debit,gmail.com,mobile,MAD
9004544,2025-02-06 10:44:39,400.87,R,visa,debit,outlook.com,mobile,MAD
9001662,2025-02-06 11:11:30,340.98,W,visa,debit,yahoo.fr,desktop,MAD
9003648,2025-02-06 11:40:41,160.6,H,visa,debit,hotmail.com,desktop,MAD
9003449,2025-02-06 12:22:48,1406.04,R,visa,debit,gmail.com,mobile,MAD
9002494,2025-02-06 12:41:38,443.65,R,mastercard,debit,gmail.com,mobile,MAD
9000850,2025-02-06 12:50:43,987.7,W,visa,credit,gmail.com,,MAD
9004801,2025-02-06 13:05:36,196.06,W,visa,debit,gmail.com,desktop,MAD
9000137,2025-02-06 13:07:57,604.74,H,mastercard,debit,menara.ma,desktop,MAD
9001580,2025-02-06 13:14:59,465.48,C,visa,credit,gmail.com,desktop,MAD
9001758,2025-02-06 13:24:32,751.81,W,visa,debit,menara.ma,mobile,MAD
9004259,2025-02-06 13:26:45,1087.26,W,visa,credit,gmail.com,desktop,MAD
9001873,2025-02-06 14:16:50,278.6,C,mastercard,debit,hotmail.com,mobile,MAD
9000494,2025-02-06 15:32:29,756.85,W,visa,debit,gmail.com,desktop,MAD
9003425,2025-02-06 15:42:06,291.68,W,mastercard,debit,gmail.com,mobile,MAD
9003922,2025-02-06 15:52:38,904.38,W,visa,debit,outlook.com,mobile,MAD
9003436,2025-02-06 15:59:34,450.94,W,american express,debit,gmail.com,mobile,MAD
9004038,2025-02-06 16:18:18,410.33,W,visa,credit,hotmail.com,desktop,MAD
9000967,2025-02-06 16:23:56,215.25,W,visa,debit,gmail.com,mobile,MAD
9001135,2025-02-06 16:26:42,164.95,H,visa,credit,yahoo.fr,desktop,MAD
9003895,2025-02-06 16:40:46,515.5,W,mastercard,debit,gmail.com,mobile,MAD
9004914,2025-02-06 16:44:40,271.1,W,visa,debit,yahoo.fr,,MAD
9000490,2025-02-06 16:47:12,654.0,C,mastercard,debit,gmail.com,desktop,MAD
9003124,2025-02-06 16:55:00,248.77,S,mastercard,debit,gmail.com,mobile,MAD
9002213,2025-02-06 16:57:58,1485.97,C,visa,debit,hotmail.com,mobile,MAD
9002971,2025-02-06 16:58:33,655.42,W,mastercard,credit,yahoo.fr,mobile,MAD
9003331,2025-02-06 17:12:47,269.73,W,mastercard,debit,yahoo.fr,mobile,MAD
9000987,2025-02-06 17:20:00,413.67,W,mastercard,debit,yahoo.fr,mobile,MAD
9000672,2025-02-06 17:20:15,759.47,H,visa,credit,gmail.com,desktop,MAD
9001568,2025-02-06 17:30:15,280.65,H,mastercard,credit,outlook.com,mobile,MAD
9002692,2025-02-06 17:35:48,316.86,C,mastercard,debit,gmail.com,mobile,MAD
9000900,2025-02-06 17:54:15,140.95,W,visa,debit,gmail.com,mobile,MAD
9003920,2025-02-06 17:58:24,129.34,S,visa,debit,hotmail.com,desktop,MAD
9004586,2025-02-06 18:02:06,170.46,W,visa,debit,gmail.com,mobile,MAD
9004639,2025-02-06 18:05:40,490.51,W,visa,credit,gmail.com,mobile,MAD
9001181,2025-02-06 18:08:37,98.32,W,visa,debit,gmail.com,mobile,MAD
9004455,2025-02-06 18:16:29,171.54,H,visa,credit,hotmail.com,mobile,MAD
9002027,2025-02-06 18:17:41,526.84,R,mastercard,credit,outlook.com,,MAD
9003303,2025-02-06 18:22:57,418.83,S,mastercard,debit,gmail.com,desktop,MAD
9002183,2025-02-06 18:34:58,180.77,S,visa,debit,gmail.com,desktop,MAD
9003810,2025-02-06 18:42:34,412.67,S,visa,debit,gmail.com,desktop,MAD
9003423,2025-02-06 18:46:29,320.07,S,mastercard,credit,gmail.com,desktop,MAD
9003170,2025-02-06 19:01:28,238.9,W,visa,credit,gmail.com,,MAD
9003417,2025-02-06 19:15:14,660.98,R,visa,debit,gmail.com,mobile,MAD
9001829,2025-02-06 19:17:58,523.05,W,visa,debit,hotmail.com,mobile,MAD
9000269,2025-02-06 19:21:39,105.96,H,visa,debit,gmail.com,mobile,MAD
9001764,2025-02-06 19:33:58,190.43,W,mastercard,credit,gmail.com,mobile,MAD
9003225,2025-02-06 19:44:16,1801.42,C,visa,debit,yahoo.fr,,MAD
9001525,2025-02-06 19:45:00,175.64,R,visa,credit,gmail.com,desktop,MAD
9004310,2025-02-06 19:51:24,474.21,W,mastercard,debit,gmail.com,mobile,MAD
9000956,2025-02-06 19:57:30,194.53,S,visa,debit,gmail.com,desktop,MAD
9004233,2025-02-06 20:08:25,347.84,H,visa,debit,gmail.com,mobile,MAD
9002124,2025-02-06 20:14:37,755.63,S,visa,debit,gmail.com,mobile,MAD
9002864,2025-02-06 20:16:52,963.66,W,mastercard,credit,yahoo.fr,mobile,MAD
9000193,2025-02-06 20:39:51,316.26,W,visa,debit,gmail.com,mobile,MAD
9002414,2025-02-06 21:07:43,206.65,S,visa,debit,gmail.com,mobile,MAD
9004980,2025-02-06 21:20:05,133.3,C,mastercard,debit,hotmail.com,desktop,MAD
9000896,2025-02-06 21:24:49,178.21,S,visa,debit,gmail.com,mobile,MAD
9002927,2025-02-06 21:28:55,589.95,C,visa,credit,gmail.com,mobile,MAD
9000702,2025-02-06 21:32:49,2098.32,W,visa,debit,menara.ma,desktop,MAD
9002629,2025-02-06 21:35:30,285.61,W,visa,debit,outlook.com,desktop,MAD
9000601,2025-02-06 21:58:02,627.95,H,visa,debit,gmail.com,mobile,MAD
9001952,2025-02-06 22:13:54,162.6,W,visa,credit,outlook.com,mobile,MAD
9001048,2025-02-06 23:24:47,295.43,W,mastercard,debit,gmail.com,mobile,MAD
9004351,2025-02-06 23:33:22,326.98,W,visa,credit,gmail.com,mobile,MAD
9000085,2025-02-07 00:12:41,561.44,C,visa,credit,gmail.com,mobile,MAD
9002393,2025-02-07 00:42:00,870.69,H,visa,credit,gmail.com,,MAD
9000675,2025-02-07 00:52:00,557.83,S,visa,credit,gmail.com,desktop,MAD
9002359,2025-02-07 03:40:11,667.35,S,visa,debit,gmail.com,mobile,MAD
9002917,2025-02-07 04:33:59,380.33,W,mastercard,debit,outlook.com,mobile,MAD
9000658,2025-02-07 06:48:15,142.77,H,mastercard,debit,yahoo.fr,,MAD
9002721,2025-02-07 07:33:38,202.27,W,visa,credit,yahoo.fr,desktop,MAD
9002179,2025-02-07 07:57:46,693.51,W,visa,debit,hotmail.com,,MAD
9004063,2025-02-07 08:00:02,624.5,H,visa,debit,menara.ma,desktop,MAD
9003600,2025-02-07 08:05:41,223.08,C,visa,debit,gmail.com,,MAD
9002825,2025-02-07 08:16:02,513.86,C,mastercard,debit,yahoo.fr,,MAD
9002904,2025-02-07 08:30:04,294.54,S,mastercard,debit,hotmail.com,mobile,MAD
9003692,2025-02-07 08:34:37,473.47,C,mastercard,debit,yahoo.fr,mobile,MAD
9002158,2025-02-07 08:37:18,442.23,H,mastercard,debit,yahoo.fr,desktop,MAD
9004858,2025-02-07 08:47:39,412.64,W,visa,debit,gmail.com,mobile,MAD
9001753,2025-02-07 09:13:17,735.85,C,visa,debit,gmail.com,desktop,MAD
9004542,2025-02-07 09:22:26,151.27,S,mastercard,debit,hotmail.com,desktop,MAD
9004910,2025-02-07 09:40:49,227.49,C,visa,credit,gmail.com,desktop,MAD
9000599,2025-02-07 10:05:38,349.09,W,american express,debit,gmail.com,mobile,MAD
9004619,2025-02-07 10:19:35,159.34,W,visa,debit,gmail.com,mobile,MAD
9004086,2025-02-07 10:26:31,297.6,W,mastercard,debit,gmail.com,mobile,MAD
9002996,2025-02-07 10:27:50,1623.16,W,mastercard,debit,hotmail.com,mobile,MAD
9002128,2025-02-07 11:14:49,255.34,C,visa,debit,gmail.com,mobile,MAD
9003317,2025-02-07 11:17:23,1328.46,W,visa,credit,menara.ma,mobile,MAD
9002898,2025-02-07 11:26:55,217.09,C,visa,debit,hotmail.com,desktop,MAD
9001397,2025-02-07 11:27:25,390.22,R,mastercard,credit,gmail.com,mobile,MAD
9003875,2025-02-07 11:32:11,1106.54,W,mastercard,debit,gmail.com,desktop,MAD
9004903,2025-02-07 11:34:37,811.08,W,mastercard,debit,gmail.com,mobile,MAD
9002226,2025-02-07 11:38:34,587.36,W,mastercard,credit,gmail.com,desktop,MAD
9002010,2025-02-07 11:40:51,458.4,W,mastercard,debit,gmail.com,mobile,MAD
9002231,2025-02-07 11:57:20,686.9,W,visa,debit,outlook.com,mobile,MAD
9002907,2025-02-07 12:10:35,284.15,H,visa,debit,yahoo.fr,,MAD
9002568,2025-02-07 12:15:07,672.64,W,mastercard,debit,outlook.com,desktop,MAD
9003609,2025-02-07 12:25:49,540.09,W,visa,credit,outlook.com,mobile,MAD
9000245,2025-02-07 12:27:17,633.64,W,visa,debit,yahoo.fr,mobile,MAD
9001171,2025-02-07 12:32:19,179.18,W,mastercard,debit,gmail.com,mobile,MAD
9004621,2025-02-07 12:47:18,668.18,C,visa,debit,outlook.com,desktop,MAD
9000192,2025-02-07 12:53:16,747.69,W,visa,debit,yahoo.fr,mobile,MAD
9003546,2025-02-07 12:55:17,171.73,H,visa,debit,hotmail.com,mobile,MAD
9003640,2025-02-07 13:05:43,342.87,W,mastercard,debit,outlook.com,mobile,MAD
9003117,2025-02-07 13:11:33,268.09,W,mastercard,credit,gmail.com,,MAD
9000343,2025-02-07 13:15:13,452.14,W,mastercard,debit,gmail.com,mobile,MAD
9003185,2025-02-07 13:23:02,1733.47,C,discover,debit,protonmail.com,desktop,MAD
9001554,2025-02-07 13:25:20,382.43,W,visa,debit,gmail.com,,MAD
9002829,2025-02-07 13:47:00,274.32,H,visa,debit,outlook.com,mobile,MAD
9002726,2025-02-07 13:51:11,1026.19,W,discover,credit,protonmail.com,desktop,MAD
9003121,2025-02-07 13:55:16,163.14,W,mastercard,debit,yahoo.fr,desktop,MAD
9001200,2025-02-07 13:55:53,499.47,W,mastercard,debit,gmail.com,mobile,MAD
9000040,2025-02-07 14:01:10,255.62,W,mastercard,credit,outlook.com,,MAD
9001661,2025-02-07 14:17:56,495.9,H,visa,debit,outlook.com,mobile,MAD
9003819,2025-02-07 14:53:42,117.41,W,mastercard,debit,gmail.com,mobile,MAD
9003344,2025-02-07 15:40:37,240.37,W,mastercard,debit,gmail.com,,MAD
9000240,2025-02-07 15:50:40,583.28,W,mastercard,debit,yahoo.fr,mobile,MAD
9003171,2025-02-07 16:00:49,455.09,S,visa,debit,gmail.com,mobile,MAD
9001982,2025-02-07 16:12:25,293.93,W,visa,debit,gmail.com,desktop,MAD
9000825,2025-02-07 16:41:46,475.41,W,mastercard,debit,gmail.com,,MAD
9001172,2025-02-07 16:49:07,224.35,H,visa,debit,outlook.com,mobile,MAD
9001111,2025-02-07 17:00:38,248.82,W,visa,debit,outlook.com,,MAD
9004595,2025-02-07 17:09:31,563.48,W,mastercard,debit,gmail.com,desktop,MAD
9001290,2025-02-07 17:36:17,259.84,W,visa,debit,gmail.com,desktop,MAD
9002508,2025-02-07 17:49:44,306.79,W,visa,credit,hotmail.com,,MAD
9002417,2025-02-07 18:36:12,495.84,R,mastercard,debit,outlook.com,mobile,MAD
9001885,2025-02-07 19:00:32,290.62,W,mastercard,debit,hotmail.com,mobile,MAD
9001540,2025-02-07 19:20:57,181.93,H,mastercard,credit,gmail.com,mobile,MAD
9003604,2025-02-07 19:22:06,283.32,W,visa,credit,gmail.com,desktop,MAD
9000996,2025-02-07 19:28:44,297.94,R,visa,debit,gmail.com,desktop,MAD
9003009,2025-02-07 19:39:41,379.87,H,visa,debit,gmail.com,mobile,MAD
9003367,2025-02-07 19:44:20,429.14,W,visa,debit,gmail.com,desktop,MAD
9004496,2025-02-07 19:53:39,1023.72,C,visa,debit,menara.ma,mobile,MAD
9001755,2025-02-07 20:11:32,389.6,C,visa,debit,gmail.com,mobile,MAD
9001638,2025-02-07 20:18:20,316.77,H,visa,credit,gmail.com,mobile,MAD
9001211,2025-02-07 20:29:57,775.84,C,mastercard,credit,gmail.com,desktop,MAD
9003970,2025-02-07 20:44:54,161.28,H,visa,credit,gmail.com,desktop,MAD
9003865,2025-02-07 20:45:41,406.5,W,mastercard,debit,yahoo.fr,mobile,MAD
9000880,2025-02-07 21:37:22,116.05,H,visa,debit,yahoo.fr,mobile,MAD
9001846,2025-02-07 21:39:20,104.49,W,visa,debit,gmail.com,mobile,MAD
9003026,2025-02-07 21:53:23,156.14,W,visa,credit,gmail.com,desktop,MAD
9000458,2025-02-08 01:36:00,332.86,W,mastercard,debit,gmail.com,mobile,MAD
9004906,2025-02-08 01:48:51,1886.57,C,visa,credit,yahoo.fr,mobile,MAD
9001994,2025-02-08 03:22:00,768.76,W,visa,credit,gmail.com,mobile,MAD
9000782,2025-02-08 04:32:07,1949.97,C,visa,debit,yahoo.fr,desktop,MAD
9003925,2025-02-08 07:06:36,446.65,C,american express,debit,yahoo.fr,desktop,MAD
9002970,2025-02-08 07:35:48,554.51,W,visa,debit,hotmail.com,desktop,MAD
9000026,2025-02-08 08:03:33,1359.08,W,mastercard,debit,outlook.com,desktop,MAD
9003502,2025-02-08 08:14:30,605.24,W,visa,debit,yahoo.fr,desktop,MAD
9002015,2025-02-08 08:36:03,417.11,W,visa,debit,gmail.com,mobile,MAD
9000600,2025-02-08 09:16:16,171.86,R,visa,credit,yahoo.fr,mobile,MAD
9001235,2025-02-08 09:47:52,572.49,H,visa,debit,menara.ma,mobile,MAD
9003324,2025-02-08 09:51:56,355.54,S,visa,credit,hotmail.com,mobile,MAD
9001130,2025-02-08 09:56:21,87.78,H,mastercard,debit,gmail.com,desktop,MAD
9000130,2025-02-08 10:17:44,203.12,W,visa,credit,gmail.com,desktop,MAD
9000934,2025-02-08 10:30:37,619.3,W,visa,debit,gmail.com,mobile,MAD
9002437,2025-02-08 12:05:27,259.51,W,mastercard,debit,gmail.com,mobile,MAD
9003301,2025-02-08 13:07:33,2019.39,C,visa,credit,outlook.com,mobile,MAD
9002758,2025-02-08 13:10:19,584.24,W,visa,credit,yahoo.fr,mobile,MAD
9001370,2025-02-08 13:23:56,343.91,H,mastercard,debit,menara.ma,,MAD
9003266,2025-02-08 13:25:11,366.2,W,visa,debit,hotmail.com,mobile,MAD
9001196,2025-02-08 13:31:44,804.08,C,mastercard,credit,gmail.com,desktop,MAD
9003721,2025-02-08 13:44:21,76.03,W,mastercard,credit,menara.ma,mobile,MAD
9003730,2025-02-08 13:45:46,635.14,R,visa,debit,gmail.com,desktop,MAD
9001255,2025-02-08 13:46:42,1391.71,W,visa,credit,gmail.com,mobile,MAD
9003675,2025-02-08 13:48:13,227.88,C,visa,debit,gmail.com,mobile,MAD
9004560,2025-02-08 13:48:52,365.91,W,mastercard,debit,hotmail.com,,MAD
9003696,2025-02-08 13:50:00,188.22,W,visa,debit,hotmail.com,desktop,MAD
9000475,2025-02-08 14:00:04,118.76,W,visa,debit,hotmail.com,mobile,MAD
9002361,2025-02-08 14:11:15,204.69,W,mastercard,credit,gmail.com,mobile,MAD
9001467,2025-02-08 14:18:18,1073.61,W,visa,debit,menara.ma,mobile,MAD
9001068,2025-02-08 14:19:09,357.86,W,mastercard,debit,gmail.com,mobile,MAD
9003550,2025-02-08 14:36:03,512.37,W,visa,debit,hotmail.com,desktop,MAD
9001417,2025-02-08 14:50:35,339.11,H,visa,credit,menara.ma,desktop,MAD
9001585,2025-02-08 15:06:32,155.06,R,visa,debit,gmail.com,mobile,MAD
9003147,2025-02-08 15:07:47,252.81,S,visa,debit,gmail.com,desktop,MAD
9001715,2025-02-08 15:49:58,214.47,R,visa,debit,gmail.com,,MAD
9000984,2025-02-08 15:56:38,553.53,W,visa,debit,gmail.com,mobile,MAD
9000616,2025-02-08 16:20:21,359.22,W,mastercard,credit,hotmail.com,desktop,MAD
9003408,2025-02-08 16:21:08,794.44,C,visa,debit,hotmail.com,mobile,MAD
9001221,2025-02-08 16:33:25,544.65,W,mastercard,credit,hotmail.com,mobile,MAD
9003577,2025-02-08 16:57:37,635.41,W,visa,debit,gmail.com,mobile,MAD
9003757,2025-02-08 17:08:45,174.99,S,mastercard,debit,gmail.com,desktop,MAD
9001717,2025-02-08 17:24:53,152.1,W,visa,debit,gmail.com,mobile,MAD
9003862,2025-02-08 17:29:46,674.28,R,visa,credit,gmail.com,mobile,MAD
9003492,2025-02-08 17:35:37,523.38,H,visa,debit,gmail.com,desktop,MAD
9001128,2025-02-08 17:45:21,314.56,W,visa,debit,gmail.com,mobile,MAD
9001337,2025-02-08 17:53:59,441.79,W,mastercard,credit,menara.ma,mobile,MAD
9002992,2025-02-08 17:56:00,148.67,W,visa,debit,outlook.com,mobile,MAD
9002184,2025-02-08 18:02:36,1051.8,C,visa,debit,yahoo.fr,mobile,MAD
9000673,2025-02-08 18:15:18,455.11,W,mastercard,debit,hotmail.com,mobile,MAD
9000569,2025-02-08 18:15:21,350.08,W,mastercard,debit,gmail.com,mobile,MAD
9003764,2025-02-08 18:25:07,647.72,W,visa,credit,gmail.com,mobile,MAD
9000244,2025-02-08 18:44:30,621.33,W,visa,debit,hotmail.com,mobile,MAD
9003118,2025-02-08 19:01:59,304.88,S,mastercard,credit,hotmail.com,mobile,MAD
9003977,2025-02-08 19:08:00,845.93,W,mastercard,debit,gmail.com,mobile,MAD
9003647,2025-02-08 19:19:49,1002.26,C,visa,debit,gmail.com,mobile,MAD
9000341,2025-02-08 19:31:54,96.54,H,mastercard,debit,yahoo.fr,desktop,MAD
9002448,2025-02-08 19:45:02,899.27,C,visa,debit,hotmail.com,,MAD
9002072,2025-02-08 20:13:50,421.88,W,visa,credit,outlook.com,,MAD
9002689,2025-02-08 20:19:45,317.59,W,visa,credit,gmail.com,desktop,MAD
9004995,2025-02-08 20:43:45,328.91,H,visa,debit,gmail.com,mobile,MAD
9001985,2025-02-08 20:53:51,501.06,W,visa,debit,yahoo.fr,desktop,MAD
9000958,2025-02-08 20:54:11,666.94,C,visa,debit,yahoo.fr,desktop,MAD
9000920,2025-02-08 20:56:27,352.34,W,visa,credit,gmail.com,mobile,MAD
9002986,2025-02-08 21:08:28,652.83,C,visa,debit,yahoo.fr,,MAD
9000099,2025-02-08 21:40:32,330.43,W,mastercard,debit,gmail.com,mobile,MAD
9004991,2025-02-08 21:57:39,404.4,R,mastercard,debit,hotmail.com,desktop,MAD
9000743,2025-02-08 21:59:28,379.33,W,visa,debit,gmail.com,mobile,MAD
9002185,2025-02-08 23:23:06,184.49,C,mastercard,debit,gmail.com,mobile,MAD
9004489,2025-02-09 00:44:44,840.08,W,visa,credit,gmail.com,mobile,MAD
9001089,2025-02-09 01:58:00,927.17,R,mastercard,debit,gmail.com,mobile,MAD
9000311,2025-02-09 05:12:24,230.4,W,visa,debit,hotmail.com,mobile,MAD
9004008,2025-02-09 05:12:24,84.99,S,visa,credit,hotmail.com,mobile,MAD
9001959,2025-02-09 05:48:26,954.58,H,american express,credit,gmail.com,desktop,MAD
9001205,2025-02-09 06:27:11,1232.44,W,visa,credit,gmail.com,mobile,MAD
9002584,2025-02-09 06:51:18,579.3,H,mastercard,debit,hotmail.com,desktop,MAD
9002619,2025-02-09 06:55:38,305.8,W,visa,credit,outlook.com,desktop,MAD
9000819,2025-02-09 07:09:32,232.83,W,visa,credit,gmail.com,mobile,MAD
9004876,2025-02-09 08:16:21,720.65,C,visa,credit,hotmail.com,,MAD
9000237,2025-02-09 09:10:56,249.18,R,visa,debit,gmail.com,mobile,MAD
9004902,2025-02-09 10:00:16,503.27,W,visa,debit,gmail.com,,MAD
9002551,2025-02-09 10:03:59,440.29,W,visa,debit,hotmail.com,mobile,MAD
9000123,2025-02-09 10:04:24,124.36,W,visa,debit,gmail.com,mobile,MAD
9003273,2025-02-09 10:06:34,642.82,R,mastercard,debit,gmail.com,mobile,MAD
9000108,2025-02-09 10:13:16,1035.89,S,mastercard,debit,hotmail.com,mobile,MAD
9002877,2025-02-09 10:35:33,957.23,H,visa,debit,gmail.com,mobile,MAD
9003000,2025-02-09 10:38:32,286.48,W,visa,debit,yahoo.fr,desktop,MAD
9004042,2025-02-09 10:54:58,425.57,R,visa,credit,outlook.com,desktop,MAD
9002242,2025-02-09 10:56:09,480.5,W,mastercard,debit,yahoo.fr,,MAD
9003409,2025-02-09 11:01:36,92.63,W,mastercard,debit,menara.ma,mobile,MAD
9002050,2025-02-09 11:08:10,852.01,H,visa,debit,gmail.com,mobile,MAD
9002897,2025-02-09 11:23:11,139.43,W,visa,debit,outlook.com,mobile,MAD
9001887,2025-02-09 11:27:59,278.95,S,mastercard,debit,menara.ma,desktop,MAD
9001723,2025-02-09 11:42:07,896.47,C,visa,credit,hotmail.com,mobile,MAD
9003589,2025-02-09 12:13:07,535.4,C,mastercard,debit,gmail.com,mobile,MAD
9000162,2025-02-09 12:15:30,658.48,C,visa,credit,gmail.com,mobile,MAD
9004464,2025-02-09 12:22:36,245.52,W,mastercard,credit,yahoo.fr,desktop,MAD
9001398,2025-02-09 12:26:52,148.79,H,mastercard,debit,gmail.com,desktop,MAD
9003438,2025-02-09 12:47:03,576.2,W,visa,debit,yahoo.fr,desktop,MAD
9002380,2025-02-09 12:49:30,475.86,W,visa,debit,outlook.com,desktop,MAD
9002195,2025-02-09 12:49:51,531.51,W,visa,credit,gmail.com,mobile,MAD
9000446,2025-02-09 13:03:24,659.64,W,visa,debit,gmail.com,mobile,MAD
9001224,2025-02-09 13:15:36,825.37,W,visa,debit,gmail.com,mobile,MAD
9002022,2025-02-09 13:17:16,416.9,W,mastercard,debit,gmail.com,mobile,MAD
9001981,2025-02-09 13:20:26,483.67,W,mastercard,debit,gmail.com,desktop,MAD
9003929,2025-02-09 13:23:00,107.07,H,visa,credit,gmail.com,,MAD
9000372,2025-02-09 13:50:03,170.32,W,visa,debit,yahoo.fr,mobile,MAD
9000822,2025-02-09 13:59:05,226.19,W,visa,debit,gmail.com,desktop,MAD
9002396,2025-02-09 14:21:30,312.17,W,visa,debit,gmail.com,desktop,MAD
9003834,2025-02-09 14:24:05,849.38,R,mastercard,debit,yahoo.fr,,MAD
9000730,2025-02-09 14:44:46,292.79,R,visa,credit,hotmail.com,,MAD
9001693,2025-02-09 15:18:18,503.89,W,mastercard,debit,yahoo.fr,,MAD
9002905,2025-02-09 15:28:35,137.99,W,visa,debit,outlook.com,desktop,MAD
9000316,2025-02-09 15:46:35,678.21,R,visa,credit,gmail.com,desktop,MAD
9000652,2025-02-09 16:12:24,305.98,W,visa,credit,outlook.com,desktop,MAD
9002930,2025-02-09 16:22:07,383.15,C,visa,credit,hotmail.com,mobile,MAD
9000502,2025-02-09 16:51:24,161.85,W,visa,debit,gmail.com,,MAD
9001597,2025-02-09 16:56:16,369.58,W,visa,credit,hotmail.com,mobile,MAD
9001438,2025-02-09 17:24:51,255.64,W,visa,credit,gmail.com,desktop,MAD
9004321,2025-02-09 17:38:09,750.78,C,visa,debit,hotmail.com,desktop,MAD
9004181,2025-02-09 17:45:07,123.31,W,mastercard,debit,gmail.com,,MAD
9004302,2025-02-09 17:50:58,1065.94,C,mastercard,debit,gmail.com,mobile,MAD
9001648,2025-02-09 17:56:18,638.68,W,visa,debit,gmail.com,desktop,MAD
9000479,2025-02-09 18:02:09,704.37,W,mastercard,debit,hotmail.com,desktop,MAD
9000986,2025-02-09 18:05:38,137.25,W,visa,credit,gmail.com,mobile,MAD
9002324,2025-02-09 18:16:43,845.26,W,mastercard,credit,gmail.com,mobile,MAD
9002086,2025-02-09 18:18:50,109.92,H,mastercard,debit,gmail.com,mobile,MAD
9001277,2025-02-09 18:26:13,76.79,W,visa,credit,hotmail.com,mobile,MAD
9003963,2025-02-09 18:32:57,868.89,R,visa,debit,gmail.com,mobile,MAD
9000824,2025-02-09 19:08:27,870.73,W,mastercard,debit,gmail.com,mobile,MAD
9002023,2025-02-09 19:16:57,181.55,W,mastercard,credit,gmail.com,,MAD
9000842,2025-02-09 19:39:05,543.46,C,visa,credit,gmail.com,mobile,MAD
9001812,2025-02-09 19:49:31,457.8,W,visa,credit,gmail.com,mobile,MAD
9002754,2025-02-09 19:52:46,246.7,W,mastercard,debit,gmail.com,mobile,MAD
9000255,2025-02-09 20:32:13,416.5,C,mastercard,debit,gmail.com,mobile,MAD
9004437,2025-02-09 20:36:22,800.24,W,visa,credit,outlook.com,mobile,MAD
9000156,2025-02-09 21:01:40,318.13,W,visa,credit,gmail.com,mobile,MAD
9004400,2025-02-09 21:13:13,358.79,H,mastercard,credit,gmail.com,desktop,MAD
9002481,2025-02-09 21:24:15,235.13,R,mastercard,debit,gmail.com,mobile,MAD
9004679,2025-02-09 21:30:37,539.17,W,visa,debit,gmail.com,,MAD
9000003,2025-02-09 21:34:11,441.1,W,mastercard,credit,menara.ma,desktop,MAD
9002771,2025-02-09 21:46:52,111.37,C,visa,debit,gmail.com,mobile,MAD
9004460,2025-02-09 21:56:23,665.62,W,mastercard,debit,hotmail.com,mobile,MAD
9002088,2025-02-09 21:58:27,479.64,W,mastercard,debit,gmail.com,mobile,MAD
9000771,2025-02-09 22:39:21,234.16,W,visa,credit,yahoo.fr,,MAD
9004730,2025-02-09 23:03:28,144.01,W,visa,debit,hotmail.com,mobile,MAD
9002258,2025-02-09 23:24:40,481.1,W,mastercard,debit,gmail.com,mobile,MAD
9003794,2025-02-09 23:33:54,803.88,C,visa,debit,outlook.com,desktop,MAD
9002616,2025-02-10 03:21:00,1098.48,H,visa,credit,hotmail.com,desktop,MAD
9000060,2025-02-10 04:10:20,436.24,S,mastercard,debit,gmail.com,mobile,MAD
9004822,2025-02-10 05:06:27,250.49,C,visa,debit,gmail.com,desktop,MAD
9002817,2025-02-10 05:52:07,395.42,S,visa,debit,gmail.com,desktop,MAD
9001703,2025-02-10 07:24:34,289.4,W,visa,debit,gmail.com,mobile,MAD
9003767,2025-02-10 07:28:08,890.97,C,visa,debit,outlook.com,mobile,MAD
9003390,2025-02-10 07:29:12,589.53,S,mastercard,debit,hotmail.com,,MAD
9003192,2025-02-10 07:35:59,232.42,S,mastercard,credit,outlook.com,,MAD
9000736,2025-02-10 08:11:03,1072.06,W,visa,debit,yahoo.fr,mobile,MAD
9001049,2025-02-10 08:26:21,841.29,W,mastercard,credit,outlook.com,mobile,MAD
9000416,2025-02-10 08:27:46,154.33,S,visa,debit,gmail.com,mobile,MAD
9003159,2025-02-10 08:55:53,268.28,R,mastercard,credit,yahoo.fr,desktop,MAD
9002632,2025-02-10 09:18:47,173.36,H,mastercard,debit,outlook.com,desktop,MAD
9001306,2025-02-10 09:34:26,405.04,C,visa,debit,gmail.com,mobile,MAD
9003375,2025-02-10 09:46:39,78.91,S,visa,debit,gmail.com,mobile,MAD
9003719,2025-02-10 09:47:12,623.37,C,visa,debit,gmail.com,mobile,MAD
9004359,2025-02-10 10:07:02,1050.26,W,mastercard,debit,outlook.com,mobile,MAD
9004201,2025-02-10 10:10:49,1293.96,W,visa,credit,gmail.com,mobile,MAD
9001813,2025-02-10 10:17:52,462.8,S,discover,credit,protonmail.com,desktop,MAD
9001327,2025-02-10 10:18:24,455.39,C,visa,credit,hotmail.com,mobile,MAD
9000550,2025-02-10 10:41:02,908.49,W,visa,debit,hotmail.com,mobile,MAD
9002112,2025-02-10 11:08:44,63.21,W,visa,debit,gmail.com,mobile,MAD
9000049,2025-02-10 11:17:32,181.82,S,visa,debit,yahoo.fr,mobile,MAD
9002563,2025-02-10 11:24:03,210.4,H,visa,credit,gmail.com,desktop,MAD
9002468,2025-02-10 11:28:49,328.28,W,visa,debit,gmail.com,,MAD
9000641,2025-02-10 11:42:29,406.37,C,visa,debit,gmail.com,mobile,MAD
9003612,2025-02-10 12:27:55,235.12,W,visa,debit,yahoo.fr,mobile,MAD
9003829,2025-02-10 12:29:44,501.26,W,visa,credit,gmail.com,desktop,MAD
9001668,2025-02-10 12:35:04,588.61,R,discover,debit,protonmail.com,desktop,MAD
9000711,2025-02-10 12:47:41,2374.55,R,visa,credit,gmail.com,,MAD
9000098,2025-02-10 13:06:44,974.22,S,mastercard,debit,gmail.com,mobile,MAD
9002932,2025-02-10 13:10:02,1169.98,C,american express,debit,gmail.com,mobile,MAD
9004879,2025-02-10 13:22:45,664.37,W,visa,credit,gmail.com,mobile,MAD
9000827,2025-02-10 13:25:58,210.32,C,visa,debit,hotmail.com,mobile,MAD
9003206,2025-02-10 13:28:49,904.3,W,visa,debit,gmail.com,mobile,MAD
9002659,2025-02-10 13:43:26,285.54,S,visa,debit,outlook.com,,MAD
9003655,2025-02-10 13:57:30,134.55,W,visa,debit,yahoo.fr,mobile,MAD
9001696,2025-02-10 14:08:27,445.04,R,mastercard,debit,gmail.com,mobile,MAD
9004924,2025-02-10 14:27:01,935.26,W,visa,debit,gmail.com,mobile,MAD
9003002,2025-02-10 14:52:25,340.86,H,visa,debit,gmail.com,mobile,MAD
9002034,2025-02-10 14:55:43,223.16,W,mastercard,debit,gmail.com,mobile,MAD
9002722,2025-02-10 15:12:50,138.84,W,mastercard,credit,yahoo.fr,mobile,MAD
9003193,2025-02-10 15:49:11,117.36,W,visa,debit,outlook.com,desktop,MAD
9001427,2025-02-10 15:49:59,407.0,R,mastercard,debit,gmail.com,desktop,MAD
9004443,2025-02-10 15:50:52,144.46,W,visa,credit,yahoo.fr,mobile,MAD
9003610,2025-02-10 16:00:48,439.3,W,visa,debit,menara.ma,mobile,MAD
9001510,2025-02-10 16:41:16,290.74,W,visa,credit,outlook.com,,MAD
9000283,2025-02-10 16:43:22,296.71,W,visa,debit,gmail.com,desktop,MAD
9002280,2025-02-10 17:00:52,431.49,C,visa,credit,gmail.com,mobile,MAD
9003233,2025-02-10 17:08:50,521.93,C,visa,debit,gmail.com,,MAD
9000859,2025-02-10 17:12:59,639.68,C,visa,credit,gmail.com,mobile,MAD
9004999,2025-02-10 17:21:24,183.85,W,visa,debit,yahoo.fr,mobile,MAD
9001973,2025-02-10 17:30:49,40.31,S,mastercard,credit,menara.ma,mobile,MAD
9004166,2025-02-10 18:13:28,255.48,W,visa,credit,outlook.com,desktop,MAD
9001613,2025-02-10 18:27:13,235.3,W,mastercard,debit,gmail.com,mobile,MAD
9002438,2025-02-10 18:31:52,1299.15,W,mastercard,debit,gmail.com,desktop,MAD
9003519,2025-02-10 18:36:17,275.48,W,visa,debit,gmail.com,desktop,MAD
9001071,2025-02-10 18:42:13,62.2,S,mastercard,debit,hotmail.com,mobile,MAD
9003984,2025-02-10 18:56:48,832.13,H,visa,debit,gmail.com,desktop,MAD
9003739,2025-02-10 19:02:20,103.89,S,mastercard,debit,gmail.com,desktop,MAD
9001274,2025-02-10 19:33:13,349.84,W,visa,debit,gmail.com,mobile,MAD
9001298,2025-02-10 19:49:34,957.91,R,mastercard,debit,gmail.com,desktop,MAD
9004305,2025-02-10 20:18:03,212.62,S,visa,credit,gmail.com,mobile,MAD
9003983,2025-02-10 20:25:42,736.78,H,visa,debit,menara.ma,mobile,MAD
9000312,2025-02-10 20:45:42,566.95,W,mastercard,debit,hotmail.com,mobile,MAD
9004170,2025-02-10 20:48:34,182.35,H,visa,debit,outlook.com,,MAD
9000257,2025-02-10 20:57:21,1061.58,R,mastercard,debit,hotmail.com,,MAD
9000080,2025-02-10 21:16:05,575.47,H,mastercard,debit,gmail.com,desktop,MAD
9002102,2025-02-10 21:36:30,1191.08,W,mastercard,debit,yahoo.fr,mobile,MAD
9003813,2025-02-10 21:45:23,1029.2,C,mastercard,debit,yahoo.fr,desktop,MAD
9001329,2025-02-10 21:55:07,1323.8,R,mastercard,debit,gmail.com,mobile,MAD
9001424,2025-02-10 21:58:23,419.79,W,visa,debit,menara.ma,mobile,MAD
9002084,2025-02-10 22:00:26,292.91,C,visa,debit,gmail.com,mobile,MAD
9001132,2025-02-10 22:09:23,132.68,W,visa,debit,gmail.com,mobile,MAD
9002285,2025-02-10 22:13:05,1299.44,C,visa,debit,gmail.com,mobile,MAD
9000122,2025-02-10 22:54:50,791.96,W,visa,debit,gmail.com,mobile,MAD
9002075,2025-02-11 01:17:00,3076.94,C,visa,debit,yahoo.fr,desktop,MAD
9000422,2025-02-11 01:26:05,184.92,W,visa,credit,gmail.com,mobile,MAD
9003573,2025-02-11 01:36:18,253.72,S,visa,debit,yahoo.fr,mobile,MAD
9002718,2025-02-11 05:15:11,252.96,H,visa,debit,gmail.com,mobile,MAD
9003976,2025-02-11 05:30:39,477.31,H,mastercard,debit,gmail.com,mobile,MAD
9004760,2025-02-11 06:21:12,131.95,W,visa,debit,hotmail.com,desktop,MAD
9002136,2025-02-11 06:27:18,253.04,W,mastercard,credit,gmail.com,mobile,MAD
9001472,2025-02-11 08:06:36,619.96,W,visa,debit,gmail.com,mobile,MAD
9004037,2025-02-11 08:18:58,876.5,R,mastercard,debit,outlook.com,desktop,MAD
9003608,2025-02-11 08:34:11,249.68,S,visa,debit,gmail.com,mobile,MAD
9004013,2025-02-11 09:27:18,39.59,H,mastercard,debit,gmail.com,mobile,MAD
9000587,2025-02-11 09:48:11,611.72,C,mastercard,debit,gmail.com,desktop,MAD
9003588,2025-02-11 10:04:56,173.4,H,visa,debit,gmail.com,mobile,MAD
9000941,2025-02-11 10:23:05,837.55,C,mastercard,debit,yahoo.fr,mobile,MAD
9004732,2025-02-11 10:25:24,476.01,W,visa,debit,gmail.com,mobile,MAD
9002501,2025-02-11 10:31:10,315.46,H,visa,debit,gmail.com,,MAD
9001547,2025-02-11 10:42:58,749.94,C,visa,debit,gmail.com,mobile,MAD
9001149,2025-02-11 10:47:54,257.95,W,mastercard,credit,gmail.com,mobile,MAD
9000866,2025-02-11 11:04:12,643.99,W,mastercard,credit,gmail.com,mobile,MAD
9004020,2025-02-11 11:04:23,171.09,R,mastercard,debit,gmail.com,desktop,MAD
9001303,2025-02-11 11:13:12,429.44,S,visa,debit,yahoo.fr,mobile,MAD
9003877,2025-02-11 11:16:23,255.08,W,visa,debit,hotmail.com,,MAD
9004856,2025-02-11 12:02:00,285.96,C,mastercard,debit,yahoo.fr,mobile,MAD
9000788,2025-02-11 13:08:58,415.33,W,mastercard,debit,gmail.com,desktop,MAD
9004745,2025-02-11 13:21:35,193.7,S,visa,credit,gmail.com,mobile,MAD
9000615,2025-02-11 13:41:28,531.02,C,visa,debit,gmail.com,desktop,MAD
9001183,2025-02-11 13:44:22,210.74,C,visa,debit,gmail.com,desktop,MAD
9002517,2025-02-11 14:09:34,219.43,W,visa,debit,outlook.com,,MAD
9004591,2025-02-11 14:12:43,72.54,S,mastercard,debit,outlook.com,mobile,MAD
9004029,2025-02-11 14:27:59,369.46,H,visa,debit,gmail.com,mobile,MAD
9003576,2025-02-11 14:33:37,465.44,R,visa,debit,gmail.com,mobile,MAD
9001062,2025-02-11 14:35:28,489.52,C,visa,debit,hotmail.com,,MAD
9001614,2025-02-11 14:41:30,357.06,H,visa,credit,hotmail.com,mobile,MAD
9002375,2025-02-11 14:46:15,601.78,W,american express,debit,gmail.com,mobile,MAD
9000875,2025-02-11 14:46:24,483.78,S,visa,debit,gmail.com,mobile,MAD
9004672,2025-02-11 15:00:31,110.4,W,mastercard,debit,yahoo.fr,desktop,MAD
9004887,2025-02-11 15:18:20,371.71,C,visa,debit,menara.ma,mobile,MAD
9000075,2025-02-11 15:20:10,102.82,W,visa,credit,gmail.com,mobile,MAD
9000813,2025-02-11 15:22:43,1139.91,W,mastercard,debit,hotmail.com,,MAD
9004805,2025-02-11 15:35:42,1205.52,C,mastercard,credit,hotmail.com,desktop,MAD
9000932,2025-02-11 15:48:50,428.14,H,visa,debit,hotmail.com,mobile,MAD
9002256,2025-02-11 15:54:20,627.4,R,mastercard,debit,gmail.com,mobile,MAD
9004215,2025-02-11 16:09:18,1060.91,W,mastercard,debit,gmail.com,mobile,MAD
9003268,2025-02-11 16:35:14,100.63,W,visa,debit,menara.ma,mobile,MAD
9000175,2025-02-11 16:36:01,684.07,W,visa,credit,menara.ma,,MAD
9000184,2025-02-11 16:54:20,281.39,W,mastercard,debit,gmail.com,mobile,MAD
9004571,2025-02-11 17:03:05,225.01,S,mastercard,debit,yahoo.fr,,MAD
9000666,2025-02-11 17:05:24,487.34,C,visa,debit,menara.ma,,MAD
9001780,2025-02-11 17:33:57,130.95,S,mastercard,credit,gmail.com,,MAD
9004683,2025-02-11 17:48:44,244.09,S,mastercard,debit,yahoo.fr,mobile,MAD
9002267,2025-02-11 17:55:28,104.89,W,visa,credit,gmail.com,,MAD
9004501,2025-02-11 18:14:23,1238.55,W,visa,debit,hotmail.com,desktop,MAD
9000636,2025-02-11 18:39:33,551.71,W,visa,credit,gmail.com,,MAD
9003221,2025-02-11 18:40:51,403.06,C,mastercard,debit,outlook.com,mobile,MAD
9001733,2025-02-11 18:51:57,363.39,S,visa,debit,hotmail.com,desktop,MAD
9003797,2025-02-11 19:00:40,10555.82,W,visa,debit,gmail.com,mobile,MAD
9002211,2025-02-11 19:38:40,797.51,H,mastercard,debit,gmail.com,,MAD
9000204,2025-02-11 19:59:04,114.01,W,visa,debit,gmail.com,mobile,MAD
9004493,2025-02-11 20:14:32,321.07,R,visa,debit,yahoo.fr,desktop,MAD
9002181,2025-02-11 21:01:22,120.04,W,mastercard,debit,gmail.com,desktop,MAD
9000008,2025-02-11 21:26:37,175.46,S,visa,debit,outlook.com,mobile,MAD
9004870,2025-02-11 21:52:39,387.08,W,visa,credit,menara.ma,desktop,MAD
9000191,2025-02-11 21:56:46,85.72,S,visa,credit,gmail.com,mobile,MAD
9004522,2025-02-11 22:52:57,281.21,W,mastercard,debit,outlook.com,mobile,MAD
9004519,2025-02-12 03:44:12,129.74,W,mastercard,debit,menara.ma,mobile,MAD
9003681,2025-02-12 05:10:50,318.93,W,mastercard,debit,gmail.com,desktop,MAD
9002842,2025-02-12 05:24:37,113.96,W,visa,credit,gmail.com,mobile,MAD
9002707,2025-02-12 06:43:57,318.03,W,visa,debit,hotmail.com,mobile,MAD
9002245,2025-02-12 07:07:46,311.68,R,mastercard,debit,gmail.com,desktop,MAD
9004555,2025-02-12 08:14:33,820.46,C,visa,credit,gmail.com,,MAD
9003135,2025-02-12 08:19:48,384.16,W,visa,credit,gmail.com,,MAD
9002408,2025-02-12 08:20:37,318.02,W,visa,credit,gmail.com,mobile,MAD
9003557,2025-02-12 08:24:14,496.96,W,mastercard,credit,menara.ma,mobile,MAD
9002941,2025-02-12 08:28:31,2014.97,C,visa,debit,gmail.com,,MAD
9003933,2025-02-12 08:59:42,464.74,C,visa,debit,gmail.com,mobile,MAD
9004584,2025-02-12 09:07:15,570.04,C,mastercard,debit,gmail.com,desktop,MAD
9002141,2025-02-12 09:21:01,385.72,W,visa,credit,gmail.com,mobile,MAD
9001064,2025-02-12 09:21:53,275.82,W,visa,debit,menara.ma,mobile,MAD
9001522,2025-02-12 09:22:00,370.21,W,visa,credit,hotmail.com,desktop,MAD
9003068,2025-02-12 09:53:15,614.19,R,mastercard,debit,menara.ma,mobile,MAD
9004533,2025-02-12 09:58:25,466.56,C,visa,credit,gmail.com,desktop,MAD
9001595,2025-02-12 10:02:43,272.45,W,mastercard,debit,gmail.com,desktop,MAD
9002055,2025-02-12 10:14:50,305.15,S,visa,debit,gmail.com,,MAD
9003446,2025-02-12 10:20:01,996.69,W,visa,debit,yahoo.fr,desktop,MAD
9003554,2025-02-12 10:51:21,165.37,S,american express,credit,menara.ma,,MAD
9002799,2025-02-12 10:52:16,357.4,C,visa,debit,yahoo.fr,,MAD
9004165,2025-02-12 10:57:35,263.15,W,visa,debit,hotmail.com,mobile,MAD
9002295,2025-02-12 11:07:48,615.28,C,visa,credit,menara.ma,,MAD
9002820,2025-02-12 11:14:04,270.99,W,visa,debit,yahoo.fr,mobile,MAD
9001045,2025-02-12 11:16:36,1903.35,C,visa,debit,gmail.com,,MAD
9001197,2025-02-12 11:20:59,631.03,W,visa,credit,outlook.com,,MAD
9004419,2025-02-12 11:25:54,800.58,W,visa,debit,hotmail.com,mobile,MAD
9000043,2025-02-12 11:32:28,1048.43,C,visa,credit,gmail.com,desktop,MAD
9000223,2025-02-12 12:03:34,453.93,C,mastercard,debit,gmail.com,desktop,MAD
9000541,2025-02-12 12:26:26,94.32,S,visa,debit,hotmail.com,mobile,MAD
9000110,2025-02-12 12:40:59,1035.21,W,visa,debit,gmail.com,mobile,MAD
9001539,2025-02-12 12:49:12,578.19,H,mastercard,credit,gmail.com,mobile,MAD
9003931,2025-02-12 13:12:01,872.35,R,visa,debit,menara.ma,desktop,MAD
9002155,2025-02-12 13:38:05,150.3,H,visa,credit,yahoo.fr,mobile,MAD
9000086,2025-02-12 13:38:54,234.36,H,mastercard,debit,yahoo.fr,mobile,MAD
9003050,2025-02-12 13:43:22,442.63,W,mastercard,debit,outlook.com,mobile,MAD
9001317,2025-02-12 13:45:31,159.53,W,visa,debit,gmail.com,mobile,MAD
9004287,2025-02-12 13:59:36,621.2,C,visa,credit,yahoo.fr,mobile,MAD
9001276,2025-02-12 14:02:39,295.02,W,visa,debit,gmail.com,mobile,MAD
9003490,2025-02-12 14:22:26,724.12,S,mastercard,credit,gmail.com,mobile,MAD
9003856,2025-02-12 14:26:26,380.73,C,visa,debit,yahoo.fr,desktop,MAD
9002120,2025-02-12 14:52:28,1808.17,W,visa,debit,gmail.com,mobile,MAD
9003105,2025-02-12 15:01:15,213.62,W,visa,debit,hotmail.com,mobile,MAD
9001194,2025-02-12 15:04:38,194.96,C,visa,debit,hotmail.com,desktop,MAD
9004454,2025-02-12 16:14:24,642.0,C,visa,debit,gmail.com,mobile,MAD
9004157,2025-02-12 16:27:16,252.47,H,mastercard,debit,hotmail.com,mobile,MAD
9004214,2025-02-12 16:30:24,235.37,W,visa,credit,gmail.com,,MAD
9000892,2025-02-12 17:15:03,490.2,W,mastercard,debit,gmail.com,mobile,MAD
9000430,2025-02-12 17:16:25,363.75,C,american express,debit,gmail.com,mobile,MAD
9001894,2025-02-12 17:26:02,236.67,H,visa,debit,gmail.com,desktop,MAD
9003870,2025-02-12 17:46:18,554.59,R,mastercard,credit,gmail.com,mobile,MAD
9001348,2025-02-12 18:32:22,3875.99,W,mastercard,debit,menara.ma,desktop,MAD
9000982,2025-02-12 18:33:40,719.18,W,visa,credit,gmail.com,mobile,MAD
9004567,2025-02-12 18:43:29,1141.44,C,mastercard,debit,gmail.com,desktop,MAD
9002353,2025-02-12 19:02:07,883.21,W,visa,credit,menara.ma,desktop,MAD
9004695,2025-02-12 19:28:58,386.19,H,mastercard,debit,yahoo.fr,mobile,MAD
9004575,2025-02-12 19:35:54,933.45,W,mastercard,debit,gmail.com,desktop,MAD
9000906,2025-02-12 19:53:12,322.73,W,visa,debit,menara.ma,mobile,MAD
9001077,2025-02-12 19:56:25,482.25,W,visa,credit,hotmail.com,,MAD
9003005,2025-02-12 20:02:14,365.36,W,mastercard,debit,gmail.com,mobile,MAD
9002774,2025-02-12 20:02:52,129.75,W,mastercard,credit,outlook.com,mobile,MAD
9001600,2025-02-12 20:20:40,743.9,W,visa,credit,hotmail.com,mobile,MAD
9003151,2025-02-12 20:33:59,129.55,H,visa,debit,menara.ma,desktop,MAD
9001041,2025-02-12 20:39:19,120.73,S,visa,debit,gmail.com,,MAD
9004212,2025-02-12 20:56:37,629.14,W,mastercard,debit,menara.ma,mobile,MAD
9004568,2025-02-12 21:13:25,679.03,W,visa,credit,gmail.com,mobile,MAD
9003065,2025-02-12 21:27:41,142.94,W,mastercard,debit,gmail.com,mobile,MAD
9003907,2025-02-12 22:27:52,281.63,W,visa,credit,gmail.com,mobile,MAD
9004600,2025-02-13 01:24:13,61.55,H,visa,debit,gmail.com,mobile,MAD
9001903,2025-02-13 02:35:35,829.96,W,mastercard,credit,menara.ma,mobile,MAD
9002981,2025-02-13 03:06:00,1840.92,W,visa,debit,gmail.com,desktop,MAD
9004141,2025-02-13 03:39:46,793.21,W,mastercard,debit,outlook.com,desktop,MAD
9000676,2025-02-13 05:43:07,537.81,C,visa,credit,hotmail.com,mobile,MAD
9000760,2025-02-13 05:56:54,297.55,R,visa,credit,gmail.com,desktop,MAD
9003400,2025-02-13 06:29:56,282.86,W,visa,debit,hotmail.com,desktop,MAD
9003280,2025-02-13 07:08:44,1214.51,C,visa,debit,gmail.com,mobile,MAD
9002709,2025-02-13 07:23:24,89.02,W,visa,debit,gmail.com,mobile,MAD
9003946,2025-02-13 08:01:09,163.7,H,mastercard,debit,gmail.com,mobile,MAD
9001724,2025-02-13 08:54:03,569.8,W,mastercard,credit,yahoo.fr,mobile,MAD
9000225,2025-02-13 09:05:57,269.17,H,mastercard,debit,yahoo.fr,mobile,MAD
9003641,2025-02-13 09:07:35,928.44,W,visa,debit,gmail.com,desktop,MAD
9002938,2025-02-13 09:54:46,139.22,W,visa,debit,gmail.com,mobile,MAD
9004852,2025-02-13 09:58:18,205.24,H,visa,debit,outlook.com,,MAD
9003715,2025-02-13 10:03:52,455.28,C,visa,credit,gmail.com,,MAD
9002131,2025-02-13 10:27:35,89.61,W,visa,debit,gmail.com,mobile,MAD
9003354,2025-02-13 10:29:15,474.38,H,mastercard,debit,hotmail.com,mobile,MAD
9000015,2025-02-13 10:40:29,122.54,S,mastercard,credit,gmail.com,mobile,MAD
9000212,2025-02-13 10:59:08,346.44,W,visa,debit,gmail.com,,MAD
9000317,2025-02-13 11:10:11,314.17,W,mastercard,debit,menara.ma,mobile,MAD
9001119,2025-02-13 11:34:02,770.16,W,visa,debit,hotmail.com,mobile,MAD
9002018,2025-02-13 11:56:46,375.44,R,visa,debit,hotmail.com,,MAD
9003031,2025-02-13 12:09:11,554.52,W,visa,debit,gmail.com,mobile,MAD
9004686,2025-02-13 12:11:04,99.48,S,mastercard,debit,menara.ma,mobile,MAD
9003999,2025-02-13 12:24:50,437.73,W,visa,credit,gmail.com,desktop,MAD
9002859,2025-02-13 12:42:17,581.09,H,discover,debit,tutanota.com,desktop,MAD
9003836,2025-02-13 12:44:12,271.13,H,visa,debit,yahoo.fr,mobile,MAD
9001641,2025-02-13 12:58:14,296.53,H,visa,debit,hotmail.com,mobile,MAD
9001670,2025-02-13 13:12:45,652.76,C,mastercard,debit,gmail.com,desktop,MAD
9002573,2025-02-13 13:14:06,455.88,C,mastercard,debit,gmail.com,mobile,MAD
9000236,2025-02-13 13:41:05,441.64,W,visa,credit,gmail.com,mobile,MAD
9000731,2025-02-13 13:44:57,295.55,W,visa,debit,yahoo.fr,desktop,MAD
9000174,2025-02-13 14:08:44,120.86,W,visa,debit,gmail.com,mobile,MAD
9002969,2025-02-13 14:29:54,98.97,W,mastercard,debit,menara.ma,,MAD
9001033,2025-02-13 14:30:45,122.12,S,mastercard,debit,gmail.com,mobile,MAD
9003953,2025-02-13 14:43:13,299.37,R,visa,credit,gmail.com,desktop,MAD
9000177,2025-02-13 14:44:23,240.61,W,visa,debit,gmail.com,desktop,MAD
9002087,2025-02-13 14:58:15,4193.9,C,discover,debit,protonmail.com,desktop,MAD
9004904,2025-02-13 14:59:39,582.96,W,visa,credit,gmail.com,mobile,MAD
9000697,2025-02-13 15:27:13,201.13,W,mastercard,debit,yahoo.fr,mobile,MAD
9000793,2025-02-13 15:27:53,445.85,W,visa,debit,yahoo.fr,mobile,MAD
9002268,2025-02-13 15:38:13,107.39,W,mastercard,debit,yahoo.fr,mobile,MAD
9001598,2025-02-13 16:00:08,666.8,W,visa,debit,gmail.com,,MAD
9002691,2025-02-13 16:01:06,257.02,W,mastercard,debit,gmail.com,mobile,MAD
9000318,2025-02-13 16:08:32,730.27,W,mastercard,debit,gmail.com,mobile,MAD
9003093,2025-02-13 16:28:22,741.03,W,visa,debit,yahoo.fr,mobile,MAD
9001332,2025-02-13 16:40:19,97.86,S,visa,credit,hotmail.com,desktop,MAD
9002598,2025-02-13 17:08:08,289.77,W,visa,credit,outlook.com,desktop,MAD
9004690,2025-02-13 17:12:36,785.07,R,visa,credit,gmail.com,,MAD
9001208,2025-02-13 17:43:32,199.41,C,mastercard,debit,menara.ma,mobile,MAD
9003245,2025-02-13 17:47:16,1032.22,W,mastercard,credit,gmail.com,mobile,MAD
9000727,2025-02-13 17:53:49,435.93,H,mastercard,debit,gmail.com,mobile,MAD
9004946,2025-02-13 17:59:03,627.83,W,visa,debit,hotmail.com,mobile,MAD
9004594,2025-02-13 18:01:03,495.2,R,mastercard,debit,yahoo.fr,,MAD
9000774,2025-02-13 18:17:52,276.31,C,mastercard,credit,gmail.com,mobile,MAD
9002019,2025-02-13 18:30:53,387.57,C,mastercard,debit,yahoo.fr,mobile,MAD
9004421,2025-02-13 18:34:41,132.2,S,visa,credit,gmail.com,desktop,MAD
9004538,2025-02-13 18:41:36,145.39,S,mastercard,debit,outlook.com,desktop,MAD
9004414,2025-02-13 18:45:18,533.2,H,mastercard,debit,outlook.com,,MAD
9002067,2025-02-13 18:58:24,287.31,W,visa,credit,hotmail.com,mobile,MAD
9002064,2025-02-13 19:02:16,207.89,H,visa,credit,gmail.com,mobile,MAD
9000713,2025-02-13 19:18:52,316.11,W,visa,debit,hotmail.com,desktop,MAD
9001675,2025-02-13 19:22:11,421.47,W,visa,debit,yahoo.fr,,MAD
9001218,2025-02-13 19:36:03,557.02,W,visa,debit,gmail.com,,MAD
9004121,2025-02-13 19:37:26,702.68,W,mastercard,debit,menara.ma,desktop,MAD
9001750,2025-02-13 19:38:08,53.95,H,visa,debit,hotmail.com,desktop,MAD
9004864,2025-02-13 19:40:50,604.44,W,visa,debit,gmail.com,mobile,MAD
9000461,2025-02-13 19:46:58,257.95,S,visa,debit,hotmail.com,mobile,MAD
9001137,2025-02-13 19:51:15,43.86,R,visa,credit,hotmail.com,mobile,MAD
9001879,2025-02-13 20:11:11,241.6,W,visa,debit,gmail.com,mobile,MAD
9001785,2025-02-13 20:21:52,598.01,C,visa,debit,hotmail.com,mobile,MAD
9004133,2025-02-13 20:26:46,194.2,R,visa,debit,gmail.com,desktop,MAD
9002793,2025-02-13 20:34:02,563.8,W,visa,credit,outlook.com,mobile,MAD
9003939,2025-02-13 20:35:36,1077.43,C,visa,debit,hotmail.com,mobile,MAD
9002855,2025-02-13 20:43:24,164.62,S,mastercard,credit,gmail.com,mobile,MAD
9004178,2025-02-13 20:46:24,996.38,H,mastercard,debit,menara.ma,,MAD
9002985,2025-02-13 20:49:44,761.59,W,visa,debit,gmail.com,,MAD
9004941,2025-02-13 20:52:07,401.4,C,mastercard,debit,hotmail.com,mobile,MAD
9003731,2025-02-13 21:02:06,1047.75,C,visa,debit,menara.ma,desktop,MAD
9003934,2025-02-13 21:12:04,219.26,W,visa,credit,outlook.com,desktop,MAD
9004386,2025-02-13 21:44:08,264.87,C,mastercard,debit,gmail.com,mobile,MAD
9000737,2025-02-13 21:50:33,528.72,W,visa,debit,gmail.com,desktop,MAD
9000681,2025-02-13 21:55:27,77.66,W,visa,credit,yahoo.fr,mobile,MAD
9003047,2025-02-13 22:26:01,823.66,C,visa,debit,gmail.com,mobile,MAD
9000395,2025-02-13 23:40:14,318.13,C,mastercard,debit,hotmail.com,desktop,MAD
9001722,2025-02-14 01:10:18,337.09,W,american express,debit,gmail.com,desktop,MAD
9003362,2025-02-14 04:25:37,546.38,W,mastercard,credit,menara.ma,desktop,MAD
9003472,2025-02-14 05:18:18,889.12,H,mastercard,debit,hotmail.com,mobile,MAD
9002638,2025-02-14 05:46:32,189.35,H,mastercard,credit,gmail.com,mobile,MAD
9002965,2025-02-14 06:19:28,712.7,W,visa,credit,gmail.com,mobile,MAD
9000757,2025-02-14 07:02:17,263.87,R,mastercard,credit,yahoo.fr,mobile,MAD
9001281,2025-02-14 07:09:50,322.48,W,visa,credit,outlook.com,mobile,MAD
9001591,2025-02-14 07:47:34,215.85,W,mastercard,debit,gmail.com,mobile,MAD
9000463,2025-02-14 07:51:10,1385.24,W,visa,debit,gmail.com,mobile,MAD
9000391,2025-02-14 08:17:59,565.44,C,visa,credit,gmail.com,desktop,MAD
9000013,2025-02-14 08:21:44,197.74,W,mastercard,debit,gmail.com,mobile,MAD
9003076,2025-02-14 08:33:38,846.72,R,visa,debit,hotmail.com,desktop,MAD
9001714,2025-02-14 08:40:28,764.71,W,visa,debit,hotmail.com,mobile,MAD
9001966,2025-02-14 08:49:37,214.15,W,visa,debit,gmail.com,mobile,MAD
9002125,2025-02-14 08:57:16,351.86,S,mastercard,debit,hotmail.com,mobile,MAD
9003930,2025-02-14 08:58:32,601.55,C,visa,debit,gmail.com,desktop,MAD
9003183,2025-02-14 09:02:04,194.74,W,visa,debit,yahoo.fr,mobile,MAD
9000432,2025-02-14 09:02:43,436.51,C,visa,debit,hotmail.com,desktop,MAD
9002403,2025-02-14 09:13:24,489.18,C,mastercard,debit,outlook.com,mobile,MAD
9003388,2025-02-14 09:15:30,181.02,R,visa,debit,gmail.com,mobile,MAD
9003028,2025-02-14 09:17:57,821.19,W,mastercard,debit,gmail.com,desktop,MAD
9001899,2025-02-14 09:19:41,180.5,W,mastercard,credit,menara.ma,mobile,MAD
9004091,2025-02-14 10:02:19,893.26,W,visa,debit,gmail.com,mobile,MAD
9001861,2025-02-14 10:10:33,1894.2,S,visa,debit,yahoo.fr,mobile,MAD
9001349,2025-02-14 10:11:37,128.84,W,mastercard,debit,yahoo.fr,mobile,MAD
9003466,2025-02-14 10:35:49,342.78,W,visa,debit,gmail.com,mobile,MAD
9000377,2025-02-14 10:39:49,520.67,C,mastercard,debit,gmail.com,mobile,MAD
9003167,2025-02-14 10:53:46,242.81,W,visa,debit,gmail.com,mobile,MAD
9003014,2025-02-14 11:07:05,400.77,W,mastercard,debit,outlook.com,desktop,MAD
9004997,2025-02-14 11:09:46,493.21,C,visa,debit,gmail.com,mobile,MAD
9003626,2025-02-14 11:15:14,720.05,C,mastercard,debit,yahoo.fr,desktop,MAD
9002172,2025-02-14 11:21:42,337.97,R,mastercard,debit,gmail.com,desktop,MAD
9003366,2025-02-14 11:24:03,302.39,W,visa,debit,gmail.com,mobile,MAD
9004647,2025-02-14 11:41:49,533.5,W,visa,debit,gmail.com,desktop,MAD
9002115,2025-02-14 11:52:24,677.38,C,visa,debit,gmail.com,,MAD
9004815,2025-02-14 11:59:59,535.13,W,mastercard,debit,gmail.com,mobile,MAD
9004445,2025-02-14 12:01:43,1452.64,C,mastercard,debit,gmail.com,mobile,MAD
9003267,2025-02-14 12:07:16,648.58,C,mastercard,debit,gmail.com,mobile,MAD
9000378,2025-02-14 12:22:26,711.12,W,mastercard,credit,yahoo.fr,desktop,MAD
9000739,2025-02-14 12:41:06,177.26,H,visa,debit,gmail.com,mobile,MAD
9004279,2025-02-14 12:47:30,668.41,C,mastercard,credit,yahoo.fr,,MAD
9003252,2025-02-14 12:57:30,168.88,W,visa,credit,gmail.com,desktop,MAD
9001573,2025-02-14 13:08:42,126.57,W,mastercard,debit,gmail.com,mobile,MAD
9003541,2025-02-14 13:15:01,1065.25,W,discover,credit,tutanota.com,desktop,MAD
9003680,2025-02-14 13:18:43,232.17,W,visa,credit,outlook.com,mobile,MAD
9002344,2025-02-14 13:20:58,333.88,R,mastercard,credit,gmail.com,,MAD
9000631,2025-02-14 13:32:42,260.89,W,visa,debit,gmail.com,mobile,MAD
9000059,2025-02-14 13:54:00,291.73,H,visa,debit,gmail.com,mobile,MAD
9002325,2025-02-14 13:55:27,223.09,W,visa,debit,gmail.com,desktop,MAD
9000360,2025-02-14 13:58:22,140.05,H,mastercard,debit,yahoo.fr,mobile,MAD
9003849,2025-02-14 14:17:04,169.06,R,mastercard,credit,hotmail.com,mobile,MAD
9002044,2025-02-14 14:21:56,644.32,W,mastercard,debit,hotmail.com,desktop,MAD
9000471,2025-02-14 14:31:49,817.21,W,visa,credit,menara.ma,desktop,MAD
9001394,2025-02-14 14:37:29,452.21,W,visa,debit,gmail.com,mobile,MAD
9004669,2025-02-14 15:01:28,174.41,W,visa,debit,gmail.com,mobile,MAD
9003020,2025-02-14 15:01:56,425.38,W,visa,credit,gmail.com,mobile,MAD
9004470,2025-02-14 15:04:37,214.65,S,visa,debit,gmail.com,desktop,MAD
9003473,2025-02-14 15:20:35,342.03,W,visa,debit,gmail.com,mobile,MAD
9004307,2025-02-14 15:30:16,202.66,W,visa,credit,gmail.com,mobile,MAD
9001002,2025-02-14 15:33:33,227.22,W,visa,debit,menara.ma,desktop,MAD
9001234,2025-02-14 15:34:56,271.97,R,mastercard,credit,yahoo.fr,desktop,MAD
9004069,2025-02-14 16:04:53,682.09,C,mastercard,debit,hotmail.com,mobile,MAD
9004202,2025-02-14 16:31:45,980.58,R,visa,credit,yahoo.fr,mobile,MAD
9004705,2025-02-14 16:36:27,1165.39,W,discover,debit,tutanota.com,desktop,MAD
9000557,2025-02-14 16:39:48,354.11,W,mastercard,credit,outlook.com,mobile,MAD
9004932,2025-02-14 17:00:36,433.85,W,american express,credit,gmail.com,mobile,MAD
9004778,2025-02-14 17:02:21,489.85,W,mastercard,credit,gmail.com,,MAD
9000062,2025-02-14 17:06:39,144.48,W,mastercard,debit,gmail.com,,MAD
9000886,2025-02-14 17:41:16,348.81,W,visa,debit,yahoo.fr,desktop,MAD
9001602,2025-02-14 17:42:17,405.01,W,visa,debit,gmail.com,,MAD
9001009,2025-02-14 17:48:04,625.71,W,visa,debit,gmail.com,desktop,MAD
9000895,2025-02-14 18:00:42,130.62,C,mastercard,debit,hotmail.com,mobile,MAD
9003263,2025-02-14 18:02:33,561.98,W,visa,debit,gmail.com,desktop,MAD
9003195,2025-02-14 18:07:01,167.35,W,mastercard,credit,outlook.com,desktop,MAD
9003958,2025-02-14 18:19:17,784.62,W,visa,credit,gmail.com,desktop,MAD
9003650,2025-02-14 18:28:11,223.2,W,mastercard,debit,gmail.com,mobile,MAD
9001845,2025-02-14 18:31:37,366.97,W,visa,debit,outlook.com,mobile,MAD
9001860,2025-02-14 18:35:32,410.33,W,visa,debit,gmail.com,mobile,MAD
9002058,2025-02-14 18:44:55,140.29,R,visa,debit,gmail.com,mobile,MAD
9000805,2025-02-14 18:47:47,471.02,C,mastercard,debit,hotmail.com,mobile,MAD
9003851,2025-02-14 18:57:05,424.1,W,mastercard,credit,gmail.com,desktop,MAD
9002057,2025-02-14 18:57:05,1663.07,W,mastercard,debit,menara.ma,mobile,MAD
9002400,2025-02-14 19:06:46,426.87,C,visa,credit,menara.ma,mobile,MAD
9001139,2025-02-14 19:15:44,309.94,W,visa,credit,gmail.com,mobile,MAD
9001282,2025-02-14 19:16:57,780.38,C,visa,credit,gmail.com,desktop,MAD
9001742,2025-02-14 19:25:18,584.46,W,mastercard,credit,gmail.com,mobile,MAD
9001036,2025-02-14 19:42:35,190.07,R,visa,debit,gmail.com,mobile,MAD
9003768,2025-02-14 19:55:40,989.47,W,visa,debit,gmail.com,mobile,MAD
9003229,2025-02-14 20:03:51,503.54,W,visa,debit,gmail.com,desktop,MAD
9000215,2025-02-14 20:08:23,458.42,H,visa,credit,gmail.com,mobile,MAD
9001449,2025-02-14 20:12:11,861.45,C,mastercard,debit,gmail.com,mobile,MAD
9004193,2025-02-14 20:13:46,310.85,H,visa,debit,hotmail.com,,MAD
9002987,2025-02-14 20:47:14,126.88,R,visa,debit,gmail.com,mobile,MAD
9000512,2025-02-14 20:54:32,309.22,H,visa,credit,menara.ma,,MAD
9001232,2025-02-14 20:56:15,228.46,S,visa,debit,hotmail.com,mobile,MAD
9000878,2025-02-14 21:12:53,318.41,W,mastercard,debit,gmail.com,mobile,MAD
9003494,2025-02-14 21:28:15,459.39,W,mastercard,debit,menara.ma,mobile,MAD
9001513,2025-02-14 21:32:10,256.55,C,mastercard,credit,gmail.com,,MAD
9002294,2025-02-14 21:41:05,492.8,C,mastercard,debit,hotmail.com,desktop,MAD
9000603,2025-02-14 22:38:29,453.03,R,visa,debit,gmail.com,mobile,MAD
9004339,2025-02-14 22:48:23,339.31,W,mastercard,debit,gmail.com,mobile,MAD
9000662,2025-02-14 22:58:01,247.53,H,visa,debit,gmail.com,desktop,MAD
9002043,2025-02-14 23:14:37,297.09,S,visa,debit,gmail.com,desktop,MAD
9003053,2025-02-15 00:20:00,1318.04,W,mastercard,credit,gmail.com,mobile,MAD
9001301,2025-02-15 02:35:59,258.59,W,american express,debit,gmail.com,mobile,MAD
9001667,2025-02-15 02:42:09,207.72,H,visa,debit,hotmail.com,desktop,MAD
9003582,2025-02-15 04:24:18,379.68,W,visa,credit,menara.ma,desktop,MAD
9004337,2025-02-15 06:22:40,202.2,W,mastercard,debit,gmail.com,mobile,MAD
9000657,2025-02-15 06:24:09,698.24,C,visa,credit,gmail.com,,MAD
9004604,2025-02-15 06:36:27,72.84,S,visa,debit,gmail.com,desktop,MAD
9003187,2025-02-15 06:57:01,1011.97,W,visa,credit,gmail.com,mobile,MAD
9003585,2025-02-15 07:48:07,243.9,W,visa,debit,hotmail.com,,MAD
9003784,2025-02-15 07:50:41,1545.29,W,mastercard,debit,gmail.com,desktop,MAD
9000014,2025-02-15 07:57:52,309.85,W,visa,debit,yahoo.fr,mobile,MAD
9004534,2025-02-15 08:15:00,171.95,W,visa,debit,gmail.com,mobile,MAD
9002176,2025-02-15 08:26:16,587.57,W,visa,debit,gmail.com,desktop,MAD
9004784,2025-02-15 08:30:13,439.15,H,mastercard,debit,gmail.com,desktop,MAD
9000489,2025-02-15 09:13:17,152.84,S,visa,credit,gmail.com,mobile,MAD
9000423,2025-02-15 09:22:14,374.47,W,mastercard,debit,yahoo.fr,desktop,MAD
9004733,2025-02-15 09:34:32,327.34,W,visa,debit,hotmail.com,mobile,MAD
9000247,2025-02-15 09:40:39,727.42,W,visa,credit,hotmail.com,mobile,MAD
9002422,2025-02-15 09:43:07,530.97,W,mastercard,debit,gmail.com,,MAD
9001995,2025-02-15 10:08:36,245.46,W,mastercard,credit,gmail.com,desktop,MAD
9003991,2025-02-15 10:08:55,529.29,H,visa,credit,gmail.com,mobile,MAD
9003634,2025-02-15 10:53:12,137.3,W,visa,debit,outlook.com,mobile,MAD
9001984,2025-02-15 10:55:54,1046.82,W,mastercard,credit,yahoo.fr,mobile,MAD
9000493,2025-02-15 11:00:13,442.69,S,visa,credit,outlook.com,mobile,MAD
9002281,2025-02-15 11:07:48,604.96,W,visa,debit,gmail.com,mobile,MAD
9002174,2025-02-15 11:08:24,457.26,C,visa,debit,gmail.com,desktop,MAD
9003569,2025-02-15 11:11:39,240.19,W,mastercard,debit,yahoo.fr,mobile,MAD
9000234,2025-02-15 11:17:37,126.26,W,visa,debit,gmail.com,,MAD
9004845,2025-02-15 11:33:04,615.22,W,mastercard,debit,yahoo.fr,mobile,MAD
9003708,2025-02-15 11:43:36,524.9,W,visa,credit,hotmail.com,mobile,MAD
9002099,2025-02-15 11:44:19,839.48,R,visa,credit,hotmail.com,mobile,MAD
9001073,2025-02-15 11:46:34,912.28,R,visa,debit,gmail.com,mobile,MAD
9001674,2025-02-15 11:49:40,134.11,H,american express,debit,gmail.com,desktop,MAD
9000128,2025-02-15 12:26:23,403.81,S,visa,credit,gmail.com,,MAD
9004880,2025-02-15 12:42:22,111.36,H,mastercard,debit,gmail.com,desktop,MAD
9000042,2025-02-15 13:03:32,166.2,W,visa,credit,outlook.com,,MAD
9001134,2025-02-15 13:07:38,165.06,S,visa,debit,hotmail.com,mobile,MAD
9002606,2025-02-15 13:07:40,410.89,H,visa,debit,gmail.com,desktop,MAD
9003133,2025-02-15 13:16:12,173.25,W,visa,debit,gmail.com,mobile,MAD
9004576,2025-02-15 13:22:32,743.68,W,visa,debit,hotmail.com,mobile,MAD
9004065,2025-02-15 13:29:52,203.42,W,visa,debit,gmail.com,mobile,MAD
9004423,2025-02-15 13:30:03,298.25,W,discover,credit,protonmail.com,desktop,MAD
9003615,2025-02-15 13:33:44,432.51,R,visa,credit,gmail.com,mobile,MAD
9004806,2025-02-15 13:42:45,95.33,H,mastercard,debit,gmail.com,desktop,MAD
9004315,2025-02-15 14:27:29,70.33,S,visa,debit,yahoo.fr,mobile,MAD
9000742,2025-02-15 15:02:00,249.71,H,mastercard,credit,gmail.com,mobile,MAD
9000051,2025-02-15 15:07:29,942.13,W,mastercard,debit,gmail.com,mobile,MAD
9003723,2025-02-15 15:09:15,191.19,C,visa,debit,gmail.com,mobile,MAD
9004841,2025-02-15 15:29:31,658.74,W,visa,debit,gmail.com,desktop,MAD
9004846,2025-02-15 15:35:41,201.74,W,mastercard,credit,gmail.com,mobile,MAD
9004278,2025-02-15 15:36:37,837.83,W,visa,credit,gmail.com,,MAD
9001822,2025-02-15 15:41:08,1034.28,W,visa,debit,yahoo.fr,mobile,MAD
9003457,2025-02-15 15:47:15,542.72,W,visa,debit,gmail.com,mobile,MAD
9001790,2025-02-15 16:03:39,361.6,W,visa,credit,gmail.com,mobile,MAD
9000714,2025-02-15 16:11:48,285.11,W,visa,debit,hotmail.com,desktop,MAD
9004559,2025-02-15 16:19:03,509.36,W,visa,credit,gmail.com,mobile,MAD
9003096,2025-02-15 16:24:31,444.18,W,mastercard,debit,yahoo.fr,mobile,MAD
9003048,2025-02-15 16:29:07,938.62,C,mastercard,debit,gmail.com,mobile,MAD
9001868,2025-02-15 16:38:43,141.83,H,visa,credit,gmail.com,,MAD
9003145,2025-02-15 16:40:43,468.37,W,visa,debit,gmail.com,desktop,MAD
9004636,2025-02-15 17:00:19,770.23,C,visa,debit,gmail.com,,MAD
9003992,2025-02-15 17:09:38,232.02,W,visa,debit,hotmail.com,desktop,MAD
9001204,2025-02-15 17:10:46,600.14,W,visa,debit,menara.ma,desktop,MAD
9002348,2025-02-15 17:10:56,143.22,W,visa,debit,gmail.com,mobile,MAD
9004860,2025-02-15 17:30:30,221.64,W,mastercard,debit,hotmail.com,desktop,MAD
9002365,2025-02-15 17:37:05,423.89,S,mastercard,debit,gmail.com,mobile,MAD
9004264,2025-02-15 17:58:07,409.54,W,visa,debit,gmail.com,mobile,MAD
9002514,2025-02-15 18:16:11,434.18,H,visa,credit,hotmail.com,,MAD
9002049,2025-02-15 18:21:40,1510.61,W,american express,debit,yahoo.fr,mobile,MAD
9002429,2025-02-15 18:23:08,208.47,S,mastercard,debit,gmail.com,mobile,MAD
9002503,2025-02-15 18:27:19,745.96,W,visa,credit,gmail.com,desktop,MAD
9002352,2025-02-15 18:43:44,224.45,W,visa,debit,gmail.com,mobile,MAD
9003906,2025-02-15 18:48:03,145.16,S,visa,debit,gmail.com,desktop,MAD
9004289,2025-02-15 18:53:44,77.64,W,mastercard,debit,outlook.com,mobile,MAD
9003112,2025-02-15 18:55:41,203.92,W,mastercard,credit,outlook.com,desktop,MAD
9001275,2025-02-15 19:04:55,334.66,W,visa,credit,hotmail.com,mobile,MAD
9004053,2025-02-15 19:06:13,187.04,S,visa,debit,gmail.com,mobile,MAD
9002605,2025-02-15 19:44:20,128.23,W,mastercard,credit,gmail.com,desktop,MAD
9002943,2025-02-15 19:51:22,1189.69,C,mastercard,debit,gmail.com,mobile,MAD
9004239,2025-02-15 19:55:18,364.57,C,mastercard,credit,yahoo.fr,mobile,MAD
9003346,2025-02-15 20:01:29,449.41,R,mastercard,debit,yahoo.fr,mobile,MAD
9002362,2025-02-15 20:08:08,486.48,W,visa,debit,yahoo.fr,mobile,MAD
9004747,2025-02-15 20:15:28,334.21,W,visa,debit,yahoo.fr,,MAD
9004629,2025-02-15 20:20:16,188.09,H,visa,credit,yahoo.fr,,MAD
9000207,2025-02-15 20:25:03,1255.68,W,discover,debit,tutanota.com,desktop,MAD
9001098,2025-02-15 20:32:58,361.68,C,mastercard,credit,hotmail.com,mobile,MAD
9002107,2025-02-15 20:34:16,61221.07,C,visa,debit,yahoo.fr,mobile,MAD
9002843,2025-02-15 20:39:59,100.92,S,visa,debit,gmail.com,mobile,MAD
9001378,2025-02-15 21:37:26,303.51,W,visa,credit,yahoo.fr,,MAD
9004043,2025-02-15 21:50:38,185.39,H,visa,credit,gmail.com,,MAD
9004772,2025-02-15 21:51:57,559.34,H,mastercard,credit,hotmail.com,,MAD
9004080,2025-02-15 22:05:19,829.46,C,visa,credit,gmail.com,mobile,MAD
9001065,2025-02-15 22:08:38,535.18,W,visa,debit,yahoo.fr,mobile,MAD
9001671,2025-02-15 22:17:04,712.17,W,visa,debit,hotmail.com,mobile,MAD
9004546,2025-02-15 22:43:17,223.01,C,visa,credit,gmail.com,mobile,MAD
9003700,2025-02-15 23:01:21,103.01,W,mastercard,credit,yahoo.fr,mobile,MAD
9002783,2025-02-15 23:04:52,539.2,C,visa,debit,hotmail.com,mobile,MAD
9004899,2025-02-15 23:11:59,322.09,W,visa,debit,yahoo.fr,mobile,MAD
9003282,2025-02-15 23:26:07,739.35,W,mastercard,debit,hotmail.com,mobile,MAD
9002603,2025-02-16 03:57:03,327.94,R,visa,debit,hotmail.com,mobile,MAD
9000370,2025-02-16 05:01:25,78.57,S,visa,debit,gmail.com,mobile,MAD
9000806,2025-02-16 05:56:42,167.96,C,mastercard,debit,gmail.com,mobile,MAD
9003223,2025-02-16 06:00:42,576.42,C,mastercard,debit,gmail.com,mobile,MAD
9003203,2025-02-16 06:59:04,57.22,W,visa,debit,gmail.com,mobile,MAD
9000734,2025-02-16 07:01:02,187.04,S,mastercard,credit,gmail.com,desktop,MAD
9001691,2025-02-16 07:12:37,679.97,W,mastercard,credit,gmail.com,mobile,MAD
9001278,2025-02-16 07:46:11,578.88,W,visa,credit,gmail.com,mobile,MAD
9001441,2025-02-16 07:56:55,311.16,W,visa,credit,gmail.com,mobile,MAD
9002988,2025-02-16 08:21:55,376.59,W,visa,debit,gmail.com,mobile,MAD
9001914,2025-02-16 08:57:07,460.03,W,visa,credit,gmail.com,mobile,MAD
9004349,2025-02-16 09:04:23,138.92,S,visa,credit,menara.ma,mobile,MAD
9000602,2025-02-16 09:11:42,677.84,H,visa,credit,gmail.com,mobile,MAD
9004298,2025-02-16 09:12:00,679.04,W,visa,credit,gmail.com,desktop,MAD
9001775,2025-02-16 09:18:41,296.08,W,american express,credit,gmail.com,desktop,MAD
9001825,2025-02-16 09:21:31,216.59,C,visa,credit,gmail.com,mobile,MAD
9001242,2025-02-16 09:22:34,2485.96,W,mastercard,debit,yahoo.fr,,MAD
9004709,2025-02-16 09:28:21,195.72,W,visa,credit,gmail.com,mobile,MAD
9003326,2025-02-16 09:40:43,186.81,C,visa,credit,gmail.com,mobile,MAD
9003001,2025-02-16 09:43:37,849.51,W,mastercard,credit,gmail.com,desktop,MAD
9003247,2025-02-16 09:59:01,202.25,S,mastercard,credit,hotmail.com,,MAD
9000766,2025-02-16 10:19:45,540.47,W,visa,debit,hotmail.com,mobile,MAD
9002212,2025-02-16 10:25:08,122.52,W,visa,debit,hotmail.com,mobile,MAD
9003387,2025-02-16 10:38:09,331.71,W,mastercard,debit,hotmail.com,,MAD
9003432,2025-02-16 10:44:38,303.99,W,mastercard,debit,hotmail.com,mobile,MAD
9002121,2025-02-16 10:53:48,573.97,W,visa,debit,gmail.com,mobile,MAD
9003627,2025-02-16 10:54:41,519.87,H,visa,credit,menara.ma,mobile,MAD
9000690,2025-02-16 11:06:25,90.44,S,visa,debit,hotmail.com,mobile,MAD
9000050,2025-02-16 11:11:21,632.85,H,visa,debit,hotmail.com,mobile,MAD
9003565,2025-02-16 11:26:49,170.71,C,mastercard,debit,gmail.com,desktop,MAD
9004429,2025-02-16 11:40:41,646.14,W,mastercard,debit,outlook.com,mobile,MAD
9001611,2025-02-16 11:49:59,692.12,W,visa,debit,hotmail.com,mobile,MAD
9000815,2025-02-16 11:57:12,340.64,W,visa,credit,menara.ma,desktop,MAD
9000173,2025-02-16 12:01:32,245.56,R,visa,debit,yahoo.fr,,MAD
9000836,2025-02-16 12:03:03,111.12,W,mastercard,credit,gmail.com,,MAD
9000598,2025-02-16 12:22:46,1175.33,W,mastercard,debit,yahoo.fr,desktop,MAD
9001148,2025-02-16 12:26:56,702.43,W,visa,debit,menara.ma,mobile,MAD
9003678,2025-02-16 12:34:42,177.41,W,visa,debit,menara.ma,,MAD
9003866,2025-02-16 12:35:08,204.21,W,visa,debit,gmail.com,mobile,MAD
9004276,2025-02-16 12:48:31,423.02,H,visa,credit,menara.ma,,MAD
9002858,2025-02-16 13:22:47,496.51,W,visa,debit,gmail.com,mobile,MAD
9001498,2025-02-16 13:23:28,256.05,S,visa,credit,hotmail.com,mobile,MAD
9000089,2025-02-16 13:28:39,930.62,W,visa,credit,yahoo.fr,desktop,MAD
9004953,2025-02-16 13:30:54,628.98,W,visa,debit,hotmail.com,,MAD
9001870,2025-02-16 13:45:47,524.54,W,visa,debit,gmail.com,,MAD
9004974,2025-02-16 13:49:55,231.5,R,visa,debit,yahoo.fr,mobile,MAD
9004225,2025-02-16 13:52:45,497.98,W,discover,debit,tutanota.com,desktop,MAD
9001469,2025-02-16 13:54:56,258.08,H,mastercard,debit,gmail.com,mobile,MAD
9002922,2025-02-16 14:14:37,237.66,S,visa,credit,hotmail.com,mobile,MAD
9000278,2025-02-16 14:34:21,253.95,W,american express,debit,gmail.com,mobile,MAD
9004286,2025-02-16 14:53:41,502.5,W,visa,credit,yahoo.fr,mobile,MAD
9001313,2025-02-16 15:15:05,1609.7,C,visa,debit,menara.ma,desktop,MAD
9004072,2025-02-16 15:21:17,432.64,C,visa,debit,yahoo.fr,,MAD
9002320,2025-02-16 15:25:32,592.68,R,visa,debit,yahoo.fr,mobile,MAD
9004504,2025-02-16 15:53:30,278.95,R,visa,credit,gmail.com,,MAD
9002447,2025-02-16 16:17:35,175.85,C,visa,debit,hotmail.com,desktop,MAD
9000864,2025-02-16 16:33:26,472.13,W,visa,debit,gmail.com,mobile,MAD
9000107,2025-02-16 16:37:56,514.93,W,mastercard,debit,gmail.com,mobile,MAD
9004915,2025-02-16 17:12:40,611.92,W,visa,debit,outlook.com,desktop,MAD
9000002,2025-02-16 17:30:05,962.72,H,visa,credit,outlook.com,,MAD
9002449,2025-02-16 17:40:32,642.32,H,mastercard,debit,gmail.com,mobile,MAD
9000911,2025-02-16 17:48:51,93.69,H,american express,debit,outlook.com,mobile,MAD
9000210,2025-02-16 17:53:50,272.44,W,mastercard,credit,yahoo.fr,mobile,MAD
9003480,2025-02-16 17:57:39,381.76,S,visa,debit,gmail.com,desktop,MAD
9001061,2025-02-16 18:00:59,475.83,W,visa,debit,hotmail.com,mobile,MAD
9001212,2025-02-16 18:01:34,299.84,H,visa,credit,outlook.com,,MAD
9004306,2025-02-16 18:09:46,687.94,W,mastercard,debit,hotmail.com,mobile,MAD
9004083,2025-02-16 18:52:22,320.2,W,visa,debit,gmail.com,mobile,MAD
9001339,2025-02-16 19:09:36,649.91,W,mastercard,debit,gmail.com,mobile,MAD
9002937,2025-02-16 19:43:17,305.67,W,visa,debit,menara.ma,mobile,MAD
9003350,2025-02-16 19:54:09,165.46,H,visa,debit,yahoo.fr,desktop,MAD
9000112,2025-02-16 19:55:10,404.88,W,mastercard,debit,hotmail.com,,MAD
9000645,2025-02-16 19:55:54,396.6,C,visa,credit,hotmail.com,mobile,MAD
9003429,2025-02-16 20:06:43,596.44,W,visa,debit,gmail.com,mobile,MAD
9002995,2025-02-16 20:17:35,329.46,H,visa,debit,gmail.com,mobile,MAD
9003224,2025-02-16 20:21:53,498.77,W,mastercard,credit,yahoo.fr,mobile,MAD
9001726,2025-02-16 20:29:04,1753.51,W,mastercard,debit,gmail.com,mobile,MAD
9003226,2025-02-16 20:29:51,137.73,W,mastercard,debit,gmail.com,desktop,MAD
9003074,2025-02-16 20:54:02,612.77,W,visa,debit,gmail.com,,MAD
9002662,2025-02-16 21:03:51,3191.87,W,visa,credit,gmail.com,mobile,MAD
9000402,2025-02-16 21:09:36,638.32,W,visa,credit,yahoo.fr,desktop,MAD
9000025,2025-02-16 21:18:30,180.38,W,visa,debit,outlook.com,mobile,MAD
9003847,2025-02-16 21:24:18,313.44,H,visa,debit,gmail.com,mobile,MAD
9000320,2025-02-16 21:33:03,338.11,W,visa,debit,menara.ma,desktop,MAD
9003157,2025-02-16 21:44:53,219.63,W,mastercard,debit,gmail.com,mobile,MAD
9001558,2025-02-16 21:55:32,222.99,S,visa,credit,yahoo.fr,mobile,MAD
9001058,2025-02-16 21:57:43,283.49,W,mastercard,debit,menara.ma,desktop,MAD
9002575,2025-02-16 22:04:56,772.9,C,mastercard,debit,yahoo.fr,desktop,MAD
9002096,2025-02-16 22:33:03,188.13,W,mastercard,debit,gmail.com,mobile,MAD
9001731,2025-02-16 22:53:43,1119.93,R,mastercard,debit,gmail.com,desktop,MAD
9003544,2025-02-16 23:45:24,181.56,W,visa,debit,gmail.com,mobile,MAD
9000261,2025-02-17 00:50:00,1849.05,R,visa,credit,gmail.com,mobile,MAD
9004125,2025-02-17 01:32:01,231.49,C,visa,credit,yahoo.fr,desktop,MAD
9003422,2025-02-17 01:56:43,308.29,H,visa,debit,gmail.com,desktop,MAD
9000071,2025-02-17 02:43:51,278.62,W,visa,debit,yahoo.fr,desktop,MAD
9000692,2025-02-17 03:16:35,823.76,W,mastercard,debit,hotmail.com,desktop,MAD
9000105,2025-02-17 04:40:06,217.31,C,mastercard,credit,yahoo.fr,mobile,MAD
9004099,2025-02-17 07:30:44,289.09,S,visa,credit,menara.ma,mobile,MAD
9000106,2025-02-17 08:17:53,1231.91,W,mastercard,credit,hotmail.com,desktop,MAD
9000725,2025-02-17 08:41:59,476.27,S,visa,credit,menara.ma,mobile,MAD
9002005,2025-02-17 08:47:37,469.26,W,visa,debit,outlook.com,desktop,MAD
9000745,2025-02-17 08:59:56,269.11,H,visa,debit,gmail.com,mobile,MAD
9003752,2025-02-17 09:13:02,448.07,W,mastercard,debit,gmail.com,mobile,MAD
9002809,2025-02-17 09:20:11,430.95,S,visa,debit,gmail.com,mobile,MAD
9002702,2025-02-17 09:23:27,174.47,H,mastercard,credit,gmail.com,mobile,MAD
9001736,2025-02-17 09:45:25,331.21,R,mastercard,debit,gmail.com,mobile,MAD
9004084,2025-02-17 09:57:14,564.48,W,visa,debit,yahoo.fr,mobile,MAD
9003967,2025-02-17 10:07:19,388.46,W,visa,debit,yahoo.fr,desktop,MAD
9000160,2025-02-17 10:22:01,170.35,H,mastercard,credit,gmail.com,mobile,MAD
9003382,2025-02-17 10:27:50,886.97,W,visa,credit,gmail.com,,MAD
9002547,2025-02-17 10:29:37,629.02,R,visa,debit,yahoo.fr,mobile,MAD
9000559,2025-02-17 10:31:35,370.44,H,visa,debit,hotmail.com,desktop,MAD
9000213,2025-02-17 10:41:21,614.83,W,visa,credit,gmail.com,mobile,MAD
9001461,2025-02-17 11:08:59,576.72,W,visa,credit,gmail.com,mobile,MAD
9003130,2025-02-17 11:11:42,504.54,W,mastercard,debit,menara.ma,mobile,MAD
9002206,2025-02-17 11:17:56,1249.56,C,american express,debit,menara.ma,mobile,MAD
9001416,2025-02-17 11:20:06,236.28,H,visa,debit,gmail.com,mobile,MAD
9001986,2025-02-17 11:24:15,203.42,W,mastercard,debit,hotmail.com,mobile,MAD
9004271,2025-02-17 12:18:55,255.61,R,visa,debit,hotmail.com,mobile,MAD
9001414,2025-02-17 12:23:51,1516.03,C,visa,debit,yahoo.fr,mobile,MAD
9003154,2025-02-17 12:49:06,306.88,C,mastercard,credit,gmail.com,,MAD
9003564,2025-02-17 12:59:30,899.27,W,visa,debit,gmail.com,mobile,MAD
9002257,2025-02-17 13:15:19,554.88,H,visa,debit,yahoo.fr,mobile,MAD
9003481,2025-02-17 14:00:23,505.02,W,mastercard,debit,yahoo.fr,mobile,MAD
9000990,2025-02-17 14:03:19,636.21,R,visa,debit,gmail.com,desktop,MAD
9004804,2025-02-17 14:12:07,455.06,W,visa,credit,gmail.com,desktop,MAD
9003393,2025-02-17 14:23:42,104.52,H,visa,debit,gmail.com,mobile,MAD
9001684,2025-02-17 14:33:59,226.77,S,visa,credit,gmail.com,mobile,MAD
9000135,2025-02-17 14:39:39,231.72,C,visa,debit,gmail.com,mobile,MAD
9002648,2025-02-17 14:44:16,457.08,W,american express,debit,yahoo.fr,desktop,MAD
9003385,2025-02-17 14:56:16,808.42,C,mastercard,debit,yahoo.fr,mobile,MAD
9002725,2025-02-17 14:58:02,539.14,W,mastercard,debit,gmail.com,mobile,MAD
9000249,2025-02-17 14:59:12,412.95,W,mastercard,debit,outlook.com,mobile,MAD
9003915,2025-02-17 15:02:11,181.08,S,visa,debit,gmail.com,,MAD
9002801,2025-02-17 15:05:05,154.43,S,mastercard,debit,hotmail.com,mobile,MAD
9002557,2025-02-17 15:18:06,1276.47,W,visa,credit,gmail.com,desktop,MAD
9001578,2025-02-17 15:20:57,182.82,W,visa,debit,yahoo.fr,mobile,MAD
9004467,2025-02-17 15:23:32,222.79,W,visa,debit,hotmail.com,desktop,MAD
9004908,2025-02-17 15:29:11,265.67,W,mastercard,debit,menara.ma,mobile,MAD
9001133,2025-02-17 16:02:11,59.75,W,mastercard,debit,gmail.com,mobile,MAD
9004909,2025-02-17 16:18:24,1612.29,W,visa,debit,gmail.com,mobile,MAD
9003296,2025-02-17 16:27:05,298.23,W,visa,debit,gmail.com,mobile,MAD
9000484,2025-02-17 16:27:28,771.82,C,mastercard,credit,gmail.com,mobile,MAD
9001617,2025-02-17 16:38:08,1654.13,W,visa,debit,gmail.com,mobile,MAD
9002284,2025-02-17 16:59:22,290.41,W,mastercard,credit,gmail.com,mobile,MAD
9003055,2025-02-17 17:01:47,320.72,W,mastercard,debit,gmail.com,desktop,MAD
9002899,2025-02-17 17:26:18,228.61,H,mastercard,debit,gmail.com,mobile,MAD
9004613,2025-02-17 17:30:07,1707.52,W,visa,debit,gmail.com,desktop,MAD
9000716,2025-02-17 18:14:32,205.47,W,mastercard,debit,yahoo.fr,mobile,MAD
9002832,2025-02-17 18:15:50,106.22,W,mastercard,debit,gmail.com,mobile,MAD
9002671,2025-02-17 18:20:52,463.7,W,visa,credit,gmail.com,mobile,MAD
9002009,2025-02-17 18:24:07,681.92,H,visa,credit,gmail.com,,MAD
9001254,2025-02-17 18:25:09,178.65,W,visa,credit,gmail.com,mobile,MAD
9000613,2025-02-17 18:31:15,457.92,R,mastercard,debit,gmail.com,mobile,MAD
9002236,2025-02-17 18:41:09,397.0,R,visa,debit,outlook.com,mobile,MAD
9001012,2025-02-17 18:42:08,208.88,R,visa,credit,gmail.com,desktop,MAD
9003323,2025-02-17 18:52:15,310.93,H,american express,credit,hotmail.com,mobile,MAD
9004712,2025-02-17 19:05:42,371.5,C,visa,credit,gmail.com,mobile,MAD
9000918,2025-02-17 19:06:17,725.39,C,mastercard,debit,gmail.com,,MAD
9003396,2025-02-17 19:14:43,303.17,R,visa,debit,gmail.com,desktop,MAD
9000476,2025-02-17 19:26:25,580.8,W,visa,debit,gmail.com,mobile,MAD
9000639,2025-02-17 19:40:51,466.42,W,visa,debit,hotmail.com,mobile,MAD
9000016,2025-02-17 19:50:53,304.47,W,visa,debit,gmail.com,mobile,MAD
9003483,2025-02-17 19:53:54,408.75,W,visa,debit,gmail.com,mobile,MAD
9004362,2025-02-17 20:34:23,1101.52,W,visa,credit,hotmail.com,,MAD
9003571,2025-02-17 21:11:23,170.1,W,visa,debit,gmail.com,mobile,MAD
9001430,2025-02-17 21:14:13,525.55,R,visa,credit,gmail.com,desktop,MAD
9004308,2025-02-17 21:40:24,223.65,S,visa,credit,hotmail.com,mobile,MAD
9004516,2025-02-17 22:31:28,178.99,C,visa,debit,yahoo.fr,mobile,MAD
9001980,2025-02-17 22:42:31,1127.9,R,visa,debit,hotmail.com,mobile,MAD
9000955,2025-02-17 23:30:38,91.91,S,visa,credit,gmail.com,mobile,MAD
9001199,2025-02-18 03:13:30,985.56,W,mastercard,debit,gmail.com,mobile,MAD
9003769,2025-02-18 05:02:14,404.95,W,mastercard,debit,hotmail.com,mobile,MAD
9000596,2025-02-18 05:52:33,389.3,W,visa,debit,gmail.com,mobile,MAD
9003246,2025-02-18 06:52:19,52.98,S,mastercard,debit,gmail.com,desktop,MAD
9004525,2025-02-18 07:01:14,384.11,S,visa,debit,menara.ma,mobile,MAD
9000686,2025-02-18 07:04:11,338.7,W,american express,debit,yahoo.fr,,MAD
9004054,2025-02-18 07:30:32,1341.26,R,visa,debit,gmail.com,mobile,MAD
9000852,2025-02-18 08:11:37,240.68,W,visa,debit,hotmail.com,,MAD
9000654,2025-02-18 08:47:24,323.79,W,mastercard,debit,yahoo.fr,,MAD
9001535,2025-02-18 08:58:44,188.55,W,visa,credit,outlook.com,desktop,MAD
9002497,2025-02-18 09:00:11,354.17,W,visa,credit,gmail.com,mobile,MAD
9000885,2025-02-18 09:04:18,263.97,R,mastercard,debit,yahoo.fr,mobile,MAD
9002296,2025-02-18 09:14:51,357.74,H,mastercard,credit,hotmail.com,desktop,MAD
9001749,2025-02-18 09:15:17,552.65,W,visa,debit,hotmail.com,desktop,MAD
9002902,2025-02-18 09:17:42,190.17,H,visa,debit,gmail.com,mobile,MAD
9001574,2025-02-18 09:24:03,1198.45,R,mastercard,credit,gmail.com,,MAD
9001260,2025-02-18 09:26:24,351.57,W,mastercard,credit,hotmail.com,,MAD
9003868,2025-02-18 09:27:16,253.45,R,visa,debit,gmail.com,,MAD
9002748,2025-02-18 09:46:26,454.22,W,mastercard,credit,gmail.com,desktop,MAD
9001284,2025-02-18 10:15:33,154.38,W,visa,debit,gmail.com,mobile,MAD
9002545,2025-02-18 10:33:21,334.94,W,visa,debit,menara.ma,mobile,MAD
9002571,2025-02-18 11:08:11,624.57,C,mastercard,debit,gmail.com,mobile,MAD
9004392,2025-02-18 11:22:58,174.69,W,mastercard,debit,hotmail.com,mobile,MAD
9003037,2025-02-18 11:37:23,232.37,S,visa,debit,gmail.com,desktop,MAD
9003057,2025-02-18 11:55:44,465.34,W,visa,debit,hotmail.com,desktop,MAD
9003300,2025-02-18 12:06:46,167.51,C,mastercard,debit,gmail.com,mobile,MAD
9004975,2025-02-18 12:30:29,332.5,W,mastercard,debit,hotmail.com,,MAD
9004810,2025-02-18 12:35:56,291.89,W,visa,credit,gmail.com,desktop,MAD
9003713,2025-02-18 12:46:48,123.35,S,visa,debit,gmail.com,desktop,MAD
9001087,2025-02-18 12:53:01,121.82,H,visa,debit,gmail.com,desktop,MAD
9002983,2025-02-18 12:54:51,139.67,H,mastercard,credit,gmail.com,mobile,MAD
9004309,2025-02-18 13:01:14,365.17,W,mastercard,credit,yahoo.fr,desktop,MAD
9000103,2025-02-18 13:34:07,98.37,S,visa,debit,menara.ma,,MAD
9001001,2025-02-18 13:59:47,283.37,H,visa,credit,gmail.com,mobile,MAD
9003803,2025-02-18 14:38:10,201.32,W,visa,debit,hotmail.com,,MAD
9001334,2025-02-18 14:41:17,424.84,W,visa,debit,menara.ma,mobile,MAD
9004206,2025-02-18 14:41:25,778.13,W,mastercard,debit,outlook.com,mobile,MAD
9003833,2025-02-18 14:48:15,858.73,W,visa,debit,outlook.com,mobile,MAD
9004976,2025-02-18 14:48:51,199.98,H,mastercard,credit,gmail.com,desktop,MAD
9000837,2025-02-18 14:48:59,2750.14,W,visa,debit,yahoo.fr,desktop,MAD
9002159,2025-02-18 15:00:32,468.53,W,visa,debit,outlook.com,desktop,MAD
9001843,2025-02-18 15:00:55,554.77,C,visa,debit,gmail.com,desktop,MAD
9001426,2025-02-18 15:40:04,301.45,C,visa,debit,gmail.com,mobile,MAD
9003010,2025-02-18 16:00:31,348.94,W,visa,credit,gmail.com,,MAD
9002567,2025-02-18 16:08:01,1147.78,W,visa,credit,gmail.com,mobile,MAD
9000428,2025-02-18 16:14:08,584.64,H,visa,credit,hotmail.com,desktop,MAD
9004970,2025-02-18 16:36:27,308.0,S,visa,debit,yahoo.fr,mobile,MAD
9002535,2025-02-18 16:55:08,231.53,W,mastercard,debit,gmail.com,mobile,MAD
9000514,2025-02-18 17:07:13,538.48,W,mastercard,credit,gmail.com,,MAD
9002684,2025-02-18 17:08:14,260.24,W,mastercard,debit,hotmail.com,mobile,MAD
9003078,2025-02-18 17:21:37,319.73,H,visa,credit,outlook.com,mobile,MAD
9000336,2025-02-18 17:22:04,81.15,S,mastercard,debit,gmail.com,desktop,MAD
9000472,2025-02-18 17:23:48,83.0,C,visa,debit,gmail.com,mobile,MAD
9002161,2025-02-18 17:27:17,1020.09,W,discover,debit,protonmail.com,desktop,MAD
9002196,2025-02-18 17:38:57,279.5,W,visa,debit,hotmail.com,mobile,MAD
9000860,2025-02-18 17:41:34,278.98,W,mastercard,credit,gmail.com,desktop,MAD
9004288,2025-02-18 18:06:03,371.62,W,visa,debit,hotmail.com,mobile,MAD
9002935,2025-02-18 18:25:01,177.58,S,visa,credit,yahoo.fr,desktop,MAD
9004005,2025-02-18 18:34:55,762.15,W,mastercard,debit,hotmail.com,,MAD
9003818,2025-02-18 18:42:06,323.3,R,visa,credit,hotmail.com,mobile,MAD
9002093,2025-02-18 18:51:36,182.84,W,visa,debit,gmail.com,desktop,MAD
9000291,2025-02-18 19:05:01,247.64,W,visa,debit,hotmail.com,desktop,MAD
9000166,2025-02-18 19:09:37,158.69,S,visa,debit,gmail.com,mobile,MAD
9000227,2025-02-18 19:22:55,478.29,H,visa,debit,yahoo.fr,,MAD
9003401,2025-02-18 19:28:08,396.86,W,visa,credit,gmail.com,desktop,MAD
9003208,2025-02-18 19:42:59,288.04,R,visa,credit,menara.ma,mobile,MAD
9004753,2025-02-18 20:09:00,149.31,W,mastercard,debit,gmail.com,mobile,MAD
9000591,2025-02-18 20:09:25,394.4,W,mastercard,credit,gmail.com,,MAD
9000092,2025-02-18 20:18:19,454.47,W,mastercard,credit,gmail.com,desktop,MAD
9002532,2025-02-18 20:25:17,258.68,C,visa,credit,gmail.com,desktop,MAD
9003198,2025-02-18 20:33:23,1182.37,R,visa,debit,outlook.com,mobile,MAD
9003508,2025-02-18 20:46:40,258.23,H,visa,credit,outlook.com,,MAD
9000551,2025-02-18 20:52:44,177.99,S,mastercard,debit,outlook.com,mobile,MAD
9001219,2025-02-18 21:21:43,320.87,W,mastercard,debit,hotmail.com,mobile,MAD
9004934,2025-02-19 00:44:00,1247.85,W,visa,credit,gmail.com,desktop,MAD
9002338,2025-02-19 01:35:49,413.71,W,visa,credit,yahoo.fr,mobile,MAD
9002873,2025-02-19 04:56:27,793.89,W,mastercard,debit,yahoo.fr,,MAD
9002246,2025-02-19 05:11:46,582.98,C,visa,debit,gmail.com,desktop,MAD
9003625,2025-02-19 06:06:18,648.07,W,visa,credit,gmail.com,desktop,MAD
9004243,2025-02-19 06:44:25,460.11,H,mastercard,debit,outlook.com,,MAD
9003630,2025-02-19 08:10:18,209.72,W,mastercard,debit,outlook.com,,MAD
9003523,2025-02-19 08:26:09,328.92,W,mastercard,credit,yahoo.fr,mobile,MAD
9004637,2025-02-19 08:35:46,285.85,H,mastercard,debit,gmail.com,mobile,MAD
9004722,2025-02-19 09:09:11,600.73,W,visa,debit,outlook.com,mobile,MAD
9000084,2025-02-19 09:23:00,383.65,S,mastercard,debit,gmail.com,desktop,MAD
9001965,2025-02-19 09:34:28,230.13,W,visa,debit,yahoo.fr,desktop,MAD
9003890,2025-02-19 09:42:39,327.75,W,mastercard,debit,gmail.com,mobile,MAD
9002372,2025-02-19 10:07:38,282.93,W,visa,debit,gmail.com,mobile,MAD
9002455,2025-02-19 10:40:31,324.28,W,mastercard,debit,gmail.com,mobile,MAD
9001264,2025-02-19 10:54:10,214.1,W,visa,credit,hotmail.com,mobile,MAD
9002516,2025-02-19 11:09:57,328.68,H,visa,credit,gmail.com,mobile,MAD
9000482,2025-02-19 11:30:27,316.66,W,mastercard,debit,yahoo.fr,mobile,MAD
9003381,2025-02-19 11:36:47,322.54,W,visa,debit,gmail.com,mobile,MAD
9001040,2025-02-19 11:37:32,268.53,R,visa,debit,gmail.com,mobile,MAD
9004356,2025-02-19 11:42:01,73.52,H,visa,debit,gmail.com,mobile,MAD
9003082,2025-02-19 12:06:39,162.74,W,mastercard,debit,gmail.com,desktop,MAD
9002984,2025-02-19 12:10:49,558.54,C,mastercard,debit,gmail.com,mobile,MAD
9000038,2025-02-19 12:21:45,641.17,C,mastercard,debit,gmail.com,mobile,MAD
9004675,2025-02-19 12:24:57,276.72,S,mastercard,debit,gmail.com,,MAD
9000090,2025-02-19 12:33:02,325.68,W,mastercard,debit,yahoo.fr,mobile,MAD
9004374,2025-02-19 12:51:24,900.98,W,visa,credit,gmail.com,desktop,MAD
9002326,2025-02-19 12:59:31,207.66,W,visa,credit,gmail.com,desktop,MAD
9003455,2025-02-19 13:00:51,545.35,W,visa,debit,gmail.com,,MAD
9004223,2025-02-19 13:14:16,544.93,R,mastercard,debit,gmail.com,,MAD
9000101,2025-02-19 13:18:59,46.32,S,visa,debit,hotmail.com,desktop,MAD
9004666,2025-02-19 13:42:35,211.31,W,mastercard,credit,yahoo.fr,mobile,MAD
9003540,2025-02-19 13:52:20,479.08,R,visa,credit,gmail.com,desktop,MAD
9001025,2025-02-19 14:05:10,1103.81,W,mastercard,debit,gmail.com,mobile,MAD
9004998,2025-02-19 14:22:24,2424.33,W,visa,debit,gmail.com,desktop,MAD
9000794,2025-02-19 14:35:02,639.51,S,mastercard,debit,gmail.com,mobile,MAD
9000302,2025-02-19 14:49:11,159.37,C,visa,credit,outlook.com,mobile,MAD
9000433,2025-02-19 15:01:34,135.6,W,visa,debit,outlook.com,,MAD
9001603,2025-02-19 15:08:51,455.48,W,visa,debit,menara.ma,desktop,MAD
9002406,2025-02-19 15:12:36,280.48,H,visa,credit,gmail.com,mobile,MAD
9001587,2025-02-19 15:44:40,208.61,H,mastercard,debit,gmail.com,mobile,MAD
9003740,2025-02-19 15:46:15,167.5,C,american express,debit,gmail.com,mobile,MAD
9000524,2025-02-19 15:56:31,884.85,W,visa,debit,yahoo.fr,mobile,MAD
9004661,2025-02-19 16:16:16,478.33,C,visa,credit,yahoo.fr,desktop,MAD
9004735,2025-02-19 16:18:36,196.92,C,mastercard,debit,outlook.com,desktop,MAD
9002822,2025-02-19 16:22:06,182.74,W,visa,debit,outlook.com,mobile,MAD
9001923,2025-02-19 16:28:30,48.51,H,visa,debit,outlook.com,desktop,MAD
9000149,2025-02-19 17:00:46,205.07,W,visa,credit,yahoo.fr,desktop,MAD
9002081,2025-02-19 17:04:14,640.01,R,mastercard,debit,yahoo.fr,mobile,MAD
9003067,2025-02-19 17:05:34,337.9,H,visa,debit,gmail.com,desktop,MAD
9000553,2025-02-19 17:26:55,204.11,S,american express,debit,yahoo.fr,mobile,MAD
9000867,2025-02-19 17:47:43,2278.99,W,mastercard,debit,gmail.com,mobile,MAD
9000605,2025-02-19 17:52:51,541.16,W,visa,credit,hotmail.com,mobile,MAD
9003169,2025-02-19 17:52:59,83.27,W,visa,debit,hotmail.com,mobile,MAD
9004862,2025-02-19 18:04:30,235.85,C,visa,debit,yahoo.fr,mobile,MAD
9003364,2025-02-19 18:05:59,131.49,S,visa,debit,menara.ma,mobile,MAD
9003127,2025-02-19 18:10:50,390.14,C,mastercard,credit,gmail.com,mobile,MAD
9002288,2025-02-19 18:19:09,338.78,H,mastercard,debit,hotmail.com,desktop,MAD
9002334,2025-02-19 18:27:24,1335.59,W,visa,debit,hotmail.com,mobile,MAD
9000545,2025-02-19 18:47:22,1816.86,W,discover,credit,tutanota.com,desktop,MAD
9001987,2025-02-19 19:00:13,238.11,W,visa,debit,gmail.com,mobile,MAD
9000849,2025-02-19 19:04:38,68.7,H,visa,debit,gmail.com,mobile,MAD
9003440,2025-02-19 19:09:43,1786.2,W,visa,credit,yahoo.fr,mobile,MAD
9000334,2025-02-19 19:46:17,225.83,W,visa,debit,gmail.com,,MAD
9002610,2025-02-19 19:46:54,695.38,R,mastercard,debit,menara.ma,desktop,MAD
9002286,2025-02-19 20:03:26,350.59,W,mastercard,debit,menara.ma,mobile,MAD
9002424,2025-02-19 20:07:52,274.38,W,visa,debit,hotmail.com,desktop,MAD
9001971,2025-02-19 20:41:41,354.33,H,mastercard,debit,menara.ma,mobile,MAD
9000028,2025-02-19 20:41:53,103.7,W,visa,debit,hotmail.com,desktop,MAD
9000741,2025-02-19 20:51:29,227.67,S,visa,debit,gmail.com,mobile,MAD
9000388,2025-02-19 21:13:29,322.97,C,visa,credit,gmail.com,mobile,MAD
9004623,2025-02-19 21:26:00,121.26,S,mastercard,debit,hotmail.com,mobile,MAD
9001231,2025-02-19 21:44:22,753.37,W,visa,debit,yahoo.fr,desktop,MAD
9001964,2025-02-19 22:10:27,302.03,W,visa,debit,outlook.com,desktop,MAD
9003521,2025-02-19 22:24:13,926.99,C,visa,credit,gmail.com,mobile,MAD
9002945,2025-02-19 22:57:51,878.73,W,visa,credit,outlook.com,desktop,MAD
9000963,2025-02-20 00:08:49,141.58,S,visa,debit,yahoo.fr,mobile,MAD
9003572,2025-02-20 06:06:08,352.29,W,mastercard,debit,gmail.com,mobile,MAD
9000816,2025-02-20 06:49:43,863.91,W,mastercard,debit,hotmail.com,desktop,MAD
9002036,2025-02-20 07:09:46,302.02,R,visa,credit,hotmail.com,desktop,MAD
9003806,2025-02-20 07:31:30,892.96,W,visa,debit,gmail.com,desktop,MAD
9003148,2025-02-20 07:40:36,77.2,W,visa,debit,gmail.com,mobile,MAD
9001080,2025-02-20 07:50:13,348.61,H,mastercard,debit,gmail.com,desktop,MAD
9002826,2025-02-20 08:37:14,456.82,R,visa,credit,gmail.com,mobile,MAD
9002919,2025-02-20 08:38:16,1372.49,W,visa,credit,gmail.com,mobile,MAD
9000582,2025-02-20 08:42:46,111.12,W,american express,debit,hotmail.com,,MAD
9002863,2025-02-20 08:50:04,1103.12,W,mastercard,debit,gmail.com,desktop,MAD
9001500,2025-02-20 09:03:08,501.44,W,visa,debit,yahoo.fr,,MAD
9001144,2025-02-20 09:32:00,717.96,W,visa,debit,gmail.com,mobile,MAD
9003918,2025-02-20 09:35:12,2275.02,C,mastercard,debit,gmail.com,desktop,MAD
9003156,2025-02-20 09:41:17,68.49,H,visa,debit,yahoo.fr,,MAD
9000650,2025-02-20 09:59:16,102.88,W,mastercard,debit,gmail.com,mobile,MAD
9004108,2025-02-20 10:06:11,375.45,W,visa,debit,gmail.com,mobile,MAD
9004891,2025-02-20 10:11:57,229.34,S,visa,credit,gmail.com,mobile,MAD
9000459,2025-02-20 10:21:57,296.13,W,visa,credit,gmail.com,mobile,MAD
9003231,2025-02-20 10:24:16,166.08,W,mastercard,debit,gmail.com,desktop,MAD
9002451,2025-02-20 10:26:28,205.23,W,visa,credit,gmail.com,mobile,MAD
9004483,2025-02-20 10:27:32,313.01,R,visa,debit,gmail.com,,MAD
9001548,2025-02-20 10:43:34,101.97,W,mastercard,credit,outlook.com,mobile,MAD
9001844,2025-02-20 10:50:34,184.45,W,visa,debit,hotmail.com,desktop,MAD
9002168,2025-02-20 11:00:06,652.32,S,visa,debit,yahoo.fr,,MAD
9003051,2025-02-20 11:12:02,448.98,W,visa,debit,outlook.com,desktop,MAD
9003230,2025-02-20 11:26:01,138.38,H,visa,debit,gmail.com,desktop,MAD
9002149,2025-02-20 11:26:28,404.7,W,visa,credit,gmail.com,,MAD
9004548,2025-02-20 11:32:40,763.05,W,visa,credit,gmail.com,mobile,MAD
9004002,2025-02-20 11:41:27,66.12,H,visa,credit,gmail.com,,MAD
9004847,2025-02-20 11:43:04,663.0,W,visa,debit,menara.ma,mobile,MAD
9000611,2025-02-20 11:44:53,209.85,W,mastercard,debit,gmail.com,mobile,MAD
9000865,2025-02-20 11:46:58,675.3,W,visa,debit,yahoo.fr,,MAD
9000856,2025-02-20 12:26:25,286.74,W,mastercard,debit,gmail.com,mobile,MAD
9004973,2025-02-20 12:37:01,911.47,W,visa,debit,gmail.com,,MAD
9003936,2025-02-20 12:37:15,153.56,W,visa,debit,yahoo.fr,desktop,MAD
9002784,2025-02-20 12:42:22,401.47,W,mastercard,credit,gmail.com,desktop,MAD
9001024,2025-02-20 12:43:10,430.98,H,visa,debit,gmail.com,desktop,MAD
9004366,2025-02-20 12:57:28,348.99,H,visa,credit,gmail.com,mobile,MAD
9001961,2025-02-20 13:06:15,180.72,W,mastercard,debit,gmail.com,mobile,MAD
9004919,2025-02-20 13:07:12,55.49,H,visa,debit,gmail.com,mobile,MAD
9002704,2025-02-20 13:08:59,320.45,C,mastercard,credit,gmail.com,,MAD
9000361,2025-02-20 13:22:55,243.85,R,visa,debit,gmail.com,,MAD
9004641,2025-02-20 13:44:31,585.09,C,visa,debit,yahoo.fr,desktop,MAD
9001659,2025-02-20 13:46:16,185.48,W,mastercard,debit,yahoo.fr,desktop,MAD
9001650,2025-02-20 13:52:00,366.8,R,visa,credit,gmail.com,desktop,MAD
9002208,2025-02-20 13:59:16,650.04,W,mastercard,debit,gmail.com,mobile,MAD
9001884,2025-02-20 14:18:28,331.02,S,visa,debit,menara.ma,mobile,MAD
9003998,2025-02-20 14:58:37,520.48,W,mastercard,debit,gmail.com,mobile,MAD
9000019,2025-02-20 15:01:51,291.89,W,visa,credit,gmail.com,,MAD
9001126,2025-02-20 15:32:38,186.34,W,mastercard,debit,menara.ma,mobile,MAD
9003629,2025-02-20 15:46:27,567.74,R,visa,credit,hotmail.com,desktop,MAD
9000589,2025-02-20 15:51:37,419.74,W,mastercard,debit,menara.ma,mobile,MAD
9002790,2025-02-20 16:23:36,315.1,W,visa,debit,menara.ma,mobile,MAD
9000297,2025-02-20 16:58:41,244.25,H,mastercard,debit,gmail.com,mobile,MAD
9002439,2025-02-20 16:59:38,762.53,W,visa,debit,gmail.com,mobile,MAD
9002621,2025-02-20 16:59:48,572.52,H,visa,debit,gmail.com,desktop,MAD
9001599,2025-02-20 17:06:28,371.51,H,visa,credit,hotmail.com,mobile,MAD
9000868,2025-02-20 17:10:14,821.05,W,visa,credit,hotmail.com,mobile,MAD
9001125,2025-02-20 17:11:06,354.04,S,visa,debit,gmail.com,mobile,MAD
9001863,2025-02-20 17:12:34,1031.81,R,american express,debit,gmail.com,mobile,MAD
9000477,2025-02-20 17:15:15,394.09,W,mastercard,debit,gmail.com,desktop,MAD
9003459,2025-02-20 17:15:54,849.85,C,visa,debit,gmail.com,desktop,MAD
9004073,2025-02-20 17:27:37,941.46,W,visa,debit,gmail.com,desktop,MAD
9000093,2025-02-20 17:28:18,456.88,W,visa,debit,hotmail.com,mobile,MAD
9003334,2025-02-20 17:36:43,788.59,W,mastercard,debit,gmail.com,,MAD
9003507,2025-02-20 17:53:54,580.16,W,visa,debit,hotmail.com,mobile,MAD
9004781,2025-02-20 18:09:19,126.96,C,visa,debit,gmail.com,mobile,MAD
9004857,2025-02-20 18:12:47,180.36,C,visa,debit,gmail.com,mobile,MAD
9004280,2025-02-20 18:17:43,142.16,W,mastercard,debit,hotmail.com,mobile,MAD
9000775,2025-02-20 18:21:46,174.88,W,visa,credit,yahoo.fr,,MAD
9001865,2025-02-20 18:27:08,320.63,W,visa,credit,gmail.com,mobile,MAD
9000513,2025-02-20 18:35:00,449.77,W,visa,debit,hotmail.com,mobile,MAD
9004943,2025-02-20 18:40:09,643.68,C,visa,credit,gmail.com,desktop,MAD
9001016,2025-02-20 18:48:55,954.47,C,visa,debit,gmail.com,mobile,MAD
9000723,2025-02-20 18:52:16,293.33,W,visa,credit,yahoo.fr,,MAD
9001933,2025-02-20 19:01:19,293.4,W,visa,debit,gmail.com,mobile,MAD
9003316,2025-02-20 19:06:27,2848.43,W,visa,debit,hotmail.com,desktop,MAD
9004762,2025-02-20 19:14:14,273.64,W,mastercard,debit,yahoo.fr,mobile,MAD
9001093,2025-02-20 19:40:52,558.97,C,visa,credit,outlook.com,mobile,MAD
9001086,2025-02-20 19:50:24,145.64,S,visa,debit,gmail.com,mobile,MAD
9002457,2025-02-20 20:06:34,361.23,W,visa,debit,gmail.com,desktop,MAD
9003190,2025-02-20 20:13:21,767.04,H,visa,credit,menara.ma,mobile,MAD
9001097,2025-02-20 20:17:48,325.92,W,visa,debit,gmail.com,desktop,MAD
9004539,2025-02-20 20:24:02,104.51,S,visa,debit,gmail.com,,MAD
9004057,2025-02-20 20:31:54,267.99,W,visa,debit,gmail.com,mobile,MAD
9001657,2025-02-20 20:39:15,218.23,W,visa,debit,gmail.com,,MAD
9003710,2025-02-20 20:41:09,430.75,W,visa,debit,gmail.com,desktop,MAD
9001163,2025-02-20 20:41:33,95.41,W,mastercard,credit,hotmail.com,mobile,MAD
9004785,2025-02-20 21:00:22,213.17,W,visa,debit,gmail.com,mobile,MAD
9004696,2025-02-20 21:23:23,1527.72,H,visa,credit,gmail.com,mobile,MAD
9000590,2025-02-20 21:38:05,1643.88,C,mastercard,credit,gmail.com,mobile,MAD
9001969,2025-02-20 23:22:35,758.92,W,visa,debit,hotmail.com,mobile,MAD
9004327,2025-02-21 02:24:26,627.37,W,mastercard,debit,outlook.com,mobile,MAD
9004148,2025-02-21 03:43:05,401.18,R,visa,credit,hotmail.com,desktop,MAD
9000006,2025-02-21 06:11:17,171.61,W,mastercard,debit,gmail.com,mobile,MAD
9001735,2025-02-21 06:18:24,765.98,R,visa,debit,gmail.com,mobile,MAD
9003107,2025-02-21 06:30:54,179.81,R,visa,credit,menara.ma,mobile,MAD
9002655,2025-02-21 06:31:19,1282.7,W,visa,debit,hotmail.com,,MAD
9001314,2025-02-21 06:52:16,267.5,W,visa,credit,gmail.com,desktop,MAD
9001589,2025-02-21 07:27:07,985.97,W,visa,credit,gmail.com,,MAD
9000780,2025-02-21 07:39:32,280.16,W,visa,debit,gmail.com,mobile,MAD
9001486,2025-02-21 07:59:40,233.8,W,mastercard,credit,hotmail.com,mobile,MAD
9004944,2025-02-21 08:05:38,1804.34,W,visa,debit,menara.ma,mobile,MAD
9001401,2025-02-21 08:19:34,1305.49,H,discover,credit,protonmail.com,desktop,MAD
9004319,2025-02-21 08:32:26,1374.22,C,mastercard,credit,gmail.com,mobile,MAD
9002153,2025-02-21 08:40:46,476.4,R,visa,debit,outlook.com,mobile,MAD
9004558,2025-02-21 08:41:36,170.45,R,mastercard,debit,gmail.com,,MAD
9004839,2025-02-21 08:47:12,310.18,W,discover,debit,protonmail.com,desktop,MAD
9001509,2025-02-21 09:04:09,503.27,R,visa,debit,gmail.com,desktop,MAD
9000668,2025-02-21 09:41:35,178.58,W,visa,debit,outlook.com,,MAD
9002098,2025-02-21 09:44:36,680.7,W,visa,credit,gmail.com,,MAD
9004971,2025-02-21 09:45:17,684.21,H,visa,debit,gmail.com,mobile,MAD
9002482,2025-02-21 10:00:30,324.88,C,mastercard,credit,gmail.com,mobile,MAD
9002377,2025-02-21 10:09:59,122.65,W,visa,debit,yahoo.fr,mobile,MAD
9004333,2025-02-21 10:16:00,1024.85,W,visa,debit,gmail.com,,MAD
9001521,2025-02-21 10:30:16,468.71,W,mastercard,debit,gmail.com,mobile,MAD
9000560,2025-02-21 10:42:24,596.9,R,visa,debit,gmail.com,mobile,MAD
9001247,2025-02-21 10:53:06,400.49,W,visa,debit,gmail.com,desktop,MAD
9003332,2025-02-21 11:23:50,761.25,W,visa,debit,gmail.com,mobile,MAD
9001292,2025-02-21 11:35:00,2078.23,W,mastercard,debit,gmail.com,,MAD
9002332,2025-02-21 11:39:23,1211.65,C,visa,debit,yahoo.fr,,MAD
9000232,2025-02-21 11:48:32,73.58,H,visa,debit,gmail.com,mobile,MAD
9004312,2025-02-21 11:49:11,546.36,W,visa,debit,hotmail.com,mobile,MAD
9002994,2025-02-21 11:50:10,517.75,W,visa,debit,gmail.com,,MAD
9002903,2025-02-21 12:00:20,226.26,H,mastercard,debit,gmail.com,mobile,MAD
9004897,2025-02-21 12:01:07,837.16,W,mastercard,debit,hotmail.com,mobile,MAD
9003578,2025-02-21 12:24:16,166.9,S,mastercard,credit,yahoo.fr,mobile,MAD
9000835,2025-02-21 12:32:25,171.68,W,visa,debit,gmail.com,mobile,MAD
9001465,2025-02-21 12:36:46,200.53,R,visa,debit,gmail.com,desktop,MAD
9001896,2025-02-21 13:40:48,1013.05,W,visa,debit,yahoo.fr,,MAD
9002150,2025-02-21 13:57:02,453.6,W,visa,debit,gmail.com,mobile,MAD
9001158,2025-02-21 13:58:42,201.93,R,visa,debit,yahoo.fr,mobile,MAD
9003732,2025-02-21 14:15:45,272.24,W,visa,credit,gmail.com,mobile,MAD
9001007,2025-02-21 14:24:01,1217.64,H,mastercard,debit,gmail.com,mobile,MAD
9002198,2025-02-21 14:25:36,954.04,W,mastercard,credit,gmail.com,mobile,MAD
9003339,2025-02-21 14:43:17,354.76,H,visa,credit,gmail.com,mobile,MAD
9004694,2025-02-21 14:50:05,298.41,W,visa,debit,gmail.com,mobile,MAD
9000829,2025-02-21 14:55:14,434.51,C,visa,debit,outlook.com,mobile,MAD
9000125,2025-02-21 15:07:26,575.73,W,mastercard,debit,menara.ma,mobile,MAD
9002601,2025-02-21 15:09:39,594.23,H,visa,credit,gmail.com,mobile,MAD
9001042,2025-02-21 15:11:43,456.14,W,visa,debit,gmail.com,,MAD
9002512,2025-02-21 15:14:16,244.52,W,mastercard,debit,hotmail.com,desktop,MAD
9004067,2025-02-21 15:18:04,236.47,S,mastercard,debit,gmail.com,mobile,MAD
9004475,2025-02-21 15:26:13,573.97,W,mastercard,debit,gmail.com,mobile,MAD
9002319,2025-02-21 15:50:32,515.51,W,visa,debit,gmail.com,mobile,MAD
9002558,2025-02-21 15:51:58,1154.01,W,visa,credit,gmail.com,desktop,MAD
9002672,2025-02-21 16:04:53,349.17,S,mastercard,debit,gmail.com,mobile,MAD
9004451,2025-02-21 16:54:32,252.44,H,mastercard,debit,gmail.com,desktop,MAD
9001856,2025-02-21 17:14:02,655.78,W,discover,debit,protonmail.com,desktop,MAD
9003778,2025-02-21 17:14:22,721.73,R,mastercard,debit,menara.ma,,MAD
9000427,2025-02-21 17:15:45,784.48,W,visa,debit,gmail.com,desktop,MAD
9001419,2025-02-21 17:17:19,120.99,H,visa,debit,gmail.com,mobile,MAD
9001552,2025-02-21 17:22:17,241.41,R,visa,debit,gmail.com,desktop,MAD
9003456,2025-02-21 17:46:30,811.51,C,mastercard,debit,menara.ma,desktop,MAD
9002847,2025-02-21 18:04:24,346.68,W,visa,debit,gmail.com,,MAD
9001734,2025-02-21 18:07:10,392.73,W,visa,credit,yahoo.fr,mobile,MAD
9003881,2025-02-21 18:10:39,746.89,C,mastercard,credit,hotmail.com,desktop,MAD
9001347,2025-02-21 18:11:03,222.97,H,mastercard,credit,gmail.com,mobile,MAD
9001325,2025-02-21 18:11:47,375.07,W,mastercard,debit,gmail.com,mobile,MAD
9002906,2025-02-21 18:19:46,1985.44,R,visa,debit,gmail.com,mobile,MAD
9003379,2025-02-21 18:28:34,583.21,H,visa,debit,yahoo.fr,mobile,MAD
9001706,2025-02-21 18:48:27,211.91,W,visa,debit,gmail.com,,MAD
9003962,2025-02-21 18:57:58,917.51,W,mastercard,debit,outlook.com,mobile,MAD
9004184,2025-02-21 19:05:50,1482.11,W,visa,debit,gmail.com,mobile,MAD
9003470,2025-02-21 19:06:57,326.52,W,visa,credit,gmail.com,desktop,MAD
9004142,2025-02-21 19:07:13,76.94,W,mastercard,credit,menara.ma,mobile,MAD
9001560,2025-02-21 19:19:17,329.48,C,visa,credit,gmail.com,mobile,MAD
9002673,2025-02-21 19:34:00,445.08,W,visa,debit,gmail.com,mobile,MAD
9001310,2025-02-21 19:37:26,751.3,W,visa,debit,yahoo.fr,mobile,MAD
9002869,2025-02-21 19:37:37,354.96,W,visa,credit,outlook.com,desktop,MAD
9004749,2025-02-21 19:42:52,685.1,S,visa,credit,gmail.com,mobile,MAD
9002640,2025-02-21 19:53:46,763.65,W,visa,credit,outlook.com,desktop,MAD
9000037,2025-02-21 19:54:39,118.88,R,visa,debit,gmail.com,mobile,MAD
9000146,2025-02-21 20:04:32,417.31,S,mastercard,credit,gmail.com,desktop,MAD
9000882,2025-02-21 20:10:03,225.93,R,mastercard,credit,hotmail.com,mobile,MAD
9001127,2025-02-21 20:37:44,367.48,W,american express,debit,hotmail.com,,MAD
9001150,2025-02-21 20:59:04,281.73,C,visa,debit,gmail.com,,MAD
9003966,2025-02-21 20:59:56,353.85,S,mastercard,credit,gmail.com,desktop,MAD
9000610,2025-02-21 21:13:22,767.82,H,visa,credit,gmail.com,desktop,MAD
9003264,2025-02-21 21:44:03,195.53,W,visa,credit,gmail.com,mobile,MAD
9004149,2025-02-21 21:44:40,992.35,C,visa,credit,gmail.com,mobile,MAD
9003985,2025-02-21 22:09:05,294.89,S,mastercard,credit,gmail.com,,MAD
9001280,2025-02-21 22:19:24,623.78,W,visa,debit,gmail.com,mobile,MAD
9004704,2025-02-21 22:41:53,286.14,W,visa,credit,hotmail.com,mobile,MAD
9003873,2025-02-21 22:54:11,193.72,R,mastercard,debit,hotmail.com,mobile,MAD
9000643,2025-02-21 23:37:13,185.18,H,visa,debit,gmail.com,mobile,MAD
9000151,2025-02-21 23:55:31,1066.16,W,mastercard,credit,gmail.com,mobile,MAD
9002678,2025-02-22 00:10:27,499.2,C,mastercard,debit,gmail.com,mobile,MAD
9002142,2025-02-22 00:37:40,401.31,C,american express,debit,yahoo.fr,mobile,MAD
9002001,2025-02-22 02:55:09,240.71,W,visa,debit,gmail.com,desktop,MAD
9003579,2025-02-22 06:10:58,456.45,R,mastercard,debit,gmail.com,mobile,MAD
9001824,2025-02-22 06:30:00,431.03,C,visa,debit,gmail.com,mobile,MAD
9001792,2025-02-22 06:32:24,203.84,C,mastercard,credit,gmail.com,desktop,MAD
9003120,2025-02-22 06:50:05,226.72,C,mastercard,debit,gmail.com,mobile,MAD
9002710,2025-02-22 07:32:49,948.92,W,visa,credit,gmail.com,mobile,MAD
9003548,2025-02-22 07:37:16,2393.21,W,mastercard,debit,hotmail.com,,MAD
9001658,2025-02-22 07:48:04,349.51,C,visa,debit,yahoo.fr,,MAD
9000396,2025-02-22 07:49:48,809.21,W,visa,debit,hotmail.com,mobile,MAD
9002652,2025-02-22 07:52:33,49.27,H,visa,debit,gmail.com,mobile,MAD
9001245,2025-02-22 07:55:45,283.68,R,mastercard,debit,outlook.com,,MAD
9000558,2025-02-22 08:12:05,368.48,W,mastercard,debit,menara.ma,desktop,MAD
9001023,2025-02-22 08:33:24,127.27,S,mastercard,debit,gmail.com,mobile,MAD
9001716,2025-02-22 09:06:55,242.1,R,visa,debit,gmail.com,desktop,MAD
9003340,2025-02-22 09:18:11,634.2,W,mastercard,debit,menara.ma,mobile,MAD
9004865,2025-02-22 09:24:13,670.55,W,american express,debit,outlook.com,desktop,MAD
9004922,2025-02-22 09:27:34,155.2,H,visa,debit,hotmail.com,mobile,MAD
9003905,2025-02-22 09:36:23,301.87,W,visa,debit,gmail.com,desktop,MAD
9004426,2025-02-22 09:51:34,163.64,W,mastercard,debit,yahoo.fr,mobile,MAD
9003581,2025-02-22 09:56:10,970.98,W,visa,debit,yahoo.fr,mobile,MAD
9001141,2025-02-22 10:01:42,459.01,W,visa,debit,gmail.com,desktop,MAD
9002701,2025-02-22 10:16:26,533.94,W,visa,debit,hotmail.com,,MAD
9002879,2025-02-22 10:18:04,672.51,C,visa,debit,gmail.com,desktop,MAD
9004609,2025-02-22 11:15:32,199.37,H,visa,debit,gmail.com,,MAD
9004550,2025-02-22 11:46:39,531.15,W,visa,credit,hotmail.com,desktop,MAD
9003046,2025-02-22 11:54:31,262.16,H,visa,debit,gmail.com,mobile,MAD
9001371,2025-02-22 12:06:49,233.53,W,visa,debit,hotmail.com,mobile,MAD
9004472,2025-02-22 12:35:23,298.2,W,visa,debit,outlook.com,mobile,MAD
9001713,2025-02-22 13:06:45,6620.66,W,mastercard,debit,hotmail.com,,MAD
9002304,2025-02-22 13:56:55,210.54,W,visa,credit,hotmail.com,,MAD
9001893,2025-02-22 14:07:38,271.18,C,mastercard,debit,gmail.com,mobile,MAD
9003463,2025-02-22 14:38:27,480.95,C,visa,debit,gmail.com,mobile,MAD
9003358,2025-02-22 14:46:24,444.3,W,visa,debit,gmail.com,mobile,MAD
9001634,2025-02-22 14:55:07,158.77,W,visa,debit,hotmail.com,mobile,MAD
9004754,2025-02-22 16:49:42,300.22,R,visa,debit,gmail.com,mobile,MAD
9000781,2025-02-22 17:04:43,797.1,W,visa,debit,gmail.com,mobile,MAD
9004674,2025-02-22 17:10:13,434.9,W,mastercard,debit,yahoo.fr,mobile,MAD
9002105,2025-02-22 17:15:17,476.18,C,visa,debit,gmail.com,,MAD
9002651,2025-02-22 17:35:10,141.23,W,visa,debit,gmail.com,,MAD
9004330,2025-02-22 18:04:33,416.11,W,mastercard,credit,gmail.com,desktop,MAD
9001898,2025-02-22 18:06:37,134.33,W,visa,credit,gmail.com,,MAD
9001214,2025-02-22 18:15:35,328.85,W,mastercard,credit,hotmail.com,mobile,MAD
9000504,2025-02-22 18:16:01,887.05,C,mastercard,debit,gmail.com,,MAD
9003160,2025-02-22 18:20:08,4314.23,W,visa,credit,gmail.com,mobile,MAD
9004139,2025-02-22 19:00:37,230.51,W,visa,credit,outlook.com,mobile,MAD
9003418,2025-02-22 19:14:43,369.53,W,visa,credit,gmail.com,desktop,MAD
9004479,2025-02-22 19:16:32,373.07,W,visa,debit,gmail.com,mobile,MAD
9000492,2025-02-22 19:34:58,552.64,W,mastercard,debit,yahoo.fr,desktop,MAD
9002227,2025-02-22 19:51:38,195.99,W,mastercard,credit,gmail.com,mobile,MAD
9002386,2025-02-22 20:00:41,188.15,W,mastercard,credit,yahoo.fr,,MAD
9003841,2025-02-22 20:03:56,359.47,W,visa,debit,gmail.com,mobile,MAD
9001943,2025-02-22 20:13:44,548.16,W,visa,debit,hotmail.com,,MAD
9004817,2025-02-22 20:30:23,233.29,H,mastercard,debit,menara.ma,desktop,MAD
9001408,2025-02-22 20:35:35,267.02,W,mastercard,debit,yahoo.fr,mobile,MAD
9002756,2025-02-22 20:41:25,263.6,H,mastercard,debit,gmail.com,mobile,MAD
9000921,2025-02-22 20:42:24,141.52,W,visa,debit,gmail.com,desktop,MAD
9001201,2025-02-22 20:47:15,237.84,H,mastercard,credit,hotmail.com,mobile,MAD
9004540,2025-02-22 21:05:06,288.25,H,visa,credit,hotmail.com,mobile,MAD
9000812,2025-02-22 21:11:15,583.03,C,mastercard,debit,gmail.com,desktop,MAD
9000517,2025-02-22 21:17:23,655.48,W,visa,debit,gmail.com,mobile,MAD
9002818,2025-02-22 21:26:34,286.05,R,visa,debit,gmail.com,mobile,MAD
9003239,2025-02-22 21:48:58,489.86,W,visa,debit,gmail.com,mobile,MAD
9002390,2025-02-22 23:47:33,608.4,H,mastercard,debit,gmail.com,mobile,MAD
9002797,2025-02-22 23:57:16,447.37,R,mastercard,credit,outlook.com,,MAD
9001815,2025-02-23 00:17:57,300.9,W,visa,debit,gmail.com,,MAD
9003162,2025-02-23 02:28:00,483.92,W,visa,debit,gmail.com,mobile,MAD
9004990,2025-02-23 03:21:21,334.66,R,visa,credit,hotmail.com,desktop,MAD
9001324,2025-02-23 04:33:10,501.0,R,mastercard,debit,gmail.com,desktop,MAD
9002042,2025-02-23 04:37:02,353.78,H,visa,debit,gmail.com,mobile,MAD
9001912,2025-02-23 06:04:44,389.57,R,visa,debit,hotmail.com,,MAD
9001606,2025-02-23 07:13:09,2011.59,W,visa,debit,gmail.com,mobile,MAD
9000364,2025-02-23 07:40:11,828.27,C,visa,debit,hotmail.com,desktop,MAD
9000375,2025-02-23 08:20:07,61.34,H,visa,debit,gmail.com,mobile,MAD
9000389,2025-02-23 08:23:34,163.65,W,mastercard,credit,yahoo.fr,,MAD
9001752,2025-02-23 08:34:35,569.16,W,mastercard,debit,gmail.com,mobile,MAD
9004012,2025-02-23 08:37:31,317.09,W,visa,debit,hotmail.com,mobile,MAD
9003795,2025-02-23 08:52:26,397.97,W,visa,debit,gmail.com,desktop,MAD
9000048,2025-02-23 09:10:00,252.16,W,visa,debit,gmail.com,desktop,MAD
9001304,2025-02-23 09:31:14,888.78,R,mastercard,debit,hotmail.com,,MAD
9001878,2025-02-23 09:56:15,421.27,W,visa,credit,menara.ma,mobile,MAD
9002091,2025-02-23 10:31:38,787.98,W,visa,debit,menara.ma,,MAD
9000095,2025-02-23 11:16:15,1224.29,R,mastercard,debit,yahoo.fr,mobile,MAD
9000740,2025-02-23 11:41:39,717.2,W,visa,debit,yahoo.fr,,MAD
9001557,2025-02-23 11:46:19,464.64,W,mastercard,debit,gmail.com,mobile,MAD
9004728,2025-02-23 11:55:33,140.26,W,visa,debit,gmail.com,mobile,MAD
9004565,2025-02-23 12:22:14,218.83,H,visa,debit,outlook.com,,MAD
9000565,2025-02-23 12:24:58,1541.99,C,visa,debit,gmail.com,desktop,MAD
9004282,2025-02-23 12:43:26,310.27,W,visa,debit,gmail.com,,MAD
9004701,2025-02-23 12:45:05,315.57,S,mastercard,debit,gmail.com,mobile,MAD
9002978,2025-02-23 13:01:54,272.35,W,visa,debit,hotmail.com,desktop,MAD
9003831,2025-02-23 13:46:40,346.36,W,visa,debit,gmail.com,mobile,MAD
9001384,2025-02-23 13:51:00,123.42,W,mastercard,debit,hotmail.com,mobile,MAD
9000358,2025-02-23 13:54:41,487.88,C,mastercard,debit,gmail.com,mobile,MAD
9003506,2025-02-23 14:42:17,264.98,C,mastercard,debit,gmail.com,mobile,MAD
9002498,2025-02-23 14:46:43,88.02,W,visa,debit,gmail.com,desktop,MAD
9004597,2025-02-23 14:56:36,234.52,W,mastercard,debit,outlook.com,mobile,MAD
9004574,2025-02-23 15:12:52,228.81,W,visa,debit,gmail.com,,MAD
9004433,2025-02-23 15:14:23,180.6,H,mastercard,debit,hotmail.com,desktop,MAD
9000362,2025-02-23 15:59:48,670.42,W,visa,debit,gmail.com,,MAD
9004469,2025-02-23 16:00:17,566.59,W,visa,debit,gmail.com,desktop,MAD
9002471,2025-02-23 16:04:31,308.11,H,visa,credit,gmail.com,desktop,MAD
9000304,2025-02-23 16:13:20,221.17,W,visa,debit,gmail.com,mobile,MAD
9003126,2025-02-23 16:28:41,306.32,W,mastercard,debit,yahoo.fr,mobile,MAD
9001632,2025-02-23 16:32:50,1437.19,W,visa,credit,gmail.com,mobile,MAD
9002757,2025-02-23 16:36:11,365.25,W,visa,debit,yahoo.fr,mobile,MAD
9003820,2025-02-23 16:38:45,570.23,H,visa,debit,menara.ma,,MAD
9000579,2025-02-23 16:59:03,269.43,W,mastercard,credit,gmail.com,desktop,MAD
9004717,2025-02-23 17:20:59,978.32,W,visa,debit,hotmail.com,mobile,MAD
9002240,2025-02-23 17:43:35,585.86,H,visa,debit,gmail.com,mobile,MAD
9004620,2025-02-23 17:46:03,446.8,W,visa,debit,gmail.com,desktop,MAD
9002838,2025-02-23 17:52:03,89.58,W,visa,debit,gmail.com,,MAD
9001004,2025-02-23 17:53:51,83.2,S,visa,debit,gmail.com,mobile,MAD
9004713,2025-02-23 17:56:29,196.09,R,mastercard,debit,gmail.com,desktop,MAD
9004933,2025-02-23 18:04:37,503.62,R,visa,debit,gmail.com,mobile,MAD
9001692,2025-02-23 18:30:38,886.34,H,visa,debit,yahoo.fr,mobile,MAD
9002300,2025-02-23 18:38:41,470.47,W,visa,debit,outlook.com,desktop,MAD
9002452,2025-02-23 18:55:31,917.81,R,visa,debit,gmail.com,mobile,MAD
9003428,2025-02-23 19:06:33,802.9,W,mastercard,debit,gmail.com,,MAD
9003243,2025-02-23 19:14:35,96.23,S,mastercard,debit,gmail.com,desktop,MAD
9004808,2025-02-23 19:30:05,990.85,W,visa,credit,yahoo.fr,desktop,MAD
9002446,2025-02-23 19:43:40,270.04,W,visa,debit,gmail.com,desktop,MAD
9003030,2025-02-23 19:58:27,204.06,W,visa,debit,gmail.com,desktop,MAD
9004406,2025-02-23 19:58:40,193.06,R,visa,debit,gmail.com,desktop,MAD
9004450,2025-02-23 20:36:20,128.34,H,mastercard,debit,gmail.com,mobile,MAD
9000904,2025-02-23 20:36:50,637.49,W,mastercard,debit,hotmail.com,mobile,MAD
9004863,2025-02-23 20:47:55,215.95,W,mastercard,debit,menara.ma,mobile,MAD
9000828,2025-02-23 20:52:24,217.52,W,mastercard,debit,gmail.com,mobile,MAD
9001471,2025-02-23 21:00:27,787.91,W,visa,debit,outlook.com,desktop,MAD
9001389,2025-02-23 21:50:38,613.38,W,mastercard,debit,outlook.com,mobile,MAD
9000035,2025-02-23 22:28:00,609.27,S,mastercard,debit,gmail.com,mobile,MAD
9004334,2025-02-23 22:57:56,215.21,W,visa,debit,gmail.com,desktop,MAD
9003474,2025-02-23 23:21:38,383.28,W,visa,credit,gmail.com,,MAD
9002061,2025-02-23 23:35:53,340.04,W,mastercard,debit,gmail.com,mobile,MAD
9001375,2025-02-23 23:40:04,461.17,W,visa,credit,gmail.com,mobile,MAD
9002531,2025-02-24 01:44:34,289.27,W,mastercard,debit,hotmail.com,mobile,MAD
9001732,2025-02-24 04:58:53,231.6,W,mastercard,debit,gmail.com,desktop,MAD
9000943,2025-02-24 05:12:30,950.29,W,visa,debit,yahoo.fr,,MAD
9000067,2025-02-24 05:41:40,116.49,W,visa,debit,gmail.com,desktop,MAD
9002068,2025-02-24 05:55:56,174.82,S,visa,debit,hotmail.com,desktop,MAD
9001708,2025-02-24 06:11:58,132.38,W,visa,credit,gmail.com,mobile,MAD
9003202,2025-02-24 07:18:51,504.18,W,visa,debit,gmail.com,desktop,MAD
9002164,2025-02-24 07:21:41,292.66,H,mastercard,debit,gmail.com,,MAD
9004850,2025-02-24 08:05:44,805.67,W,visa,debit,gmail.com,mobile,MAD
9002693,2025-02-24 08:41:00,172.01,S,mastercard,debit,gmail.com,desktop,MAD
9001206,2025-02-24 08:44:55,1595.16,W,mastercard,debit,outlook.com,mobile,MAD
9001154,2025-02-24 09:00:31,175.57,H,visa,credit,gmail.com,mobile,MAD
9003826,2025-02-24 09:14:48,924.84,C,visa,debit,menara.ma,mobile,MAD
9003704,2025-02-24 09:30:25,104.43,W,visa,credit,gmail.com,mobile,MAD
9003910,2025-02-24 09:31:57,392.84,W,visa,debit,gmail.com,,MAD
9000642,2025-02-24 09:38:53,244.87,R,mastercard,debit,yahoo.fr,desktop,MAD
9000843,2025-02-24 09:40:29,978.7,W,visa,credit,hotmail.com,mobile,MAD
9002785,2025-02-24 09:42:14,347.78,C,visa,debit,gmail.com,mobile,MAD
9000345,2025-02-24 09:47:57,769.17,W,visa,debit,gmail.com,mobile,MAD
9004207,2025-02-24 09:58:54,840.77,H,visa,credit,yahoo.fr,desktop,MAD
9004515,2025-02-24 10:03:13,864.09,C,visa,debit,gmail.com,mobile,MAD
9001037,2025-02-24 10:17:49,589.95,W,visa,debit,gmail.com,mobile,MAD
9002633,2025-02-24 10:31:20,702.23,S,visa,debit,gmail.com,mobile,MAD
9001108,2025-02-24 10:42:11,1376.68,W,visa,debit,gmail.com,desktop,MAD
9001390,2025-02-24 10:54:14,1081.1,W,mastercard,credit,gmail.com,desktop,MAD
9002287,2025-02-24 11:11:28,1389.49,W,mastercard,debit,yahoo.fr,mobile,MAD
9003750,2025-02-24 12:34:25,775.38,C,visa,debit,gmail.com,mobile,MAD
9004823,2025-02-24 12:34:56,623.11,W,visa,credit,hotmail.com,mobile,MAD
9001354,2025-02-24 12:37:31,197.02,W,visa,debit,outlook.com,,MAD
9002989,2025-02-24 13:02:25,128.39,C,visa,debit,gmail.com,desktop,MAD
9002894,2025-02-24 13:03:11,660.95,W,mastercard,debit,gmail.com,mobile,MAD
9003109,2025-02-24 13:16:32,229.13,H,mastercard,debit,yahoo.fr,desktop,MAD
9001315,2025-02-24 13:37:55,212.01,W,visa,credit,gmail.com,,MAD
9002114,2025-02-24 13:40:39,326.7,W,visa,debit,gmail.com,desktop,MAD
9004249,2025-02-24 13:44:53,755.5,W,mastercard,debit,yahoo.fr,mobile,MAD
9004981,2025-02-24 14:23:49,530.59,W,visa,debit,outlook.com,desktop,MAD
9000840,2025-02-24 14:25:41,366.32,H,mastercard,debit,hotmail.com,desktop,MAD
9004190,2025-02-24 14:29:35,447.32,R,visa,debit,gmail.com,mobile,MAD
9001507,2025-02-24 14:36:28,68.48,W,visa,debit,menara.ma,mobile,MAD
9003095,2025-02-24 15:05:20,256.59,W,visa,debit,gmail.com,mobile,MAD
9001826,2025-02-24 15:38:13,206.81,W,mastercard,credit,gmail.com,mobile,MAD
9000220,2025-02-24 15:53:47,614.15,C,visa,debit,hotmail.com,mobile,MAD
9000202,2025-02-24 15:59:53,279.88,H,mastercard,credit,outlook.com,,MAD
9002796,2025-02-24 16:18:10,290.7,C,visa,credit,hotmail.com,desktop,MAD
9002101,2025-02-24 16:20:08,831.63,W,visa,debit,outlook.com,mobile,MAD
9000529,2025-02-24 16:28:40,103.47,W,visa,debit,yahoo.fr,,MAD
9002113,2025-02-24 17:21:00,210.08,H,mastercard,credit,gmail.com,mobile,MAD
9004153,2025-02-24 17:36:11,235.05,R,visa,debit,menara.ma,mobile,MAD
9003590,2025-02-24 18:09:35,398.16,W,mastercard,debit,gmail.com,mobile,MAD
9000179,2025-02-24 18:19:22,844.31,W,american express,debit,yahoo.fr,,MAD
9004514,2025-02-24 18:44:58,133.53,C,mastercard,debit,outlook.com,mobile,MAD
9002778,2025-02-24 18:46:36,439.53,W,visa,debit,gmail.com,mobile,MAD
9003128,2025-02-24 18:47:15,144.25,C,mastercard,debit,menara.ma,desktop,MAD
9004081,2025-02-24 19:09:55,71.21,W,mastercard,debit,gmail.com,mobile,MAD
9001951,2025-02-24 19:23:16,404.16,R,visa,debit,gmail.com,desktop,MAD
9003518,2025-02-24 19:23:31,595.59,W,mastercard,debit,gmail.com,,MAD
9001428,2025-02-24 19:36:25,501.72,W,visa,credit,gmail.com,mobile,MAD
9002305,2025-02-24 19:51:53,1306.31,C,mastercard,debit,gmail.com,mobile,MAD
9003298,2025-02-24 20:22:03,188.98,W,visa,debit,hotmail.com,desktop,MAD
9001569,2025-02-24 21:34:44,83.49,W,mastercard,debit,yahoo.fr,,MAD
9000592,2025-02-24 21:44:07,101.22,H,visa,debit,gmail.com,mobile,MAD
9002939,2025-02-24 21:46:08,631.59,H,visa,debit,gmail.com,desktop,MAD
9000324,2025-02-24 21:59:29,1648.23,C,visa,debit,yahoo.fr,desktop,MAD
9003384,2025-02-24 22:17:33,621.19,W,visa,credit,yahoo.fr,desktop,MAD
9001287,2025-02-24 22:40:50,122.28,S,visa,debit,gmail.com,desktop,MAD
9004988,2025-02-25 02:08:24,562.94,W,american express,credit,hotmail.com,,MAD
9003402,2025-02-25 03:27:00,1939.62,W,visa,debit,gmail.com,,MAD
9003658,2025-02-25 05:03:04,278.46,W,mastercard,debit,yahoo.fr,,MAD
9003445,2025-02-25 05:04:29,537.75,W,mastercard,debit,outlook.com,mobile,MAD
9002533,2025-02-25 05:06:31,258.5,W,mastercard,debit,gmail.com,desktop,MAD
9004851,2025-02-25 05:09:16,610.51,C,visa,debit,menara.ma,,MAD
9003276,2025-02-25 05:37:30,203.53,S,visa,debit,gmail.com,desktop,MAD
9004132,2025-02-25 06:33:24,301.01,S,mastercard,debit,gmail.com,desktop,MAD
9003643,2025-02-25 07:08:35,3118.87,W,visa,credit,gmail.com,mobile,MAD
9002887,2025-02-25 07:15:51,517.2,W,mastercard,debit,outlook.com,mobile,MAD
9000669,2025-02-25 07:20:00,154.18,W,american express,credit,outlook.com,mobile,MAD
9004543,2025-02-25 07:33:56,1280.01,C,visa,debit,gmail.com,mobile,MAD
9002862,2025-02-25 07:36:37,266.56,R,mastercard,debit,gmail.com,mobile,MAD
9000438,2025-02-25 07:46:08,379.65,R,mastercard,credit,gmail.com,,MAD
9003003,2025-02-25 08:08:36,365.31,H,visa,debit,gmail.com,desktop,MAD
9004380,2025-02-25 08:09:08,917.86,W,visa,debit,gmail.com,mobile,MAD
9000715,2025-02-25 08:17:30,332.58,C,visa,debit,yahoo.fr,,MAD
9002014,2025-02-25 08:34:09,1174.22,W,visa,debit,gmail.com,desktop,MAD
9004959,2025-02-25 08:47:27,318.59,R,mastercard,debit,gmail.com,mobile,MAD
9003801,2025-02-25 09:11:13,594.22,W,visa,debit,gmail.com,mobile,MAD
9002675,2025-02-25 09:16:50,927.91,W,visa,debit,yahoo.fr,mobile,MAD
9001182,2025-02-25 09:20:20,354.48,W,visa,debit,gmail.com,desktop,MAD
9004989,2025-02-25 09:23:11,221.18,W,visa,credit,yahoo.fr,desktop,MAD
9003642,2025-02-25 09:44:25,111.74,H,visa,debit,outlook.com,mobile,MAD
9000470,2025-02-25 09:49:23,571.78,W,visa,debit,outlook.com,desktop,MAD
9004640,2025-02-25 09:53:03,1678.63,R,mastercard,credit,gmail.com,mobile,MAD
9002228,2025-02-25 10:04:11,692.0,W,mastercard,debit,hotmail.com,desktop,MAD
9004431,2025-02-25 10:39:04,256.8,W,visa,credit,menara.ma,desktop,MAD
9000527,2025-02-25 10:40:39,144.23,S,mastercard,debit,menara.ma,mobile,MAD
9003734,2025-02-25 10:42:07,204.49,H,visa,credit,gmail.com,mobile,MAD
9000586,2025-02-25 11:10:36,276.18,C,mastercard,credit,outlook.com,mobile,MAD
9003845,2025-02-25 11:20:27,665.17,H,visa,credit,gmail.com,mobile,MAD
9004292,2025-02-25 11:29:52,175.67,W,visa,credit,hotmail.com,mobile,MAD
9001751,2025-02-25 11:32:32,441.68,R,mastercard,debit,gmail.com,mobile,MAD
9000969,2025-02-25 11:36:10,175.48,C,american express,debit,hotmail.com,mobile,MAD
9001262,2025-02-25 11:38:59,453.73,R,visa,debit,outlook.com,mobile,MAD
9000577,2025-02-25 11:40:52,1539.11,H,visa,credit,menara.ma,mobile,MAD
9000264,2025-02-25 11:42:07,763.05,W,mastercard,debit,yahoo.fr,,MAD
9001972,2025-02-25 11:50:17,292.23,W,mastercard,debit,yahoo.fr,desktop,MAD
9004820,2025-02-25 11:51:32,842.73,W,visa,debit,gmail.com,mobile,MAD
9004731,2025-02-25 11:56:16,1143.04,H,mastercard,debit,gmail.com,mobile,MAD
9004829,2025-02-25 11:59:49,245.72,W,mastercard,debit,gmail.com,mobile,MAD
9002572,2025-02-25 12:13:52,374.18,R,mastercard,credit,outlook.com,desktop,MAD
9000862,2025-02-25 12:17:45,586.56,H,mastercard,debit,yahoo.fr,mobile,MAD
9002413,2025-02-25 12:34:56,222.32,R,mastercard,credit,gmail.com,mobile,MAD
9000530,2025-02-25 12:38:05,562.34,W,visa,debit,gmail.com,desktop,MAD
9004335,2025-02-25 12:57:06,295.55,W,mastercard,debit,gmail.com,mobile,MAD
9003605,2025-02-25 13:06:23,84.06,W,mastercard,debit,hotmail.com,mobile,MAD
9002733,2025-02-25 13:23:53,132.22,W,visa,debit,hotmail.com,mobile,MAD
9002166,2025-02-25 13:32:03,143.38,W,visa,debit,gmail.com,desktop,MAD
9004979,2025-02-25 13:33:29,307.36,R,visa,debit,gmail.com,mobile,MAD
9004273,2025-02-25 13:59:58,322.82,R,visa,credit,outlook.com,mobile,MAD
9001948,2025-02-25 14:01:32,212.57,W,mastercard,credit,hotmail.com,desktop,MAD
9000733,2025-02-25 14:18:37,472.67,H,mastercard,credit,outlook.com,,MAD
9004268,2025-02-25 14:19:18,224.22,R,mastercard,debit,gmail.com,desktop,MAD
9001103,2025-02-25 14:23:04,1587.67,C,discover,debit,tutanota.com,desktop,MAD
9002570,2025-02-25 14:43:35,711.77,W,mastercard,debit,hotmail.com,,MAD
9000693,2025-02-25 15:07:09,423.51,W,visa,debit,hotmail.com,mobile,MAD
9001170,2025-02-25 15:07:33,149.68,H,visa,debit,outlook.com,desktop,MAD
9001516,2025-02-25 15:14:58,1102.82,W,visa,debit,hotmail.com,mobile,MAD
9001006,2025-02-25 15:16:41,328.15,W,mastercard,debit,gmail.com,mobile,MAD
9001977,2025-02-25 15:17:38,312.55,W,visa,debit,gmail.com,mobile,MAD
9002625,2025-02-25 15:20:45,156.94,S,mastercard,credit,hotmail.com,mobile,MAD
9004232,2025-02-25 15:26:16,374.74,W,visa,debit,yahoo.fr,mobile,MAD
9001990,2025-02-25 15:36:18,234.95,C,mastercard,debit,gmail.com,mobile,MAD
9003495,2025-02-25 15:56:59,227.36,C,mastercard,credit,hotmail.com,,MAD
9002624,2025-02-25 15:59:31,1263.03,C,mastercard,credit,menara.ma,mobile,MAD
9004295,2025-02-25 16:01:45,794.57,W,mastercard,debit,menara.ma,desktop,MAD
9003972,2025-02-25 16:15:07,214.2,W,mastercard,debit,hotmail.com,desktop,MAD
9003892,2025-02-25 16:16:57,267.65,R,visa,debit,gmail.com,desktop,MAD
9003749,2025-02-25 16:32:25,233.92,W,visa,debit,yahoo.fr,mobile,MAD
9000024,2025-02-25 16:32:42,154.63,S,mastercard,debit,menara.ma,mobile,MAD
9002500,2025-02-25 16:32:43,1588.48,W,visa,debit,hotmail.com,mobile,MAD
9002612,2025-02-25 16:32:59,270.72,W,mastercard,credit,gmail.com,desktop,MAD
9002383,2025-02-25 16:34:12,1079.13,H,visa,debit,outlook.com,mobile,MAD
9001564,2025-02-25 16:35:35,175.56,W,mastercard,debit,gmail.com,mobile,MAD
9000061,2025-02-25 16:41:59,668.5,R,visa,debit,gmail.com,mobile,MAD
9001273,2025-02-25 17:18:10,340.67,S,visa,credit,gmail.com,desktop,MAD
9001679,2025-02-25 17:24:28,306.68,W,visa,debit,yahoo.fr,mobile,MAD
9004369,2025-02-25 17:36:09,376.62,S,mastercard,debit,gmail.com,desktop,MAD
9001533,2025-02-25 17:36:35,653.21,W,visa,credit,hotmail.com,mobile,MAD
9003114,2025-02-25 17:38:11,150.6,W,visa,credit,gmail.com,desktop,MAD
9003313,2025-02-25 17:44:40,309.98,W,mastercard,debit,hotmail.com,mobile,MAD
9002961,2025-02-25 17:46:44,306.09,W,visa,debit,hotmail.com,mobile,MAD
9004436,2025-02-25 18:05:10,600.79,H,mastercard,debit,gmail.com,desktop,MAD
9003896,2025-02-25 18:31:35,200.6,H,american express,debit,gmail.com,mobile,MAD
9001081,2025-02-25 18:34:05,937.02,C,visa,credit,yahoo.fr,,MAD
9002493,2025-02-25 18:41:48,355.11,W,visa,debit,gmail.com,mobile,MAD
9001705,2025-02-25 18:43:46,741.96,W,visa,debit,gmail.com,mobile,MAD
9002831,2025-02-25 18:58:12,361.07,W,mastercard,debit,gmail.com,desktop,MAD
9001143,2025-02-25 19:11:53,401.92,H,visa,debit,gmail.com,mobile,MAD
9003900,2025-02-25 19:20:52,593.07,C,visa,debit,gmail.com,desktop,MAD
9003201,2025-02-25 19:22:37,456.91,R,visa,debit,menara.ma,desktop,MAD
9000452,2025-02-25 19:23:35,732.64,R,visa,debit,yahoo.fr,desktop,MAD
9003330,2025-02-25 19:29:28,316.72,W,visa,debit,gmail.com,,MAD
9000153,2025-02-25 19:32:10,487.56,W,visa,credit,gmail.com,mobile,MAD
9000722,2025-02-25 19:36:46,670.04,W,visa,credit,gmail.com,mobile,MAD
9000491,2025-02-25 19:41:48,256.67,W,mastercard,credit,gmail.com,mobile,MAD
9003943,2025-02-25 19:59:12,380.27,H,visa,debit,menara.ma,mobile,MAD
9001623,2025-02-25 20:17:59,162.52,W,visa,debit,gmail.com,desktop,MAD
9001530,2025-02-25 20:39:57,363.71,C,mastercard,debit,yahoo.fr,mobile,MAD
9001067,2025-02-25 20:48:05,616.58,R,mastercard,debit,gmail.com,,MAD
9004840,2025-02-25 20:53:28,60.51,W,visa,credit,gmail.com,mobile,MAD
9004869,2025-02-25 21:14:46,304.84,W,visa,credit,gmail.com,mobile,MAD
9003520,2025-02-25 21:25:47,416.81,C,mastercard,debit,gmail.com,mobile,MAD
9004430,2025-02-25 22:00:06,202.61,C,mastercard,debit,hotmail.com,mobile,MAD
9004088,2025-02-25 22:31:26,203.66,W,mastercard,debit,gmail.com,mobile,MAD
9000499,2025-02-25 22:34:09,438.75,C,mastercard,debit,outlook.com,mobile,MAD
9000421,2025-02-25 23:00:27,375.28,W,visa,debit,hotmail.com,desktop,MAD
9000804,2025-02-25 23:37:25,130.54,W,visa,credit,hotmail.com,,MAD
9003352,2025-02-26 00:26:00,4189.79,R,visa,debit,hotmail.com,mobile,MAD
9003186,2025-02-26 02:07:53,404.24,W,mastercard,debit,hotmail.com,mobile,MAD
9004237,2025-02-26 02:08:28,247.99,S,mastercard,credit,gmail.com,mobile,MAD
9001837,2025-02-26 02:10:46,1194.26,W,visa,credit,gmail.com,mobile,MAD
9000571,2025-02-26 02:51:26,660.44,C,mastercard,debit,gmail.com,mobile,MAD
9000081,2025-02-26 03:27:41,517.29,W,visa,debit,yahoo.fr,mobile,MAD
9003743,2025-02-26 05:58:43,244.88,C,mastercard,debit,gmail.com,desktop,MAD
9004381,2025-02-26 06:03:27,689.09,C,mastercard,credit,hotmail.com,desktop,MAD
9000348,2025-02-26 06:24:05,1280.73,C,visa,debit,outlook.com,mobile,MAD
9001689,2025-02-26 06:33:06,1009.25,C,visa,debit,gmail.com,mobile,MAD
9000382,2025-02-26 07:01:54,188.67,C,visa,credit,gmail.com,,MAD
9000763,2025-02-26 07:27:17,170.67,W,mastercard,debit,gmail.com,mobile,MAD
9003462,2025-02-26 08:03:57,1285.55,W,visa,debit,gmail.com,mobile,MAD
9002289,2025-02-26 08:12:18,213.22,S,visa,debit,gmail.com,mobile,MAD
9003705,2025-02-26 08:41:31,805.3,W,mastercard,credit,hotmail.com,mobile,MAD
9001447,2025-02-26 09:06:27,200.51,H,visa,debit,gmail.com,mobile,MAD
9004468,2025-02-26 09:10:34,57.43,W,visa,debit,gmail.com,desktop,MAD
9001910,2025-02-26 09:11:52,1638.82,C,visa,debit,gmail.com,,MAD
9001874,2025-02-26 09:25:13,424.77,W,visa,credit,gmail.com,desktop,MAD
9001109,2025-02-26 09:46:07,517.67,W,visa,debit,gmail.com,mobile,MAD
9001443,2025-02-26 09:56:55,940.57,W,visa,debit,hotmail.com,desktop,MAD
9002908,2025-02-26 09:58:11,584.28,H,mastercard,debit,yahoo.fr,,MAD
9004602,2025-02-26 10:02:54,1143.24,R,visa,credit,hotmail.com,desktop,MAD
9002458,2025-02-26 10:07:33,267.01,W,mastercard,debit,gmail.com,desktop,MAD
9003688,2025-02-26 10:12:00,515.37,W,visa,credit,hotmail.com,,MAD
9002148,2025-02-26 10:24:00,65.9,H,visa,debit,gmail.com,mobile,MAD
9002397,2025-02-26 10:32:02,176.52,W,mastercard,debit,outlook.com,,MAD
9004122,2025-02-26 10:40:30,671.48,W,visa,credit,hotmail.com,mobile,MAD
9001421,2025-02-26 10:42:33,169.99,H,mastercard,credit,hotmail.com,mobile,MAD
9002744,2025-02-26 10:52:29,27317.65,C,visa,debit,gmail.com,mobile,MAD
9003961,2025-02-26 10:56:44,357.69,S,visa,debit,gmail.com,mobile,MAD
9004687,2025-02-26 10:59:45,754.61,W,visa,debit,yahoo.fr,mobile,MAD
9004404,2025-02-26 11:06:55,341.13,H,mastercard,debit,outlook.com,desktop,MAD
9000949,2025-02-26 11:14:52,761.23,W,visa,debit,gmail.com,,MAD
9002631,2025-02-26 11:21:10,303.43,W,mastercard,credit,gmail.com,desktop,MAD
9002791,2025-02-26 11:31:26,427.64,C,visa,debit,hotmail.com,,MAD
9002528,2025-02-26 11:39:55,791.11,W,visa,debit,menara.ma,,MAD
9002782,2025-02-26 11:47:00,122.65,H,visa,debit,hotmail.com,desktop,MAD
9003921,2025-02-26 12:23:08,915.98,H,visa,credit,gmail.com,mobile,MAD
9000640,2025-02-26 12:27:20,533.96,W,visa,credit,outlook.com,mobile,MAD
9002233,2025-02-26 12:45:35,643.14,W,visa,debit,outlook.com,mobile,MAD
9002221,2025-02-26 13:15:03,312.23,H,visa,credit,gmail.com,mobile,MAD
9000319,2025-02-26 13:26:13,93.73,S,visa,debit,yahoo.fr,,MAD
9002097,2025-02-26 13:55:09,541.08,W,mastercard,credit,yahoo.fr,desktop,MAD
9000764,2025-02-26 14:01:45,433.6,R,visa,credit,gmail.com,,MAD
9001766,2025-02-26 14:06:29,556.78,W,visa,credit,yahoo.fr,,MAD
9000680,2025-02-26 14:19:37,132.22,W,visa,debit,outlook.com,desktop,MAD
9004723,2025-02-26 14:35:02,740.72,H,visa,credit,hotmail.com,,MAD
9000754,2025-02-26 14:38:53,664.56,W,visa,credit,gmail.com,mobile,MAD
9002620,2025-02-26 14:52:49,478.2,S,visa,credit,outlook.com,desktop,MAD
9000383,2025-02-26 15:04:59,325.04,W,visa,debit,hotmail.com,mobile,MAD
9004208,2025-02-26 15:23:31,369.71,S,mastercard,credit,gmail.com,desktop,MAD
9000926,2025-02-26 15:41:27,126.91,W,mastercard,debit,gmail.com,,MAD
9004438,2025-02-26 15:50:46,292.83,C,visa,debit,gmail.com,mobile,MAD
9000936,2025-02-26 15:50:54,263.47,W,visa,debit,gmail.com,mobile,MAD
9001727,2025-02-26 16:25:43,344.08,W,visa,debit,gmail.com,mobile,MAD
9004074,2025-02-26 16:51:26,1288.23,C,mastercard,credit,outlook.com,mobile,MAD
9004960,2025-02-26 17:07:33,493.74,W,visa,debit,gmail.com,mobile,MAD
9003441,2025-02-26 17:08:12,457.99,H,visa,debit,yahoo.fr,,MAD
9000286,2025-02-26 17:19:37,1375.85,W,mastercard,debit,gmail.com,mobile,MAD
9000694,2025-02-26 17:30:25,515.94,W,visa,credit,gmail.com,mobile,MAD
9003439,2025-02-26 17:43:23,829.95,W,visa,credit,gmail.com,mobile,MAD
9002054,2025-02-26 17:49:15,215.34,W,visa,debit,gmail.com,desktop,MAD
9002953,2025-02-26 18:04:58,498.78,W,visa,debit,hotmail.com,mobile,MAD
9002878,2025-02-26 18:26:14,367.42,W,mastercard,debit,gmail.com,mobile,MAD
9000965,2025-02-26 18:27:10,831.39,W,mastercard,credit,gmail.com,desktop,MAD
9003310,2025-02-26 18:28:12,106.77,W,visa,debit,gmail.com,mobile,MAD
9001681,2025-02-26 18:28:42,1446.04,W,visa,credit,gmail.com,,MAD
9004911,2025-02-26 18:37:10,124.92,W,mastercard,credit,gmail.com,mobile,MAD
9003956,2025-02-26 18:45:17,1294.02,C,mastercard,debit,gmail.com,mobile,MAD
9000181,2025-02-26 19:02:18,259.32,R,mastercard,debit,menara.ma,desktop,MAD
9004477,2025-02-26 19:20:11,271.96,W,mastercard,credit,yahoo.fr,,MAD
9002942,2025-02-26 19:51:57,432.99,W,visa,debit,outlook.com,desktop,MAD
9003172,2025-02-26 20:05:35,613.1,W,mastercard,debit,hotmail.com,mobile,MAD
9002695,2025-02-26 20:13:20,464.43,W,mastercard,debit,gmail.com,,MAD
9002169,2025-02-26 20:31:48,299.58,W,visa,credit,gmail.com,,MAD
9003553,2025-02-26 20:40:13,103.21,W,mastercard,debit,gmail.com,,MAD
9002649,2025-02-26 20:59:32,465.23,W,visa,debit,menara.ma,mobile,MAD
9000409,2025-02-26 21:01:53,561.03,C,visa,debit,outlook.com,,MAD
9004965,2025-02-26 21:21:24,140.16,W,mastercard,debit,gmail.com,mobile,MAD
9002828,2025-02-26 21:24:20,609.75,W,visa,debit,yahoo.fr,mobile,MAD
9002918,2025-02-26 22:00:08,188.75,R,mastercard,debit,gmail.com,mobile,MAD
9002713,2025-02-26 22:17:49,306.2,C,visa,credit,gmail.com,mobile,MAD
9001377,2025-02-27 00:29:48,721.94,R,visa,credit,gmail.com,desktop,MAD
9000200,2025-02-27 00:54:00,833.59,H,visa,debit,yahoo.fr,mobile,MAD
9001930,2025-02-27 04:39:11,449.72,R,mastercard,debit,gmail.com,mobile,MAD
9000853,2025-02-27 05:17:06,382.2,C,visa,debit,outlook.com,desktop,MAD
9000274,2025-02-27 05:29:48,687.66,W,mastercard,debit,menara.ma,desktop,MAD
9000340,2025-02-27 05:30:42,355.62,H,mastercard,credit,gmail.com,desktop,MAD
9004006,2025-02-27 05:37:52,222.57,R,visa,debit,gmail.com,desktop,MAD
9001700,2025-02-27 07:03:02,113.17,H,american express,debit,gmail.com,mobile,MAD
9004937,2025-02-27 07:47:27,223.66,W,visa,credit,yahoo.fr,mobile,MAD
9001440,2025-02-27 07:48:43,150.18,R,visa,credit,gmail.com,,MAD
9001448,2025-02-27 07:55:15,564.4,W,mastercard,credit,gmail.com,mobile,MAD
9003839,2025-02-27 08:25:59,108.31,W,visa,debit,hotmail.com,desktop,MAD
9001784,2025-02-27 08:26:05,598.6,C,mastercard,debit,gmail.com,mobile,MAD
9002117,2025-02-27 08:28:18,162.72,W,mastercard,debit,yahoo.fr,mobile,MAD
9002387,2025-02-27 08:40:18,206.06,W,visa,credit,menara.ma,mobile,MAD
9000451,2025-02-27 08:57:02,372.7,W,visa,credit,outlook.com,,MAD
9002513,2025-02-27 09:12:10,791.16,W,visa,debit,gmail.com,desktop,MAD
9000684,2025-02-27 09:16:07,298.74,R,mastercard,credit,gmail.com,mobile,MAD
9002677,2025-02-27 09:56:16,200.22,W,american express,credit,yahoo.fr,,MAD
9003902,2025-02-27 09:56:31,552.05,C,visa,credit,outlook.com,mobile,MAD
9004599,2025-02-27 10:10:42,316.77,W,visa,debit,hotmail.com,mobile,MAD
9002363,2025-02-27 10:22:52,587.65,W,mastercard,debit,yahoo.fr,mobile,MAD
9004357,2025-02-27 10:27:37,117.97,W,visa,debit,yahoo.fr,desktop,MAD
9004987,2025-02-27 10:29:27,591.89,R,mastercard,debit,hotmail.com,mobile,MAD
9000503,2025-02-27 10:47:45,352.88,W,visa,debit,gmail.com,desktop,MAD
9002543,2025-02-27 11:16:07,280.31,W,mastercard,credit,menara.ma,mobile,MAD
9002670,2025-02-27 11:23:24,355.79,R,visa,debit,outlook.com,mobile,MAD
9000515,2025-02-27 11:31:47,588.19,R,visa,credit,gmail.com,,MAD
9001939,2025-02-27 11:45:25,170.51,W,mastercard,credit,gmail.com,mobile,MAD
9003635,2025-02-27 11:48:30,261.41,H,mastercard,credit,yahoo.fr,desktop,MAD
9001083,2025-02-27 12:01:27,504.46,W,mastercard,debit,outlook.com,desktop,MAD
9002389,2025-02-27 12:06:18,436.26,H,mastercard,debit,gmail.com,mobile,MAD
9003488,2025-02-27 12:15:10,285.82,W,visa,credit,hotmail.com,mobile,MAD
9001934,2025-02-27 12:23:22,730.06,C,visa,credit,menara.ma,,MAD
9000999,2025-02-27 12:39:51,253.32,W,visa,credit,gmail.com,mobile,MAD
9001376,2025-02-27 13:24:47,357.66,W,visa,credit,hotmail.com,mobile,MAD
9003753,2025-02-27 13:33:20,13468.94,R,american express,credit,gmail.com,mobile,MAD
9001054,2025-02-27 14:23:13,218.05,W,mastercard,credit,gmail.com,mobile,MAD
9000683,2025-02-27 14:24:02,414.53,H,mastercard,credit,gmail.com,,MAD
9002770,2025-02-27 14:29:58,475.39,W,visa,debit,menara.ma,desktop,MAD
9002143,2025-02-27 14:43:14,462.81,R,mastercard,debit,yahoo.fr,mobile,MAD
9003664,2025-02-27 15:02:49,117.04,W,american express,debit,yahoo.fr,mobile,MAD
9002165,2025-02-27 15:18:27,893.98,W,visa,debit,gmail.com,desktop,MAD
9000466,2025-02-27 15:20:03,217.07,R,visa,credit,gmail.com,,MAD
9004510,2025-02-27 15:36:14,318.52,S,visa,credit,gmail.com,desktop,MAD
9001295,2025-02-27 15:58:56,218.99,W,mastercard,debit,hotmail.com,mobile,MAD
9003004,2025-02-27 16:14:45,127.52,W,mastercard,debit,gmail.com,desktop,MAD
9002814,2025-02-27 16:24:24,183.87,W,visa,debit,outlook.com,mobile,MAD
9003645,2025-02-27 16:26:03,369.53,W,visa,debit,yahoo.fr,mobile,MAD
9001369,2025-02-27 16:32:05,365.28,C,visa,debit,hotmail.com,desktop,MAD
9001810,2025-02-27 16:55:56,672.62,R,mastercard,credit,menara.ma,,MAD
9002837,2025-02-27 17:11:48,47.79,S,mastercard,debit,hotmail.com,desktop,MAD
9003214,2025-02-27 17:12:05,342.97,W,visa,credit,hotmail.com,desktop,MAD
9000337,2025-02-27 17:25:19,382.15,C,mastercard,credit,outlook.com,mobile,MAD
9001269,2025-02-27 17:48:28,321.51,W,mastercard,debit,gmail.com,,MAD
9002028,2025-02-27 17:57:36,275.15,W,visa,debit,gmail.com,mobile,MAD
9003036,2025-02-27 18:23:30,137.96,C,mastercard,credit,gmail.com,mobile,MAD
9000293,2025-02-27 18:28:09,1204.48,R,visa,credit,gmail.com,desktop,MAD
9004199,2025-02-27 18:32:57,346.66,S,mastercard,credit,gmail.com,desktop,MAD
9002668,2025-02-27 18:34:04,522.65,C,visa,debit,gmail.com,desktop,MAD
9001210,2025-02-27 18:41:57,665.67,W,visa,debit,gmail.com,mobile,MAD
9004643,2025-02-27 18:56:11,563.04,C,visa,debit,gmail.com,mobile,MAD
9003211,2025-02-27 18:56:24,436.17,H,visa,debit,gmail.com,mobile,MAD
9003840,2025-02-27 18:58:33,74.53,W,visa,debit,gmail.com,mobile,MAD
9003575,2025-02-27 19:04:11,699.27,W,mastercard,credit,gmail.com,desktop,MAD
9003383,2025-02-27 19:07:01,441.11,W,visa,credit,gmail.com,mobile,MAD
9000776,2025-02-27 19:13:09,355.8,W,visa,credit,gmail.com,mobile,MAD
9004872,2025-02-27 19:17:28,262.28,S,mastercard,credit,hotmail.com,mobile,MAD
9003398,2025-02-27 19:17:36,323.54,W,visa,credit,hotmail.com,mobile,MAD
9000448,2025-02-27 19:23:57,535.36,W,visa,debit,menara.ma,desktop,MAD
9002731,2025-02-27 19:30:21,86.03,S,visa,debit,gmail.com,desktop,MAD
9000195,2025-02-27 20:31:15,153.92,W,mastercard,debit,gmail.com,mobile,MAD
9000649,2025-02-27 20:34:10,149.58,W,visa,credit,gmail.com,mobile,MAD
9001223,2025-02-27 20:39:05,925.55,W,mastercard,debit,gmail.com,desktop,MAD
9001243,2025-02-27 20:56:40,403.65,W,mastercard,debit,gmail.com,,MAD
9004982,2025-02-27 21:17:30,670.18,H,visa,credit,gmail.com,mobile,MAD
9002122,2025-02-27 21:18:16,202.99,H,visa,debit,gmail.com,mobile,MAD
9001832,2025-02-27 21:49:39,717.06,W,visa,debit,gmail.com,,MAD
9000751,2025-02-27 22:57:15,567.46,W,visa,credit,gmail.com,,MAD
9000671,2025-02-27 23:26:17,217.48,W,mastercard,credit,menara.ma,desktop,MAD
9004095,2025-02-27 23:53:47,996.74,W,visa,debit,gmail.com,desktop,MAD
9000959,2025-02-28 02:23:30,499.85,W,mastercard,debit,hotmail.com,mobile,MAD
9000894,2025-02-28 03:55:57,885.39,W,visa,credit,gmail.com,mobile,MAD
9000851,2025-02-28 04:04:46,239.06,W,mastercard,debit,yahoo.fr,,MAD
9003355,2025-02-28 05:02:44,441.56,H,visa,debit,gmail.com,mobile,MAD
9001198,2025-02-28 05:27:07,373.7,W,visa,debit,gmail.com,mobile,MAD
9002824,2025-02-28 05:30:02,467.07,C,visa,debit,gmail.com,mobile,MAD
9000914,2025-02-28 06:21:35,346.19,C,mastercard,debit,menara.ma,,MAD
9003516,2025-02-28 06:54:00,126.12,R,mastercard,credit,yahoo.fr,mobile,MAD
9004921,2025-02-28 07:14:30,267.26,W,visa,credit,gmail.com,mobile,MAD
9001475,2025-02-28 07:19:18,596.96,W,visa,debit,gmail.com,desktop,MAD
9002963,2025-02-28 07:51:22,1553.66,H,discover,credit,tutanota.com,desktop,MAD
9002542,2025-02-28 08:06:10,252.45,C,visa,debit,gmail.com,desktop,MAD
9004137,2025-02-28 08:19:15,2282.11,C,visa,debit,gmail.com,desktop,MAD
9004114,2025-02-28 08:21:48,468.7,W,mastercard,debit,gmail.com,mobile,MAD
9004360,2025-02-28 08:24:21,78.85,W,visa,credit,gmail.com,mobile,MAD
9000609,2025-02-28 09:06:26,392.17,S,american express,credit,gmail.com,desktop,MAD
9003426,2025-02-28 09:08:05,463.24,W,mastercard,debit,outlook.com,desktop,MAD
9002611,2025-02-28 09:12:05,408.13,C,visa,credit,outlook.com,,MAD
9002974,2025-02-28 09:16:51,758.08,R,visa,debit,outlook.com,mobile,MAD
9003685,2025-02-28 09:35:00,92.84,W,visa,debit,gmail.com,mobile,MAD
9003908,2025-02-28 09:40:02,267.85,W,visa,debit,gmail.com,mobile,MAD
9001250,2025-02-28 09:56:39,802.02,W,american express,debit,gmail.com,mobile,MAD
9002536,2025-02-28 09:59:04,75.35,S,mastercard,debit,gmail.com,mobile,MAD
9001746,2025-02-28 10:12:21,611.3,R,visa,debit,gmail.com,desktop,MAD
9000208,2025-02-28 10:34:25,225.78,W,visa,debit,gmail.com,mobile,MAD
9000417,2025-02-28 10:34:26,557.79,W,visa,debit,gmail.com,desktop,MAD
9004136,2025-02-28 10:48:38,1191.65,W,visa,debit,gmail.com,mobile,MAD
9002170,2025-02-28 10:50:54,385.41,C,mastercard,debit,outlook.com,desktop,MAD
9004364,2025-02-28 11:01:40,1480.56,C,visa,credit,menara.ma,desktop,MAD
9001567,2025-02-28 11:06:34,1066.87,W,mastercard,debit,menara.ma,mobile,MAD
9003789,2025-02-28 11:10:24,91.25,W,visa,debit,gmail.com,desktop,MAD
9002840,2025-02-28 11:44:50,139.39,S,mastercard,debit,menara.ma,mobile,MAD
9000861,2025-02-28 11:47:39,568.8,W,american express,credit,gmail.com,mobile,MAD
9004835,2025-02-28 12:17:32,415.4,R,visa,credit,gmail.com,,MAD
9003663,2025-02-28 12:26:08,194.73,S,visa,debit,gmail.com,,MAD
9000046,2025-02-28 12:27:43,415.41,W,mastercard,debit,gmail.com,mobile,MAD
9002579,2025-02-28 12:51:43,433.58,W,visa,credit,yahoo.fr,desktop,MAD
9002627,2025-02-28 13:00:20,807.95,W,visa,debit,gmail.com,,MAD
9003283,2025-02-28 13:01:54,394.66,S,visa,credit,gmail.com,mobile,MAD
9002230,2025-02-28 13:06:54,334.43,C,mastercard,credit,gmail.com,mobile,MAD
9004077,2025-02-28 13:14:31,128.36,W,mastercard,debit,gmail.com,desktop,MAD
9002132,2025-02-28 13:22:04,544.99,W,mastercard,credit,hotmail.com,mobile,MAD
9001649,2025-02-28 13:29:10,412.02,W,american express,debit,gmail.com,mobile,MAD
9000012,2025-02-28 13:44:08,501.3,W,mastercard,credit,gmail.com,desktop,MAD
9001797,2025-02-28 13:52:19,778.59,W,visa,debit,gmail.com,mobile,MAD
9000064,2025-02-28 14:05:13,707.63,W,mastercard,debit,menara.ma,mobile,MAD
9004090,2025-02-28 14:35:51,400.72,W,visa,debit,gmail.com,,MAD
9004154,2025-02-28 15:08:41,307.76,W,visa,credit,outlook.com,mobile,MAD
9001233,2025-02-28 15:13:30,146.63,W,visa,debit,gmail.com,mobile,MAD
9001955,2025-02-28 15:27:22,604.1,R,mastercard,credit,gmail.com,desktop,MAD
9004325,2025-02-28 15:35:27,1503.05,W,mastercard,debit,hotmail.com,mobile,MAD
9002690,2025-02-28 15:46:43,212.57,C,visa,debit,yahoo.fr,mobile,MAD
9004317,2025-02-28 16:42:26,648.39,C,visa,debit,gmail.com,mobile,MAD
9003689,2025-02-28 16:42:53,166.83,W,visa,debit,gmail.com,mobile,MAD
9002806,2025-02-28 16:47:02,159.89,W,visa,debit,hotmail.com,mobile,MAD
9002388,2025-02-28 17:02:07,92.2,C,mastercard,credit,hotmail.com,mobile,MAD
9000947,2025-02-28 17:42:50,140.89,S,visa,debit,outlook.com,mobile,MAD
9003949,2025-02-28 17:54:55,103.25,S,visa,credit,hotmail.com,desktop,MAD
9003270,2025-02-28 18:01:33,97.88,H,mastercard,debit,menara.ma,mobile,MAD
9002270,2025-02-28 18:06:28,297.53,W,mastercard,debit,gmail.com,desktop,MAD
9000141,2025-02-28 18:06:50,228.0,W,mastercard,debit,gmail.com,mobile,MAD
9003912,2025-02-28 18:08:15,559.79,W,visa,debit,gmail.com,mobile,MAD
9001381,2025-02-28 18:11:21,957.22,C,visa,credit,gmail.com,mobile,MAD
9003511,2025-02-28 18:11:40,2099.81,W,visa,debit,outlook.com,mobile,MAD
9000355,2025-02-28 18:33:37,604.39,W,mastercard,credit,yahoo.fr,mobile,MAD
9000797,2025-02-28 18:45:58,578.63,W,mastercard,debit,gmail.com,mobile,MAD
9002750,2025-02-28 19:01:21,179.95,W,mastercard,debit,yahoo.fr,mobile,MAD
9003944,2025-02-28 19:05:49,260.15,W,visa,debit,gmail.com,mobile,MAD
9002555,2025-02-28 19:09:09,454.53,S,visa,debit,gmail.com,mobile,MAD
9004582,2025-02-28 19:14:12,936.28,W,visa,debit,menara.ma,mobile,MAD
9002599,2025-02-28 19:17:58,331.73,C,visa,debit,gmail.com,desktop,MAD
9004793,2025-02-28 19:32:25,802.3,R,visa,debit,gmail.com,mobile,MAD
9002880,2025-02-28 19:56:00,296.93,W,mastercard,debit,menara.ma,,MAD
9004253,2025-02-28 19:56:23,152.53,H,visa,debit,gmail.com,mobile,MAD
9001226,2025-02-28 19:56:47,426.0,W,visa,credit,gmail.com,mobile,MAD
9004089,2025-02-28 20:01:36,234.18,W,visa,debit,gmail.com,desktop,MAD
9003199,2025-02-28 20:16:09,116.5,W,visa,debit,gmail.com,mobile,MAD
9004761,2025-02-28 20:56:31,1418.16,W,visa,debit,yahoo.fr,mobile,MAD
9001830,2025-02-28 21:05:19,901.21,W,mastercard,debit,menara.ma,mobile,MAD
9002589,2025-02-28 21:34:39,776.42,W,visa,debit,outlook.com,,MAD
9004824,2025-02-28 21:38:02,192.17,R,visa,debit,yahoo.fr,mobile,MAD
9000594,2025-02-28 22:14:35,286.62,W,mastercard,credit,gmail.com,mobile,MAD
9000325,2025-02-28 22:54:16,192.65,W,visa,debit,outlook.com,mobile,MAD
9000441,2025-02-28 23:25:32,232.33,W,american express,debit,gmail.com,mobile,MAD
9000404,2025-02-28 23:31:41,162.88,C,visa,debit,menara.ma,mobile,MAD
9002872,2025-02-28 23:57:30,697.44,W,visa,credit,gmail.com,mobile,MAD
9004123,2025-03-01 00:12:47,220.65,W,visa,debit,gmail.com,desktop,MAD
9004622,2025-03-01 00:18:39,368.6,W,visa,debit,gmail.com,mobile,MAD
9003534,2025-03-01 02:28:11,147.98,R,mastercard,debit,gmail.com,,MAD
9002173,2025-03-01 04:28:56,67.41,W,visa,debit,gmail.com,mobile,MAD
9004963,2025-03-01 05:41:17,370.75,W,visa,credit,hotmail.com,mobile,MAD
9003621,2025-03-01 06:45:37,1240.12,C,mastercard,debit,gmail.com,mobile,MAD
9003746,2025-03-01 07:41:49,575.57,R,mastercard,debit,gmail.com,mobile,MAD
9003412,2025-03-01 07:50:35,411.18,W,mastercard,debit,gmail.com,mobile,MAD
9003219,2025-03-01 07:54:33,137.5,C,mastercard,debit,gmail.com,desktop,MAD
9000265,2025-03-01 07:56:19,328.25,W,visa,debit,menara.ma,,MAD
9000810,2025-03-01 07:57:17,104.97,S,visa,debit,yahoo.fr,,MAD
9002039,2025-03-01 08:01:36,280.34,H,visa,credit,menara.ma,mobile,MAD
9001626,2025-03-01 08:01:51,840.38,W,mastercard,debit,outlook.com,mobile,MAD
9003724,2025-03-01 08:26:49,167.93,H,mastercard,debit,hotmail.com,mobile,MAD
9003726,2025-03-01 08:37:50,222.78,S,visa,credit,gmail.com,desktop,MAD
9004102,2025-03-01 08:55:09,302.24,W,mastercard,credit,gmail.com,,MAD
9000691,2025-03-01 09:00:10,389.65,R,mastercard,debit,yahoo.fr,mobile,MAD
9001570,2025-03-01 09:06:20,887.92,C,visa,credit,yahoo.fr,mobile,MAD
9001707,2025-03-01 09:44:23,125.2,W,visa,credit,gmail.com,desktop,MAD
9000347,2025-03-01 10:36:31,227.11,W,mastercard,credit,hotmail.com,desktop,MAD
9001228,2025-03-01 10:43:39,89.25,H,mastercard,debit,yahoo.fr,desktop,MAD
9004774,2025-03-01 10:44:53,226.02,W,mastercard,credit,gmail.com,,MAD
9004792,2025-03-01 10:49:30,987.47,H,visa,debit,gmail.com,mobile,MAD
9002046,2025-03-01 10:58:03,341.04,H,visa,debit,gmail.com,mobile,MAD
9000511,2025-03-01 11:02:44,451.21,W,visa,debit,yahoo.fr,,MAD
9004601,2025-03-01 11:19:32,711.7,H,mastercard,debit,gmail.com,mobile,MAD
9000820,2025-03-01 11:21:43,481.6,W,visa,debit,gmail.com,desktop,MAD
9000145,2025-03-01 11:36:27,207.25,W,mastercard,debit,gmail.com,desktop,MAD
9003122,2025-03-01 11:51:25,553.77,W,visa,debit,gmail.com,mobile,MAD
9002379,2025-03-01 12:05:21,683.67,H,visa,debit,outlook.com,mobile,MAD
9001169,2025-03-01 12:46:25,81.37,H,visa,credit,yahoo.fr,mobile,MAD
9001559,2025-03-01 12:47:26,55.95,H,visa,debit,gmail.com,desktop,MAD
9001117,2025-03-01 12:53:27,475.86,W,visa,debit,gmail.com,mobile,MAD
9004882,2025-03-01 12:54:11,230.89,H,american express,debit,gmail.com,mobile,MAD
9000401,2025-03-01 12:57:34,230.57,S,mastercard,debit,gmail.com,mobile,MAD
9001962,2025-03-01 13:01:09,524.99,W,visa,debit,outlook.com,,MAD
9002520,2025-03-01 13:11:34,248.58,W,mastercard,credit,outlook.com,desktop,MAD
9003149,2025-03-01 13:11:39,427.46,W,visa,debit,outlook.com,mobile,MAD
9003978,2025-03-01 13:57:23,530.66,S,visa,debit,menara.ma,mobile,MAD
9001336,2025-03-01 13:58:34,348.54,W,mastercard,debit,outlook.com,desktop,MAD
9004524,2025-03-01 14:02:15,1456.47,H,mastercard,debit,yahoo.fr,desktop,MAD
9002653,2025-03-01 14:02:52,193.76,W,visa,debit,hotmail.com,desktop,MAD
9002035,2025-03-01 14:13:50,35.79,W,visa,debit,hotmail.com,desktop,MAD
9001088,2025-03-01 14:27:28,154.2,C,mastercard,debit,gmail.com,mobile,MAD
9002262,2025-03-01 14:30:31,773.32,W,visa,credit,gmail.com,desktop,MAD
9001998,2025-03-01 14:33:23,289.62,W,mastercard,credit,menara.ma,mobile,MAD
9001346,2025-03-01 14:35:32,486.02,W,visa,credit,yahoo.fr,mobile,MAD
9003175,2025-03-01 14:35:52,965.03,W,visa,debit,hotmail.com,mobile,MAD
9001393,2025-03-01 14:43:33,285.28,H,mastercard,debit,hotmail.com,mobile,MAD
9001620,2025-03-01 14:58:13,506.78,W,mastercard,debit,hotmail.com,,MAD
9001676,2025-03-01 15:06:34,1242.71,W,visa,credit,outlook.com,,MAD
9002376,2025-03-01 15:15:23,578.88,W,mastercard,debit,hotmail.com,,MAD
9004296,2025-03-01 15:30:02,550.29,R,visa,debit,yahoo.fr,mobile,MAD
9001203,2025-03-01 15:44:05,1341.47,C,mastercard,debit,gmail.com,mobile,MAD
9002956,2025-03-01 15:55:07,304.24,W,american express,debit,yahoo.fr,mobile,MAD
9004693,2025-03-01 15:59:01,625.3,H,mastercard,credit,gmail.com,,MAD
9003371,2025-03-01 16:07:39,462.08,W,mastercard,debit,gmail.com,mobile,MAD
9002218,2025-03-01 16:15:37,303.76,W,visa,debit,hotmail.com,mobile,MAD
9002617,2025-03-01 16:15:45,664.49,C,visa,debit,yahoo.fr,,MAD
9000772,2025-03-01 16:21:34,394.72,W,visa,debit,gmail.com,desktop,MAD
9000555,2025-03-01 16:25:39,837.72,H,visa,debit,gmail.com,,MAD
9003361,2025-03-01 16:27:14,383.66,W,visa,debit,gmail.com,desktop,MAD
9003593,2025-03-01 16:45:55,857.76,C,discover,debit,tutanota.com,desktop,MAD
9004503,2025-03-01 16:54:54,499.05,W,visa,credit,gmail.com,mobile,MAD
9004266,2025-03-01 17:13:53,470.88,C,visa,credit,outlook.com,,MAD
9003238,2025-03-01 17:37:06,418.87,C,visa,debit,menara.ma,,MAD
9004993,2025-03-01 18:01:17,116.92,W,visa,debit,gmail.com,mobile,MAD
9004652,2025-03-01 18:02:47,1009.85,W,discover,debit,protonmail.com,desktop,MAD
9002755,2025-03-01 18:02:53,264.51,S,visa,debit,gmail.com,,MAD
9001828,2025-03-01 18:17:39,175.32,W,visa,debit,gmail.com,mobile,MAD
9003712,2025-03-01 18:18:38,539.73,C,visa,credit,gmail.com,mobile,MAD
9002803,2025-03-01 18:25:09,219.87,W,mastercard,credit,yahoo.fr,desktop,MAD
9004718,2025-03-01 18:31:06,296.8,H,mastercard,debit,gmail.com,mobile,MAD
9001246,2025-03-01 18:42:37,349.14,W,mastercard,debit,outlook.com,mobile,MAD
9003279,2025-03-01 18:56:31,458.27,W,visa,debit,gmail.com,,MAD
9003779,2025-03-01 18:58:38,142.41,W,visa,debit,gmail.com,mobile,MAD
9003158,2025-03-01 19:01:49,313.9,W,mastercard,credit,outlook.com,mobile,MAD
9000161,2025-03-01 19:08:28,164.88,W,visa,debit,hotmail.com,mobile,MAD
9001082,2025-03-01 19:10:13,676.04,C,visa,debit,gmail.com,mobile,MAD
9003785,2025-03-01 19:15:05,364.16,R,mastercard,debit,gmail.com,desktop,MAD
9004216,2025-03-01 19:31:40,165.23,W,mastercard,credit,outlook.com,mobile,MAD
9004135,2025-03-01 19:40:23,364.17,H,visa,debit,gmail.com,mobile,MAD
9001056,2025-03-01 19:43:46,305.52,H,mastercard,debit,gmail.com,desktop,MAD
9004422,2025-03-01 19:48:47,150.28,C,visa,debit,gmail.com,mobile,MAD
9003404,2025-03-01 19:57:44,425.24,C,visa,debit,yahoo.fr,mobile,MAD
9002768,2025-03-01 20:01:28,753.04,W,visa,debit,gmail.com,mobile,MAD
9003207,2025-03-01 20:15:16,1312.08,W,american express,credit,gmail.com,mobile,MAD
9001422,2025-03-01 20:25:43,114.13,W,visa,credit,hotmail.com,desktop,MAD
9001747,2025-03-01 20:53:15,114.67,W,mastercard,credit,gmail.com,mobile,MAD
9002260,2025-03-01 21:51:52,230.23,H,visa,credit,gmail.com,mobile,MAD
9000356,2025-03-01 21:57:49,330.56,C,mastercard,debit,hotmail.com,mobile,MAD
9003649,2025-03-01 21:58:19,243.33,W,visa,debit,gmail.com,,MAD
9003748,2025-03-01 22:58:07,140.5,W,visa,debit,yahoo.fr,mobile,MAD
9001457,2025-03-01 23:01:19,84.08,W,visa,debit,yahoo.fr,mobile,MAD
9004521,2025-03-01 23:30:23,1581.23,W,visa,debit,gmail.com,desktop,MAD
